ROW ('X', 'X', 'X', 'X', 'V', 'O1') [(4, 5)] slack 2 faces [] twoF [] partners {4: 5}
ROW ('X', 'X', 'X', 'X', 'V', 'O1b') [(4, 5)] slack 0 faces [] twoF [] partners {4: 5}
ROW ('X', 'X', 'X', 'F', 'F', 'O0') [(3, 4), (3, 5), (4, 5)] slack 0 faces [(3, 4, 5)] twoF [(3, 4, 5)] partners {}
ROW ('X', 'X', 'X', 'F', 'O1', 'O1') [(3, 4), (3, 5)] slack 0 faces [(3, 4, 5)] twoF [] partners {}
ROW ('X', 'X', 'X', 'F', 'O1b', 'O1b') [(3, 4), (3, 5), (4, 5)] slack 0 faces [(3, 4, 5)] twoF [] partners {}
ROW ('X', 'X', 'X', 'V', 'O1', 'O1') [(3, 4), (3, 5)] slack 0 faces [] twoF [] partners {3: 4}
ROW ('X', 'X', 'X', 'V', 'O1', 'O1b') [(3, 5), (4, 5)] slack 0 faces [] twoF [] partners {3: 5}
ROW ('X', 'X', 'F', 'F', 'V', 'O0') [(2, 3), (2, 5), (3, 5), (4, 5)] slack 1 faces [(2, 3, 5)] twoF [(2, 3, 5)] partners {4: 5}
ROW ('X', 'X', 'F', 'F', 'O1', 'O1b') [(2, 3), (2, 5), (3, 5), (4, 5)] slack 2 faces [(2, 3, 5)] twoF [(2, 3, 5)] partners {}
ROW ('X', 'X', 'F', 'F', 'O1', 'O0') [(2, 3), (2, 5), (3, 5), (4, 5)] slack 0 faces [(2, 3, 5)] twoF [(2, 3, 5)] partners {}
ROW ('X', 'X', 'F', 'F', 'O1b', 'O1b') [(2, 4), (2, 5), (3, 4), (3, 5)] slack 0 faces [(2, 4, 5), (3, 4, 5)] twoF [] partners {}
ROW ('X', 'X', 'F', 'F', 'O1b', 'O1b') [(2, 3), (2, 4), (3, 4), (4, 5)] slack 1 faces [(2, 3, 4)] twoF [(2, 3, 4)] partners {}
ROW ('X', 'X', 'F', 'F', 'O1b', 'O1b') [(2, 3), (2, 5), (3, 5), (4, 5)] slack 1 faces [(2, 3, 5)] twoF [(2, 3, 5)] partners {}
ROW ('X', 'X', 'F', 'F', 'O1b', 'O1b') [(2, 4), (2, 5), (3, 4), (3, 5), (4, 5)] slack 2 faces [(2, 4, 5), (3, 4, 5)] twoF [] partners {}
ROW ('X', 'X', 'F', 'F', 'O1b', 'O0') [(2, 4), (2, 5), (3, 4), (3, 5), (4, 5)] slack 0 faces [(2, 4, 5), (3, 4, 5)] twoF [] partners {}
ROW ('X', 'X', 'F', 'V', 'O1', 'O1') [(2, 3), (2, 5), (3, 4)] slack 0 faces [(2, 3, 5)] twoF [] partners {3: 4}
ROW ('X', 'X', 'F', 'V', 'O1', 'O1') [(2, 3), (2, 4), (3, 5)] slack 0 faces [(2, 3, 4)] twoF [] partners {3: 5}
ROW ('X', 'X', 'F', 'V', 'O1', 'O1b') [(2, 4), (2, 5), (3, 5)] slack 0 faces [(2, 4, 5)] twoF [] partners {3: 5}
ROW ('X', 'X', 'F', 'V', 'O1b', 'O1b') [(2, 4), (2, 5), (3, 4), (4, 5)] slack 1 faces [(2, 4, 5)] twoF [] partners {3: 4}
ROW ('X', 'X', 'F', 'V', 'O1b', 'O1b') [(2, 4), (2, 5), (3, 5), (4, 5)] slack 1 faces [(2, 4, 5)] twoF [] partners {3: 5}
ROW ('X', 'X', 'F', 'O1', 'O1b', 'O1b') [(2, 4), (2, 5), (3, 4), (4, 5)] slack 0 faces [(2, 4, 5)] twoF [] partners {}
ROW ('X', 'X', 'F', 'O1', 'O1b', 'O1b') [(2, 4), (2, 5), (3, 5), (4, 5)] slack 0 faces [(2, 4, 5)] twoF [] partners {}
ROW ('X', 'X', 'F', 'O1b', 'O1b', 'O1b') [(2, 3), (2, 4), (3, 4), (3, 5), (4, 5)] slack 0 faces [(2, 3, 4), (3, 4, 5)] twoF [] partners {}
ROW ('X', 'X', 'F', 'O1b', 'O1b', 'O1b') [(2, 3), (2, 5), (3, 4), (3, 5), (4, 5)] slack 0 faces [(2, 3, 5), (3, 4, 5)] twoF [] partners {}
ROW ('X', 'X', 'F', 'O1b', 'O1b', 'O1b') [(2, 4), (2, 5), (3, 4), (3, 5), (4, 5)] slack 0 faces [(2, 4, 5), (3, 4, 5)] twoF [] partners {}
ROW ('X', 'X', 'V', 'V', 'O1', 'O1') [(2, 5), (3, 4)] slack 1 faces [] twoF [] partners {2: 5, 3: 4}
ROW ('X', 'X', 'V', 'V', 'O1', 'O1') [(2, 3), (2, 5), (3, 4)] slack 0 faces [] twoF [] partners {2: 5, 3: 4}
ROW ('X', 'X', 'V', 'V', 'O1', 'O1') [(2, 4), (3, 5)] slack 1 faces [] twoF [] partners {2: 4, 3: 5}
ROW ('X', 'X', 'V', 'V', 'O1', 'O1') [(2, 3), (2, 4), (3, 5)] slack 0 faces [] twoF [] partners {2: 4, 3: 5}
ROW ('X', 'X', 'V', 'V', 'O1', 'O1b') [(2, 4), (2, 5), (3, 5)] slack 0 faces [] twoF [] partners {2: 4, 3: 5}
ROW ('X', 'X', 'V', 'V', 'O1', 'O1b') [(2, 5), (3, 4), (3, 5)] slack 0 faces [] twoF [] partners {2: 5, 3: 4}
ROW ('X', 'X', 'V', 'V', 'O1b', 'O1b') [(2, 4), (2, 5), (3, 4), (3, 5)] slack 0 faces [] twoF [] partners {2: 4, 3: 5}
ROW ('X', 'X', 'V', 'V', 'O1b', 'O1b') [(2, 5), (3, 4), (4, 5)] slack 0 faces [] twoF [] partners {2: 5, 3: 4}
ROW ('X', 'X', 'V', 'V', 'O1b', 'O1b') [(2, 4), (3, 5), (4, 5)] slack 0 faces [] twoF [] partners {2: 4, 3: 5}
ROW ('X', 'X', 'V', 'O1', 'O1', 'O1b') [(2, 5), (3, 5), (4, 5)] slack 0 faces [] twoF [] partners {2: 5}
ROW ('X', 'X', 'C', 'O1', 'O1', 'O1') [(2, 3), (2, 4), (2, 5)] slack 0 faces [] twoF [] partners {}
ROW ('X', 'F', 'F', 'F', 'F', 'O1b') [(1, 4), (1, 5), (2, 3), (2, 5), (3, 5), (4, 5)] slack 4 faces [(1, 4, 5), (2, 3, 5)] twoF [(1, 4, 5), (2, 3, 5)] partners {}
ROW ('X', 'F', 'F', 'F', 'F', 'O1b') [(1, 3), (1, 5), (2, 4), (2, 5), (3, 5), (4, 5)] slack 4 faces [(1, 3, 5), (2, 4, 5)] twoF [(1, 3, 5), (2, 4, 5)] partners {}
ROW ('X', 'F', 'F', 'F', 'F', 'O1b') [(1, 2), (1, 5), (2, 5), (3, 4), (3, 5), (4, 5)] slack 4 faces [(1, 2, 5), (3, 4, 5)] twoF [(1, 2, 5), (3, 4, 5)] partners {}
ROW ('X', 'F', 'F', 'F', 'F', 'O0') [(1, 4), (1, 5), (2, 3), (2, 5), (3, 5), (4, 5)] slack 2 faces [(1, 4, 5), (2, 3, 5)] twoF [(1, 4, 5), (2, 3, 5)] partners {}
ROW ('X', 'F', 'F', 'F', 'F', 'O0') [(1, 3), (1, 5), (2, 4), (2, 5), (3, 5), (4, 5)] slack 2 faces [(1, 3, 5), (2, 4, 5)] twoF [(1, 3, 5), (2, 4, 5)] partners {}
ROW ('X', 'F', 'F', 'F', 'F', 'O0') [(1, 2), (1, 5), (2, 5), (3, 4), (3, 5), (4, 5)] slack 2 faces [(1, 2, 5), (3, 4, 5)] twoF [(1, 2, 5), (3, 4, 5)] partners {}
ROW ('X', 'F', 'F', 'F', 'O1', 'O1b') [(1, 4), (1, 5), (2, 3), (2, 5), (3, 5)] slack 1 faces [(1, 4, 5), (2, 3, 5)] twoF [(2, 3, 5)] partners {}
ROW ('X', 'F', 'F', 'F', 'O1', 'O1b') [(1, 3), (1, 5), (2, 4), (2, 5), (3, 5)] slack 1 faces [(1, 3, 5), (2, 4, 5)] twoF [(1, 3, 5)] partners {}
ROW ('X', 'F', 'F', 'F', 'O1', 'O1b') [(1, 2), (1, 5), (2, 5), (3, 4), (3, 5)] slack 1 faces [(1, 2, 5), (3, 4, 5)] twoF [(1, 2, 5)] partners {}
ROW ('X', 'F', 'F', 'F', 'O1b', 'O1b') [(1, 4), (1, 5), (2, 3), (2, 4), (3, 4)] slack 0 faces [(1, 4, 5), (2, 3, 4)] twoF [(2, 3, 4)] partners {}
ROW ('X', 'F', 'F', 'F', 'O1b', 'O1b') [(1, 2), (1, 3), (1, 4), (1, 5), (2, 5), (3, 4)] slack 0 faces [(1, 2, 5), (1, 3, 4)] twoF [(1, 2, 5), (1, 3, 4)] partners {}
ROW ('X', 'F', 'F', 'F', 'O1b', 'O1b') [(1, 3), (1, 4), (2, 4), (2, 5), (3, 4)] slack 0 faces [(1, 3, 4), (2, 4, 5)] twoF [(1, 3, 4)] partners {}
ROW ('X', 'F', 'F', 'F', 'O1b', 'O1b') [(1, 2), (1, 5), (2, 3), (2, 4), (2, 5), (3, 4)] slack 0 faces [(1, 2, 5), (2, 3, 4)] twoF [(1, 2, 5), (2, 3, 4)] partners {}
ROW ('X', 'F', 'F', 'F', 'O1b', 'O1b') [(1, 2), (1, 3), (1, 4), (1, 5), (2, 4), (3, 5)] slack 0 faces [(1, 2, 4), (1, 3, 5)] twoF [(1, 2, 4), (1, 3, 5)] partners {}
ROW ('X', 'F', 'F', 'F', 'O1b', 'O1b') [(1, 4), (1, 5), (2, 3), (2, 5), (3, 5)] slack 0 faces [(1, 4, 5), (2, 3, 5)] twoF [(2, 3, 5)] partners {}
ROW ('X', 'F', 'F', 'F', 'O1b', 'O1b') [(1, 3), (1, 5), (2, 4), (2, 5), (3, 5)] slack 0 faces [(1, 3, 5), (2, 4, 5)] twoF [(1, 3, 5)] partners {}
ROW ('X', 'F', 'F', 'F', 'O1b', 'O1b') [(1, 2), (1, 4), (2, 3), (2, 4), (2, 5), (3, 5)] slack 0 faces [(1, 2, 4), (2, 3, 5)] twoF [(1, 2, 4), (2, 3, 5)] partners {}
ROW ('X', 'F', 'F', 'F', 'O1b', 'O1b') [(1, 2), (1, 4), (2, 4), (3, 4), (3, 5)] slack 0 faces [(1, 2, 4), (3, 4, 5)] twoF [(1, 2, 4)] partners {}
ROW ('X', 'F', 'F', 'F', 'O1b', 'O1b') [(1, 3), (1, 5), (2, 3), (2, 4), (3, 4), (3, 5)] slack 0 faces [(1, 3, 5), (2, 3, 4)] twoF [(1, 3, 5), (2, 3, 4)] partners {}
ROW ('X', 'F', 'F', 'F', 'O1b', 'O1b') [(1, 2), (1, 5), (2, 5), (3, 4), (3, 5)] slack 0 faces [(1, 2, 5), (3, 4, 5)] twoF [(1, 2, 5)] partners {}
ROW ('X', 'F', 'F', 'F', 'O1b', 'O1b') [(1, 3), (1, 4), (2, 3), (2, 5), (3, 4), (3, 5)] slack 0 faces [(1, 3, 4), (2, 3, 5)] twoF [(1, 3, 4), (2, 3, 5)] partners {}
ROW ('X', 'F', 'F', 'F', 'O1b', 'O1b') [(1, 4), (1, 5), (2, 3), (2, 4), (3, 4), (4, 5)] slack 2 faces [(1, 4, 5), (2, 3, 4)] twoF [(2, 3, 4)] partners {}
ROW ('X', 'F', 'F', 'F', 'O1b', 'O1b') [(1, 3), (1, 4), (2, 4), (2, 5), (3, 4), (4, 5)] slack 2 faces [(1, 3, 4), (2, 4, 5)] twoF [(1, 3, 4)] partners {}
ROW ('X', 'F', 'F', 'F', 'O1b', 'O1b') [(1, 4), (1, 5), (2, 3), (2, 5), (3, 5), (4, 5)] slack 2 faces [(1, 4, 5), (2, 3, 5)] twoF [(2, 3, 5)] partners {}
ROW ('X', 'F', 'F', 'F', 'O1b', 'O1b') [(1, 3), (1, 5), (2, 4), (2, 5), (3, 5), (4, 5)] slack 2 faces [(1, 3, 5), (2, 4, 5)] twoF [(1, 3, 5)] partners {}
ROW ('X', 'F', 'F', 'F', 'O1b', 'O1b') [(1, 2), (1, 4), (2, 4), (3, 4), (3, 5), (4, 5)] slack 2 faces [(1, 2, 4), (3, 4, 5)] twoF [(1, 2, 4)] partners {}
ROW ('X', 'F', 'F', 'F', 'O1b', 'O1b') [(1, 2), (1, 5), (2, 5), (3, 4), (3, 5), (4, 5)] slack 2 faces [(1, 2, 5), (3, 4, 5)] twoF [(1, 2, 5)] partners {}
ROW ('X', 'F', 'F', 'F', 'O1b', 'O0') [(1, 4), (1, 5), (2, 3), (2, 4), (3, 4), (4, 5)] slack 0 faces [(1, 4, 5), (2, 3, 4)] twoF [(2, 3, 4)] partners {}
ROW ('X', 'F', 'F', 'F', 'O1b', 'O0') [(1, 3), (1, 4), (2, 4), (2, 5), (3, 4), (4, 5)] slack 0 faces [(1, 3, 4), (2, 4, 5)] twoF [(1, 3, 4)] partners {}
ROW ('X', 'F', 'F', 'F', 'O1b', 'O0') [(1, 4), (1, 5), (2, 3), (2, 5), (3, 5), (4, 5)] slack 0 faces [(1, 4, 5), (2, 3, 5)] twoF [(2, 3, 5)] partners {}
ROW ('X', 'F', 'F', 'F', 'O1b', 'O0') [(1, 3), (1, 5), (2, 4), (2, 5), (3, 5), (4, 5)] slack 0 faces [(1, 3, 5), (2, 4, 5)] twoF [(1, 3, 5)] partners {}
ROW ('X', 'F', 'F', 'F', 'O1b', 'O0') [(1, 2), (1, 4), (2, 4), (3, 4), (3, 5), (4, 5)] slack 0 faces [(1, 2, 4), (3, 4, 5)] twoF [(1, 2, 4)] partners {}
ROW ('X', 'F', 'F', 'F', 'O1b', 'O0') [(1, 2), (1, 5), (2, 5), (3, 4), (3, 5), (4, 5)] slack 0 faces [(1, 2, 5), (3, 4, 5)] twoF [(1, 2, 5)] partners {}
ROW ('X', 'F', 'F', 'V', 'V', 'O0') [(1, 2), (1, 5), (2, 5), (3, 5), (4, 5)] slack 1 faces [(1, 2, 5)] twoF [(1, 2, 5)] partners {3: 5, 4: 5}
ROW ('X', 'F', 'F', 'V', 'O1', 'O1b') [(1, 2), (1, 5), (2, 5), (3, 4), (3, 5)] slack 1 faces [(1, 2, 5)] twoF [(1, 2, 5)] partners {3: 4}
ROW ('X', 'F', 'F', 'V', 'O1', 'O1b') [(1, 3), (1, 5), (2, 3), (2, 5), (3, 4), (3, 5)] slack 1 faces [(1, 3, 5), (2, 3, 5)] twoF [] partners {3: 4}
ROW ('X', 'F', 'F', 'V', 'O1', 'O0') [(1, 2), (1, 5), (2, 5), (3, 5), (4, 5)] slack 0 faces [(1, 2, 5)] twoF [(1, 2, 5)] partners {3: 5}
ROW ('X', 'F', 'F', 'V', 'O1b', 'O1b') [(1, 4), (1, 5), (2, 4), (2, 5), (3, 4)] slack 0 faces [(1, 4, 5), (2, 4, 5)] twoF [] partners {3: 4}
ROW ('X', 'F', 'F', 'V', 'O1b', 'O1b') [(1, 4), (1, 5), (2, 4), (2, 5), (3, 5)] slack 0 faces [(1, 4, 5), (2, 4, 5)] twoF [] partners {3: 5}
ROW ('X', 'F', 'F', 'V', 'O1b', 'O1b') [(1, 4), (1, 5), (2, 4), (2, 5), (3, 4), (3, 5)] slack 0 faces [(1, 4, 5), (2, 4, 5)] twoF [] partners {3: 4}
ROW ('X', 'F', 'F', 'V', 'O1b', 'O1b') [(1, 2), (1, 5), (2, 5), (3, 4), (4, 5)] slack 1 faces [(1, 2, 5)] twoF [(1, 2, 5)] partners {3: 4}
ROW ('X', 'F', 'F', 'V', 'O1b', 'O1b') [(1, 4), (1, 5), (2, 3), (2, 5), (3, 4), (4, 5)] slack 0 faces [(1, 4, 5), (2, 3, 5)] twoF [] partners {3: 4}
ROW ('X', 'F', 'F', 'V', 'O1b', 'O1b') [(1, 3), (1, 5), (2, 4), (2, 5), (3, 4), (4, 5)] slack 0 faces [(1, 3, 5), (2, 4, 5)] twoF [] partners {3: 4}
ROW ('X', 'F', 'F', 'V', 'O1b', 'O1b') [(1, 4), (1, 5), (2, 4), (2, 5), (3, 4), (4, 5)] slack 2 faces [(1, 4, 5), (2, 4, 5)] twoF [] partners {3: 4}
ROW ('X', 'F', 'F', 'V', 'O1b', 'O1b') [(1, 2), (1, 4), (2, 4), (3, 5), (4, 5)] slack 1 faces [(1, 2, 4)] twoF [(1, 2, 4)] partners {3: 5}
ROW ('X', 'F', 'F', 'V', 'O1b', 'O1b') [(1, 4), (1, 5), (2, 3), (2, 4), (3, 5), (4, 5)] slack 0 faces [(1, 4, 5), (2, 3, 4)] twoF [] partners {3: 5}
ROW ('X', 'F', 'F', 'V', 'O1b', 'O1b') [(1, 3), (1, 4), (2, 4), (2, 5), (3, 5), (4, 5)] slack 0 faces [(1, 3, 4), (2, 4, 5)] twoF [] partners {3: 5}
ROW ('X', 'F', 'F', 'V', 'O1b', 'O1b') [(1, 4), (1, 5), (2, 4), (2, 5), (3, 5), (4, 5)] slack 2 faces [(1, 4, 5), (2, 4, 5)] twoF [] partners {3: 5}
ROW ('X', 'F', 'F', 'V', 'O1b', 'O0') [(1, 4), (1, 5), (2, 4), (2, 5), (3, 4), (4, 5)] slack 0 faces [(1, 4, 5), (2, 4, 5)] twoF [] partners {3: 4}
ROW ('X', 'F', 'F', 'V', 'O1b', 'O0') [(1, 4), (1, 5), (2, 4), (2, 5), (3, 5), (4, 5)] slack 0 faces [(1, 4, 5), (2, 4, 5)] twoF [] partners {3: 5}
ROW ('X', 'F', 'F', 'O1', 'O1', 'O1b') [(1, 2), (1, 5), (2, 5), (3, 5)] slack 0 faces [(1, 2, 5)] twoF [(1, 2, 5)] partners {}
ROW ('X', 'F', 'F', 'O1', 'O1', 'O1b') [(1, 2), (1, 5), (2, 5), (4, 5)] slack 0 faces [(1, 2, 5)] twoF [(1, 2, 5)] partners {}
ROW ('X', 'F', 'F', 'O1', 'O1', 'O1b') [(1, 2), (1, 5), (2, 5), (3, 5), (4, 5)] slack 1 faces [(1, 2, 5)] twoF [(1, 2, 5)] partners {}
ROW ('X', 'F', 'F', 'O1', 'O1b', 'O1b') [(1, 4), (1, 5), (2, 4), (2, 5), (4, 5)] slack 0 faces [(1, 4, 5), (2, 4, 5)] twoF [] partners {}
ROW ('X', 'F', 'F', 'O1', 'O1b', 'O1b') [(1, 2), (1, 4), (2, 4), (3, 4), (4, 5)] slack 0 faces [(1, 2, 4)] twoF [(1, 2, 4)] partners {}
ROW ('X', 'F', 'F', 'O1', 'O1b', 'O1b') [(1, 2), (1, 5), (2, 5), (3, 4), (4, 5)] slack 0 faces [(1, 2, 5)] twoF [(1, 2, 5)] partners {}
ROW ('X', 'F', 'F', 'O1', 'O1b', 'O1b') [(1, 4), (1, 5), (2, 4), (2, 5), (3, 4), (4, 5)] slack 1 faces [(1, 4, 5), (2, 4, 5)] twoF [] partners {}
ROW ('X', 'F', 'F', 'O1', 'O1b', 'O1b') [(1, 2), (1, 4), (2, 4), (3, 5), (4, 5)] slack 0 faces [(1, 2, 4)] twoF [(1, 2, 4)] partners {}
ROW ('X', 'F', 'F', 'O1', 'O1b', 'O1b') [(1, 2), (1, 5), (2, 5), (3, 5), (4, 5)] slack 0 faces [(1, 2, 5)] twoF [(1, 2, 5)] partners {}
ROW ('X', 'F', 'F', 'O1', 'O1b', 'O1b') [(1, 4), (1, 5), (2, 4), (2, 5), (3, 5), (4, 5)] slack 1 faces [(1, 4, 5), (2, 4, 5)] twoF [] partners {}
ROW ('X', 'F', 'F', 'O1b', 'O1b', 'O1b') [(1, 3), (1, 4), (2, 3), (2, 4), (3, 4), (3, 5)] slack 0 faces [(1, 3, 4), (2, 3, 4)] twoF [] partners {}
ROW ('X', 'F', 'F', 'O1b', 'O1b', 'O1b') [(1, 3), (1, 5), (2, 3), (2, 4), (3, 4), (3, 5)] slack 0 faces [(1, 3, 5), (2, 3, 4)] twoF [] partners {}
ROW ('X', 'F', 'F', 'O1b', 'O1b', 'O1b') [(1, 3), (1, 4), (2, 3), (2, 5), (3, 4), (3, 5)] slack 0 faces [(1, 3, 4), (2, 3, 5)] twoF [] partners {}
ROW ('X', 'F', 'F', 'O1b', 'O1b', 'O1b') [(1, 3), (1, 5), (2, 3), (2, 5), (3, 4), (3, 5)] slack 0 faces [(1, 3, 5), (2, 3, 5)] twoF [] partners {}
ROW ('X', 'F', 'F', 'O1b', 'O1b', 'O1b') [(1, 3), (1, 4), (2, 3), (2, 4), (3, 4), (4, 5)] slack 0 faces [(1, 3, 4), (2, 3, 4)] twoF [] partners {}
ROW ('X', 'F', 'F', 'O1b', 'O1b', 'O1b') [(1, 4), (1, 5), (2, 3), (2, 4), (3, 4), (4, 5)] slack 0 faces [(1, 4, 5), (2, 3, 4)] twoF [] partners {}
ROW ('X', 'F', 'F', 'O1b', 'O1b', 'O1b') [(1, 3), (1, 4), (2, 4), (2, 5), (3, 4), (4, 5)] slack 0 faces [(1, 3, 4), (2, 4, 5)] twoF [] partners {}
ROW ('X', 'F', 'F', 'O1b', 'O1b', 'O1b') [(1, 4), (1, 5), (2, 4), (2, 5), (3, 4), (4, 5)] slack 0 faces [(1, 4, 5), (2, 4, 5)] twoF [] partners {}
ROW ('X', 'F', 'F', 'O1b', 'O1b', 'O1b') [(1, 3), (1, 5), (2, 3), (2, 5), (3, 5), (4, 5)] slack 0 faces [(1, 3, 5), (2, 3, 5)] twoF [] partners {}
ROW ('X', 'F', 'F', 'O1b', 'O1b', 'O1b') [(1, 4), (1, 5), (2, 3), (2, 5), (3, 5), (4, 5)] slack 0 faces [(1, 4, 5), (2, 3, 5)] twoF [] partners {}
ROW ('X', 'F', 'F', 'O1b', 'O1b', 'O1b') [(1, 3), (1, 5), (2, 4), (2, 5), (3, 5), (4, 5)] slack 0 faces [(1, 3, 5), (2, 4, 5)] twoF [] partners {}
ROW ('X', 'F', 'F', 'O1b', 'O1b', 'O1b') [(1, 4), (1, 5), (2, 4), (2, 5), (3, 5), (4, 5)] slack 0 faces [(1, 4, 5), (2, 4, 5)] twoF [] partners {}
ROW ('X', 'F', 'F', 'O1b', 'O1b', 'O1b') [(1, 2), (1, 3), (2, 3), (3, 4), (3, 5), (4, 5)] slack 0 faces [(1, 2, 3), (3, 4, 5)] twoF [(1, 2, 3)] partners {}
ROW ('X', 'F', 'F', 'O1b', 'O1b', 'O1b') [(1, 2), (1, 4), (2, 4), (3, 4), (3, 5), (4, 5)] slack 0 faces [(1, 2, 4), (3, 4, 5)] twoF [(1, 2, 4)] partners {}
ROW ('X', 'F', 'F', 'O1b', 'O1b', 'O1b') [(1, 3), (1, 5), (2, 3), (2, 4), (3, 4), (3, 5), (4, 5)] slack 1 faces [(1, 3, 5), (2, 3, 4), (3, 4, 5)] twoF [] partners {}
ROW ('X', 'F', 'F', 'O1b', 'O1b', 'O1b') [(1, 4), (1, 5), (2, 3), (2, 4), (3, 4), (3, 5), (4, 5)] slack 1 faces [(1, 4, 5), (2, 3, 4), (3, 4, 5)] twoF [] partners {}
ROW ('X', 'F', 'F', 'O1b', 'O1b', 'O1b') [(1, 2), (1, 5), (2, 5), (3, 4), (3, 5), (4, 5)] slack 0 faces [(1, 2, 5), (3, 4, 5)] twoF [(1, 2, 5)] partners {}
ROW ('X', 'F', 'F', 'O1b', 'O1b', 'O1b') [(1, 3), (1, 4), (2, 3), (2, 5), (3, 4), (3, 5), (4, 5)] slack 1 faces [(1, 3, 4), (2, 3, 5), (3, 4, 5)] twoF [] partners {}
ROW ('X', 'F', 'F', 'O1b', 'O1b', 'O1b') [(1, 4), (1, 5), (2, 3), (2, 5), (3, 4), (3, 5), (4, 5)] slack 1 faces [(1, 4, 5), (2, 3, 5), (3, 4, 5)] twoF [] partners {}
ROW ('X', 'F', 'F', 'O1b', 'O1b', 'O1b') [(1, 3), (1, 4), (2, 4), (2, 5), (3, 4), (3, 5), (4, 5)] slack 1 faces [(1, 3, 4), (2, 4, 5), (3, 4, 5)] twoF [] partners {}
ROW ('X', 'F', 'F', 'O1b', 'O1b', 'O1b') [(1, 3), (1, 5), (2, 4), (2, 5), (3, 4), (3, 5), (4, 5)] slack 1 faces [(1, 3, 5), (2, 4, 5), (3, 4, 5)] twoF [] partners {}
ROW ('X', 'F', 'V', 'V', 'O1b', 'O1b') [(1, 4), (1, 5), (2, 4), (2, 5), (3, 4), (3, 5)] slack 0 faces [(1, 4, 5)] twoF [] partners {2: 4, 3: 5}
ROW ('X', 'F', 'V', 'V', 'O1b', 'O1b') [(1, 4), (1, 5), (2, 5), (3, 4), (4, 5)] slack 1 faces [(1, 4, 5)] twoF [] partners {2: 5, 3: 4}
ROW ('X', 'F', 'V', 'V', 'O1b', 'O1b') [(1, 4), (1, 5), (2, 3), (2, 5), (3, 4), (4, 5)] slack 0 faces [(1, 4, 5)] twoF [] partners {2: 5, 3: 4}
ROW ('X', 'F', 'V', 'V', 'O1b', 'O1b') [(1, 4), (1, 5), (2, 4), (3, 5), (4, 5)] slack 1 faces [(1, 4, 5)] twoF [] partners {2: 4, 3: 5}
ROW ('X', 'F', 'V', 'V', 'O1b', 'O1b') [(1, 4), (1, 5), (2, 3), (2, 4), (3, 5), (4, 5)] slack 0 faces [(1, 4, 5)] twoF [] partners {2: 4, 3: 5}
ROW ('X', 'F', 'V', 'O1', 'O1b', 'O1b') [(1, 4), (1, 5), (2, 4), (3, 4), (4, 5)] slack 0 faces [(1, 4, 5)] twoF [] partners {2: 4}
ROW ('X', 'F', 'V', 'O1', 'O1b', 'O1b') [(1, 4), (1, 5), (2, 5), (3, 4), (4, 5)] slack 0 faces [(1, 4, 5)] twoF [] partners {2: 5}
ROW ('X', 'F', 'V', 'O1', 'O1b', 'O1b') [(1, 4), (1, 5), (2, 4), (3, 5), (4, 5)] slack 0 faces [(1, 4, 5)] twoF [] partners {2: 4}
ROW ('X', 'F', 'V', 'O1', 'O1b', 'O1b') [(1, 4), (1, 5), (2, 5), (3, 5), (4, 5)] slack 0 faces [(1, 4, 5)] twoF [] partners {2: 5}
ROW ('X', 'F', 'V', 'O1b', 'O1b', 'O1b') [(1, 3), (1, 4), (2, 3), (3, 4), (3, 5), (4, 5)] slack 0 faces [(1, 3, 4), (3, 4, 5)] twoF [] partners {2: 3}
ROW ('X', 'F', 'V', 'O1b', 'O1b', 'O1b') [(1, 3), (1, 5), (2, 3), (3, 4), (3, 5), (4, 5)] slack 0 faces [(1, 3, 5), (3, 4, 5)] twoF [] partners {2: 3}
ROW ('X', 'F', 'V', 'O1b', 'O1b', 'O1b') [(1, 4), (1, 5), (2, 3), (3, 4), (3, 5), (4, 5)] slack 0 faces [(1, 4, 5), (3, 4, 5)] twoF [] partners {2: 3}
ROW ('X', 'F', 'V', 'O1b', 'O1b', 'O1b') [(1, 3), (1, 4), (2, 4), (3, 4), (3, 5), (4, 5)] slack 0 faces [(1, 3, 4), (3, 4, 5)] twoF [] partners {2: 4}
ROW ('X', 'F', 'V', 'O1b', 'O1b', 'O1b') [(1, 3), (1, 5), (2, 4), (3, 4), (3, 5), (4, 5)] slack 0 faces [(1, 3, 5), (3, 4, 5)] twoF [] partners {2: 4}
ROW ('X', 'F', 'V', 'O1b', 'O1b', 'O1b') [(1, 4), (1, 5), (2, 4), (3, 4), (3, 5), (4, 5)] slack 0 faces [(1, 4, 5), (3, 4, 5)] twoF [] partners {2: 4}
ROW ('X', 'F', 'V', 'O1b', 'O1b', 'O1b') [(1, 3), (1, 4), (2, 5), (3, 4), (3, 5), (4, 5)] slack 0 faces [(1, 3, 4), (3, 4, 5)] twoF [] partners {2: 5}
ROW ('X', 'F', 'V', 'O1b', 'O1b', 'O1b') [(1, 3), (1, 5), (2, 5), (3, 4), (3, 5), (4, 5)] slack 0 faces [(1, 3, 5), (3, 4, 5)] twoF [] partners {2: 5}
ROW ('X', 'F', 'V', 'O1b', 'O1b', 'O1b') [(1, 4), (1, 5), (2, 5), (3, 4), (3, 5), (4, 5)] slack 0 faces [(1, 4, 5), (3, 4, 5)] twoF [] partners {2: 5}
ROW ('F', 'F', 'F', 'F', 'V', 'O0') [(0, 3), (0, 5), (1, 2), (1, 5), (2, 5), (3, 5), (4, 5)] slack 3 faces [(0, 3, 5), (1, 2, 5)] twoF [(0, 3, 5), (1, 2, 5)] partners {4: 5}
ROW ('F', 'F', 'F', 'F', 'V', 'O0') [(0, 2), (0, 5), (1, 3), (1, 5), (2, 5), (3, 5), (4, 5)] slack 3 faces [(0, 2, 5), (1, 3, 5)] twoF [(0, 2, 5), (1, 3, 5)] partners {4: 5}
ROW ('F', 'F', 'F', 'F', 'V', 'O0') [(0, 1), (0, 5), (1, 5), (2, 3), (2, 5), (3, 5), (4, 5)] slack 3 faces [(0, 1, 5), (2, 3, 5)] twoF [(0, 1, 5), (2, 3, 5)] partners {4: 5}
ROW ('F', 'F', 'F', 'F', 'O1', 'O1b') [(0, 3), (0, 5), (1, 2), (1, 5), (2, 5), (3, 5)] slack 3 faces [(0, 3, 5), (1, 2, 5)] twoF [(0, 3, 5), (1, 2, 5)] partners {}
ROW ('F', 'F', 'F', 'F', 'O1', 'O1b') [(0, 2), (0, 5), (1, 3), (1, 5), (2, 5), (3, 5)] slack 3 faces [(0, 2, 5), (1, 3, 5)] twoF [(0, 2, 5), (1, 3, 5)] partners {}
ROW ('F', 'F', 'F', 'F', 'O1', 'O1b') [(0, 1), (0, 5), (1, 5), (2, 3), (2, 5), (3, 5)] slack 3 faces [(0, 1, 5), (2, 3, 5)] twoF [(0, 1, 5), (2, 3, 5)] partners {}
ROW ('F', 'F', 'F', 'F', 'O1', 'O1b') [(0, 3), (0, 5), (1, 2), (1, 5), (2, 5), (3, 5), (4, 5)] slack 4 faces [(0, 3, 5), (1, 2, 5)] twoF [(0, 3, 5), (1, 2, 5)] partners {}
ROW ('F', 'F', 'F', 'F', 'O1', 'O1b') [(0, 2), (0, 5), (1, 3), (1, 5), (2, 5), (3, 5), (4, 5)] slack 4 faces [(0, 2, 5), (1, 3, 5)] twoF [(0, 2, 5), (1, 3, 5)] partners {}
ROW ('F', 'F', 'F', 'F', 'O1', 'O1b') [(0, 1), (0, 5), (1, 5), (2, 3), (2, 5), (3, 5), (4, 5)] slack 4 faces [(0, 1, 5), (2, 3, 5)] twoF [(0, 1, 5), (2, 3, 5)] partners {}
ROW ('F', 'F', 'F', 'F', 'O1', 'O0') [(0, 3), (0, 5), (1, 2), (1, 5), (2, 5), (3, 5)] slack 1 faces [(0, 3, 5), (1, 2, 5)] twoF [(0, 3, 5), (1, 2, 5)] partners {}
ROW ('F', 'F', 'F', 'F', 'O1', 'O0') [(0, 2), (0, 5), (1, 3), (1, 5), (2, 5), (3, 5)] slack 1 faces [(0, 2, 5), (1, 3, 5)] twoF [(0, 2, 5), (1, 3, 5)] partners {}
ROW ('F', 'F', 'F', 'F', 'O1', 'O0') [(0, 1), (0, 5), (1, 5), (2, 3), (2, 5), (3, 5)] slack 1 faces [(0, 1, 5), (2, 3, 5)] twoF [(0, 1, 5), (2, 3, 5)] partners {}
ROW ('F', 'F', 'F', 'F', 'O1', 'O0') [(0, 3), (0, 5), (1, 2), (1, 5), (2, 5), (3, 5), (4, 5)] slack 2 faces [(0, 3, 5), (1, 2, 5)] twoF [(0, 3, 5), (1, 2, 5)] partners {}
ROW ('F', 'F', 'F', 'F', 'O1', 'O0') [(0, 2), (0, 5), (1, 3), (1, 5), (2, 5), (3, 5), (4, 5)] slack 2 faces [(0, 2, 5), (1, 3, 5)] twoF [(0, 2, 5), (1, 3, 5)] partners {}
ROW ('F', 'F', 'F', 'F', 'O1', 'O0') [(0, 1), (0, 5), (1, 5), (2, 3), (2, 5), (3, 5), (4, 5)] slack 2 faces [(0, 1, 5), (2, 3, 5)] twoF [(0, 1, 5), (2, 3, 5)] partners {}
ROW ('F', 'F', 'F', 'F', 'O1b', 'O1b') [(0, 3), (0, 4), (1, 2), (1, 4), (2, 4), (3, 4)] slack 1 faces [(0, 3, 4), (1, 2, 4)] twoF [(0, 3, 4), (1, 2, 4)] partners {}
ROW ('F', 'F', 'F', 'F', 'O1b', 'O1b') [(0, 2), (0, 4), (1, 3), (1, 4), (2, 4), (3, 4)] slack 1 faces [(0, 2, 4), (1, 3, 4)] twoF [(0, 2, 4), (1, 3, 4)] partners {}
ROW ('F', 'F', 'F', 'F', 'O1b', 'O1b') [(0, 1), (0, 4), (1, 4), (2, 3), (2, 4), (3, 4)] slack 1 faces [(0, 1, 4), (2, 3, 4)] twoF [(0, 1, 4), (2, 3, 4)] partners {}
ROW ('F', 'F', 'F', 'F', 'O1b', 'O1b') [(0, 4), (0, 5), (1, 4), (1, 5), (2, 3), (2, 4), (3, 4)] slack 2 faces [(0, 4, 5), (1, 4, 5), (2, 3, 4)] twoF [(2, 3, 4)] partners {}
ROW ('F', 'F', 'F', 'F', 'O1b', 'O1b') [(0, 2), (0, 3), (0, 4), (0, 5), (1, 4), (1, 5), (2, 5), (3, 4)] slack 2 faces [(0, 2, 5), (0, 3, 4), (1, 4, 5)] twoF [(0, 2, 5), (0, 3, 4)] partners {}
ROW ('F', 'F', 'F', 'F', 'O1b', 'O1b') [(0, 4), (0, 5), (1, 2), (1, 3), (1, 4), (1, 5), (2, 5), (3, 4)] slack 2 faces [(0, 4, 5), (1, 2, 5), (1, 3, 4)] twoF [(1, 2, 5), (1, 3, 4)] partners {}
ROW ('F', 'F', 'F', 'F', 'O1b', 'O1b') [(0, 4), (0, 5), (1, 3), (1, 4), (2, 4), (2, 5), (3, 4)] slack 2 faces [(0, 4, 5), (1, 3, 4), (2, 4, 5)] twoF [(1, 3, 4)] partners {}
ROW ('F', 'F', 'F', 'F', 'O1b', 'O1b') [(0, 1), (0, 3), (0, 4), (0, 5), (1, 5), (2, 4), (2, 5), (3, 4)] slack 2 faces [(0, 1, 5), (0, 3, 4), (2, 4, 5)] twoF [(0, 1, 5), (0, 3, 4)] partners {}
ROW ('F', 'F', 'F', 'F', 'O1b', 'O1b') [(0, 3), (0, 4), (1, 4), (1, 5), (2, 4), (2, 5), (3, 4)] slack 2 faces [(0, 3, 4), (1, 4, 5), (2, 4, 5)] twoF [(0, 3, 4)] partners {}
ROW ('F', 'F', 'F', 'F', 'O1b', 'O1b') [(0, 1), (0, 5), (1, 3), (1, 4), (1, 5), (2, 4), (2, 5), (3, 4)] slack 2 faces [(0, 1, 5), (1, 3, 4), (2, 4, 5)] twoF [(0, 1, 5), (1, 3, 4)] partners {}
ROW ('F', 'F', 'F', 'F', 'O1b', 'O1b') [(0, 4), (0, 5), (1, 2), (1, 5), (2, 3), (2, 4), (2, 5), (3, 4)] slack 2 faces [(0, 4, 5), (1, 2, 5), (2, 3, 4)] twoF [(1, 2, 5), (2, 3, 4)] partners {}
ROW ('F', 'F', 'F', 'F', 'O1b', 'O1b') [(0, 2), (0, 5), (1, 4), (1, 5), (2, 3), (2, 4), (2, 5), (3, 4)] slack 2 faces [(0, 2, 5), (1, 4, 5), (2, 3, 4)] twoF [(0, 2, 5), (2, 3, 4)] partners {}
ROW ('F', 'F', 'F', 'F', 'O1b', 'O1b') [(0, 2), (0, 3), (0, 4), (0, 5), (1, 4), (1, 5), (2, 4), (3, 5)] slack 2 faces [(0, 2, 4), (0, 3, 5), (1, 4, 5)] twoF [(0, 2, 4), (0, 3, 5)] partners {}
ROW ('F', 'F', 'F', 'F', 'O1b', 'O1b') [(0, 4), (0, 5), (1, 2), (1, 3), (1, 4), (1, 5), (2, 4), (3, 5)] slack 2 faces [(0, 4, 5), (1, 2, 4), (1, 3, 5)] twoF [(1, 2, 4), (1, 3, 5)] partners {}
ROW ('F', 'F', 'F', 'F', 'O1b', 'O1b') [(0, 3), (0, 5), (1, 2), (1, 5), (2, 5), (3, 5)] slack 1 faces [(0, 3, 5), (1, 2, 5)] twoF [(0, 3, 5), (1, 2, 5)] partners {}
ROW ('F', 'F', 'F', 'F', 'O1b', 'O1b') [(0, 2), (0, 5), (1, 3), (1, 5), (2, 5), (3, 5)] slack 1 faces [(0, 2, 5), (1, 3, 5)] twoF [(0, 2, 5), (1, 3, 5)] partners {}
ROW ('F', 'F', 'F', 'F', 'O1b', 'O1b') [(0, 1), (0, 5), (1, 5), (2, 3), (2, 5), (3, 5)] slack 1 faces [(0, 1, 5), (2, 3, 5)] twoF [(0, 1, 5), (2, 3, 5)] partners {}
ROW ('F', 'F', 'F', 'F', 'O1b', 'O1b') [(0, 4), (0, 5), (1, 4), (1, 5), (2, 3), (2, 5), (3, 5)] slack 2 faces [(0, 4, 5), (1, 4, 5), (2, 3, 5)] twoF [(2, 3, 5)] partners {}
ROW ('F', 'F', 'F', 'F', 'O1b', 'O1b') [(0, 1), (0, 3), (0, 4), (0, 5), (1, 4), (2, 4), (2, 5), (3, 5)] slack 2 faces [(0, 1, 4), (0, 3, 5), (2, 4, 5)] twoF [(0, 1, 4), (0, 3, 5)] partners {}
ROW ('F', 'F', 'F', 'F', 'O1b', 'O1b') [(0, 4), (0, 5), (1, 3), (1, 5), (2, 4), (2, 5), (3, 5)] slack 2 faces [(0, 4, 5), (1, 3, 5), (2, 4, 5)] twoF [(1, 3, 5)] partners {}
ROW ('F', 'F', 'F', 'F', 'O1b', 'O1b') [(0, 3), (0, 5), (1, 4), (1, 5), (2, 4), (2, 5), (3, 5)] slack 2 faces [(0, 3, 5), (1, 4, 5), (2, 4, 5)] twoF [(0, 3, 5)] partners {}
ROW ('F', 'F', 'F', 'F', 'O1b', 'O1b') [(0, 1), (0, 4), (1, 3), (1, 4), (1, 5), (2, 4), (2, 5), (3, 5)] slack 2 faces [(0, 1, 4), (1, 3, 5), (2, 4, 5)] twoF [(0, 1, 4), (1, 3, 5)] partners {}
ROW ('F', 'F', 'F', 'F', 'O1b', 'O1b') [(0, 4), (0, 5), (1, 2), (1, 4), (2, 3), (2, 4), (2, 5), (3, 5)] slack 2 faces [(0, 4, 5), (1, 2, 4), (2, 3, 5)] twoF [(1, 2, 4), (2, 3, 5)] partners {}
ROW ('F', 'F', 'F', 'F', 'O1b', 'O1b') [(0, 2), (0, 4), (1, 4), (1, 5), (2, 3), (2, 4), (2, 5), (3, 5)] slack 2 faces [(0, 2, 4), (1, 4, 5), (2, 3, 5)] twoF [(0, 2, 4), (2, 3, 5)] partners {}
ROW ('F', 'F', 'F', 'F', 'O1b', 'O1b') [(0, 4), (0, 5), (1, 2), (1, 4), (2, 4), (3, 4), (3, 5)] slack 2 faces [(0, 4, 5), (1, 2, 4), (3, 4, 5)] twoF [(1, 2, 4)] partners {}
ROW ('F', 'F', 'F', 'F', 'O1b', 'O1b') [(0, 1), (0, 2), (0, 4), (0, 5), (1, 5), (2, 4), (3, 4), (3, 5)] slack 2 faces [(0, 1, 5), (0, 2, 4), (3, 4, 5)] twoF [(0, 1, 5), (0, 2, 4)] partners {}
ROW ('F', 'F', 'F', 'F', 'O1b', 'O1b') [(0, 2), (0, 4), (1, 4), (1, 5), (2, 4), (3, 4), (3, 5)] slack 2 faces [(0, 2, 4), (1, 4, 5), (3, 4, 5)] twoF [(0, 2, 4)] partners {}
ROW ('F', 'F', 'F', 'F', 'O1b', 'O1b') [(0, 1), (0, 5), (1, 2), (1, 4), (1, 5), (2, 4), (3, 4), (3, 5)] slack 2 faces [(0, 1, 5), (1, 2, 4), (3, 4, 5)] twoF [(0, 1, 5), (1, 2, 4)] partners {}
ROW ('F', 'F', 'F', 'F', 'O1b', 'O1b') [(0, 4), (0, 5), (1, 3), (1, 5), (2, 3), (2, 4), (3, 4), (3, 5)] slack 2 faces [(0, 4, 5), (1, 3, 5), (2, 3, 4)] twoF [(1, 3, 5), (2, 3, 4)] partners {}
ROW ('F', 'F', 'F', 'F', 'O1b', 'O1b') [(0, 3), (0, 5), (1, 4), (1, 5), (2, 3), (2, 4), (3, 4), (3, 5)] slack 2 faces [(0, 3, 5), (1, 4, 5), (2, 3, 4)] twoF [(0, 3, 5), (2, 3, 4)] partners {}
ROW ('F', 'F', 'F', 'F', 'O1b', 'O1b') [(0, 1), (0, 2), (0, 4), (0, 5), (1, 4), (2, 5), (3, 4), (3, 5)] slack 2 faces [(0, 1, 4), (0, 2, 5), (3, 4, 5)] twoF [(0, 1, 4), (0, 2, 5)] partners {}
ROW ('F', 'F', 'F', 'F', 'O1b', 'O1b') [(0, 4), (0, 5), (1, 2), (1, 5), (2, 5), (3, 4), (3, 5)] slack 2 faces [(0, 4, 5), (1, 2, 5), (3, 4, 5)] twoF [(1, 2, 5)] partners {}
ROW ('F', 'F', 'F', 'F', 'O1b', 'O1b') [(0, 2), (0, 5), (1, 4), (1, 5), (2, 5), (3, 4), (3, 5)] slack 2 faces [(0, 2, 5), (1, 4, 5), (3, 4, 5)] twoF [(0, 2, 5)] partners {}
ROW ('F', 'F', 'F', 'F', 'O1b', 'O1b') [(0, 1), (0, 4), (1, 2), (1, 4), (1, 5), (2, 5), (3, 4), (3, 5)] slack 2 faces [(0, 1, 4), (1, 2, 5), (3, 4, 5)] twoF [(0, 1, 4), (1, 2, 5)] partners {}
ROW ('F', 'F', 'F', 'F', 'O1b', 'O1b') [(0, 4), (0, 5), (1, 3), (1, 4), (2, 3), (2, 5), (3, 4), (3, 5)] slack 2 faces [(0, 4, 5), (1, 3, 4), (2, 3, 5)] twoF [(1, 3, 4), (2, 3, 5)] partners {}
ROW ('F', 'F', 'F', 'F', 'O1b', 'O1b') [(0, 3), (0, 4), (1, 4), (1, 5), (2, 3), (2, 5), (3, 4), (3, 5)] slack 2 faces [(0, 3, 4), (1, 4, 5), (2, 3, 5)] twoF [(0, 3, 4), (2, 3, 5)] partners {}
ROW ('F', 'F', 'F', 'F', 'O1b', 'O1b') [(0, 1), (0, 4), (1, 4), (2, 4), (2, 5), (3, 4), (3, 5)] slack 2 faces [(0, 1, 4), (2, 4, 5), (3, 4, 5)] twoF [(0, 1, 4)] partners {}
ROW ('F', 'F', 'F', 'F', 'O1b', 'O1b') [(0, 2), (0, 5), (1, 2), (1, 4), (2, 4), (2, 5), (3, 4), (3, 5)] slack 2 faces [(0, 2, 5), (1, 2, 4), (3, 4, 5)] twoF [(0, 2, 5), (1, 2, 4)] partners {}
ROW ('F', 'F', 'F', 'F', 'O1b', 'O1b') [(0, 3), (0, 5), (1, 3), (1, 4), (2, 4), (2, 5), (3, 4), (3, 5)] slack 2 faces [(0, 3, 5), (1, 3, 4), (2, 4, 5)] twoF [(0, 3, 5), (1, 3, 4)] partners {}
ROW ('F', 'F', 'F', 'F', 'O1b', 'O1b') [(0, 1), (0, 5), (1, 5), (2, 4), (2, 5), (3, 4), (3, 5)] slack 2 faces [(0, 1, 5), (2, 4, 5), (3, 4, 5)] twoF [(0, 1, 5)] partners {}
ROW ('F', 'F', 'F', 'F', 'O1b', 'O1b') [(0, 2), (0, 4), (1, 2), (1, 5), (2, 4), (2, 5), (3, 4), (3, 5)] slack 2 faces [(0, 2, 4), (1, 2, 5), (3, 4, 5)] twoF [(0, 2, 4), (1, 2, 5)] partners {}
ROW ('F', 'F', 'F', 'F', 'O1b', 'O1b') [(0, 3), (0, 4), (1, 3), (1, 5), (2, 4), (2, 5), (3, 4), (3, 5)] slack 2 faces [(0, 3, 4), (1, 3, 5), (2, 4, 5)] twoF [(0, 3, 4), (1, 3, 5)] partners {}
ROW ('F', 'F', 'F', 'F', 'O1b', 'O1b') [(0, 3), (0, 4), (1, 2), (1, 4), (2, 4), (3, 4), (4, 5)] slack 3 faces [(0, 3, 4), (1, 2, 4)] twoF [(0, 3, 4), (1, 2, 4)] partners {}
ROW ('F', 'F', 'F', 'F', 'O1b', 'O1b') [(0, 2), (0, 4), (1, 3), (1, 4), (2, 4), (3, 4), (4, 5)] slack 3 faces [(0, 2, 4), (1, 3, 4)] twoF [(0, 2, 4), (1, 3, 4)] partners {}
ROW ('F', 'F', 'F', 'F', 'O1b', 'O1b') [(0, 1), (0, 4), (1, 4), (2, 3), (2, 4), (3, 4), (4, 5)] slack 3 faces [(0, 1, 4), (2, 3, 4)] twoF [(0, 1, 4), (2, 3, 4)] partners {}
ROW ('F', 'F', 'F', 'F', 'O1b', 'O1b') [(0, 1), (0, 5), (1, 5), (2, 3), (2, 4), (3, 4), (4, 5)] slack 3 faces [(0, 1, 5), (2, 3, 4)] twoF [(0, 1, 5), (2, 3, 4)] partners {}
ROW ('F', 'F', 'F', 'F', 'O1b', 'O1b') [(0, 4), (0, 5), (1, 4), (1, 5), (2, 3), (2, 4), (3, 4), (4, 5)] slack 4 faces [(0, 4, 5), (1, 4, 5), (2, 3, 4)] twoF [(2, 3, 4)] partners {}
ROW ('F', 'F', 'F', 'F', 'O1b', 'O1b') [(0, 2), (0, 5), (1, 3), (1, 4), (2, 5), (3, 4), (4, 5)] slack 3 faces [(0, 2, 5), (1, 3, 4)] twoF [(0, 2, 5), (1, 3, 4)] partners {}
ROW ('F', 'F', 'F', 'F', 'O1b', 'O1b') [(0, 3), (0, 4), (1, 2), (1, 5), (2, 5), (3, 4), (4, 5)] slack 3 faces [(0, 3, 4), (1, 2, 5)] twoF [(0, 3, 4), (1, 2, 5)] partners {}
ROW ('F', 'F', 'F', 'F', 'O1b', 'O1b') [(0, 4), (0, 5), (1, 3), (1, 4), (2, 4), (2, 5), (3, 4), (4, 5)] slack 4 faces [(0, 4, 5), (1, 3, 4), (2, 4, 5)] twoF [(1, 3, 4)] partners {}
ROW ('F', 'F', 'F', 'F', 'O1b', 'O1b') [(0, 3), (0, 4), (1, 4), (1, 5), (2, 4), (2, 5), (3, 4), (4, 5)] slack 4 faces [(0, 3, 4), (1, 4, 5), (2, 4, 5)] twoF [(0, 3, 4)] partners {}
ROW ('F', 'F', 'F', 'F', 'O1b', 'O1b') [(0, 3), (0, 5), (1, 2), (1, 4), (2, 4), (3, 5), (4, 5)] slack 3 faces [(0, 3, 5), (1, 2, 4)] twoF [(0, 3, 5), (1, 2, 4)] partners {}
ROW ('F', 'F', 'F', 'F', 'O1b', 'O1b') [(0, 2), (0, 4), (1, 3), (1, 5), (2, 4), (3, 5), (4, 5)] slack 3 faces [(0, 2, 4), (1, 3, 5)] twoF [(0, 2, 4), (1, 3, 5)] partners {}
ROW ('F', 'F', 'F', 'F', 'O1b', 'O1b') [(0, 3), (0, 5), (1, 2), (1, 5), (2, 5), (3, 5), (4, 5)] slack 3 faces [(0, 3, 5), (1, 2, 5)] twoF [(0, 3, 5), (1, 2, 5)] partners {}
ROW ('F', 'F', 'F', 'F', 'O1b', 'O1b') [(0, 2), (0, 5), (1, 3), (1, 5), (2, 5), (3, 5), (4, 5)] slack 3 faces [(0, 2, 5), (1, 3, 5)] twoF [(0, 2, 5), (1, 3, 5)] partners {}
ROW ('F', 'F', 'F', 'F', 'O1b', 'O1b') [(0, 1), (0, 4), (1, 4), (2, 3), (2, 5), (3, 5), (4, 5)] slack 3 faces [(0, 1, 4), (2, 3, 5)] twoF [(0, 1, 4), (2, 3, 5)] partners {}
ROW ('F', 'F', 'F', 'F', 'O1b', 'O1b') [(0, 1), (0, 5), (1, 5), (2, 3), (2, 5), (3, 5), (4, 5)] slack 3 faces [(0, 1, 5), (2, 3, 5)] twoF [(0, 1, 5), (2, 3, 5)] partners {}
ROW ('F', 'F', 'F', 'F', 'O1b', 'O1b') [(0, 4), (0, 5), (1, 4), (1, 5), (2, 3), (2, 5), (3, 5), (4, 5)] slack 4 faces [(0, 4, 5), (1, 4, 5), (2, 3, 5)] twoF [(2, 3, 5)] partners {}
ROW ('F', 'F', 'F', 'F', 'O1b', 'O1b') [(0, 4), (0, 5), (1, 3), (1, 5), (2, 4), (2, 5), (3, 5), (4, 5)] slack 4 faces [(0, 4, 5), (1, 3, 5), (2, 4, 5)] twoF [(1, 3, 5)] partners {}
ROW ('F', 'F', 'F', 'F', 'O1b', 'O1b') [(0, 3), (0, 5), (1, 4), (1, 5), (2, 4), (2, 5), (3, 5), (4, 5)] slack 4 faces [(0, 3, 5), (1, 4, 5), (2, 4, 5)] twoF [(0, 3, 5)] partners {}
ROW ('F', 'F', 'F', 'F', 'O1b', 'O1b') [(0, 4), (0, 5), (1, 2), (1, 4), (2, 4), (3, 4), (3, 5), (4, 5)] slack 4 faces [(0, 4, 5), (1, 2, 4), (3, 4, 5)] twoF [(1, 2, 4)] partners {}
ROW ('F', 'F', 'F', 'F', 'O1b', 'O1b') [(0, 2), (0, 4), (1, 4), (1, 5), (2, 4), (3, 4), (3, 5), (4, 5)] slack 4 faces [(0, 2, 4), (1, 4, 5), (3, 4, 5)] twoF [(0, 2, 4)] partners {}
ROW ('F', 'F', 'F', 'F', 'O1b', 'O1b') [(0, 4), (0, 5), (1, 2), (1, 5), (2, 5), (3, 4), (3, 5), (4, 5)] slack 4 faces [(0, 4, 5), (1, 2, 5), (3, 4, 5)] twoF [(1, 2, 5)] partners {}
ROW ('F', 'F', 'F', 'F', 'O1b', 'O1b') [(0, 2), (0, 5), (1, 4), (1, 5), (2, 5), (3, 4), (3, 5), (4, 5)] slack 4 faces [(0, 2, 5), (1, 4, 5), (3, 4, 5)] twoF [(0, 2, 5)] partners {}
ROW ('F', 'F', 'F', 'F', 'O1b', 'O1b') [(0, 1), (0, 4), (1, 4), (2, 4), (2, 5), (3, 4), (3, 5), (4, 5)] slack 4 faces [(0, 1, 4), (2, 4, 5), (3, 4, 5)] twoF [(0, 1, 4)] partners {}
ROW ('F', 'F', 'F', 'F', 'O1b', 'O1b') [(0, 1), (0, 5), (1, 5), (2, 4), (2, 5), (3, 4), (3, 5), (4, 5)] slack 4 faces [(0, 1, 5), (2, 4, 5), (3, 4, 5)] twoF [(0, 1, 5)] partners {}
ROW ('F', 'F', 'F', 'V', 'V', 'O0') [(0, 1), (0, 5), (1, 5), (2, 3), (2, 4), (3, 5), (4, 5)] slack 1 faces [(0, 1, 5), (2, 3, 4)] twoF [(0, 1, 5)] partners {3: 5, 4: 5}
ROW ('F', 'F', 'F', 'V', 'V', 'O0') [(0, 2), (0, 5), (1, 3), (1, 4), (2, 5), (3, 5), (4, 5)] slack 1 faces [(0, 2, 5), (1, 3, 4)] twoF [(0, 2, 5)] partners {3: 5, 4: 5}
ROW ('F', 'F', 'F', 'V', 'V', 'O0') [(0, 3), (0, 4), (1, 2), (1, 5), (2, 5), (3, 5), (4, 5)] slack 1 faces [(0, 3, 4), (1, 2, 5)] twoF [(1, 2, 5)] partners {3: 5, 4: 5}
ROW ('F', 'F', 'F', 'V', 'O1', 'O1b') [(0, 3), (0, 5), (1, 2), (1, 5), (2, 5), (3, 4)] slack 1 faces [(0, 3, 5), (1, 2, 5)] twoF [(1, 2, 5)] partners {3: 4}
ROW ('F', 'F', 'F', 'V', 'O1', 'O1b') [(0, 2), (0, 5), (1, 3), (1, 5), (2, 5), (3, 4)] slack 1 faces [(0, 2, 5), (1, 3, 5)] twoF [(0, 2, 5)] partners {3: 4}
ROW ('F', 'F', 'F', 'V', 'O1', 'O1b') [(0, 1), (0, 5), (1, 5), (2, 3), (2, 5), (3, 4)] slack 1 faces [(0, 1, 5), (2, 3, 5)] twoF [(0, 1, 5)] partners {3: 4}
ROW ('F', 'F', 'F', 'V', 'O1', 'O0') [(0, 4), (0, 5), (1, 2), (1, 5), (2, 5), (3, 5)] slack 0 faces [(0, 4, 5), (1, 2, 5)] twoF [(1, 2, 5)] partners {3: 5}
ROW ('F', 'F', 'F', 'V', 'O1', 'O0') [(0, 2), (0, 5), (1, 4), (1, 5), (2, 5), (3, 5)] slack 0 faces [(0, 2, 5), (1, 4, 5)] twoF [(0, 2, 5)] partners {3: 5}
ROW ('F', 'F', 'F', 'V', 'O1', 'O0') [(0, 1), (0, 5), (1, 5), (2, 4), (2, 5), (3, 5)] slack 0 faces [(0, 1, 5), (2, 4, 5)] twoF [(0, 1, 5)] partners {3: 5}
ROW ('F', 'F', 'F', 'V', 'O1b', 'O1b') [(0, 1), (0, 2), (0, 4), (0, 5), (1, 5), (2, 4), (3, 4)] slack 1 faces [(0, 1, 5), (0, 2, 4)] twoF [(0, 1, 5), (0, 2, 4)] partners {3: 4}
ROW ('F', 'F', 'F', 'V', 'O1b', 'O1b') [(0, 1), (0, 5), (1, 2), (1, 4), (1, 5), (2, 4), (3, 4)] slack 1 faces [(0, 1, 5), (1, 2, 4)] twoF [(0, 1, 5), (1, 2, 4)] partners {3: 4}
ROW ('F', 'F', 'F', 'V', 'O1b', 'O1b') [(0, 1), (0, 2), (0, 4), (0, 5), (1, 4), (2, 5), (3, 4)] slack 1 faces [(0, 1, 4), (0, 2, 5)] twoF [(0, 1, 4), (0, 2, 5)] partners {3: 4}
ROW ('F', 'F', 'F', 'V', 'O1b', 'O1b') [(0, 4), (0, 5), (1, 2), (1, 5), (2, 5), (3, 4)] slack 1 faces [(0, 4, 5), (1, 2, 5)] twoF [(1, 2, 5)] partners {3: 4}
ROW ('F', 'F', 'F', 'V', 'O1b', 'O1b') [(0, 2), (0, 5), (1, 4), (1, 5), (2, 5), (3, 4)] slack 1 faces [(0, 2, 5), (1, 4, 5)] twoF [(0, 2, 5)] partners {3: 4}
ROW ('F', 'F', 'F', 'V', 'O1b', 'O1b') [(0, 1), (0, 4), (1, 2), (1, 4), (1, 5), (2, 5), (3, 4)] slack 1 faces [(0, 1, 4), (1, 2, 5)] twoF [(0, 1, 4), (1, 2, 5)] partners {3: 4}
ROW ('F', 'F', 'F', 'V', 'O1b', 'O1b') [(0, 4), (0, 5), (1, 4), (1, 5), (2, 3), (2, 5), (3, 4)] slack 0 faces [(0, 4, 5), (1, 4, 5), (2, 3, 5)] twoF [] partners {3: 4}
ROW ('F', 'F', 'F', 'V', 'O1b', 'O1b') [(0, 2), (0, 5), (1, 2), (1, 4), (2, 4), (2, 5), (3, 4)] slack 1 faces [(0, 2, 5), (1, 2, 4)] twoF [(0, 2, 5), (1, 2, 4)] partners {3: 4}
ROW ('F', 'F', 'F', 'V', 'O1b', 'O1b') [(0, 1), (0, 5), (1, 5), (2, 4), (2, 5), (3, 4)] slack 1 faces [(0, 1, 5), (2, 4, 5)] twoF [(0, 1, 5)] partners {3: 4}
ROW ('F', 'F', 'F', 'V', 'O1b', 'O1b') [(0, 2), (0, 4), (1, 2), (1, 5), (2, 4), (2, 5), (3, 4)] slack 1 faces [(0, 2, 4), (1, 2, 5)] twoF [(0, 2, 4), (1, 2, 5)] partners {3: 4}
ROW ('F', 'F', 'F', 'V', 'O1b', 'O1b') [(0, 4), (0, 5), (1, 3), (1, 5), (2, 4), (2, 5), (3, 4)] slack 0 faces [(0, 4, 5), (1, 3, 5), (2, 4, 5)] twoF [] partners {3: 4}
ROW ('F', 'F', 'F', 'V', 'O1b', 'O1b') [(0, 3), (0, 5), (1, 4), (1, 5), (2, 4), (2, 5), (3, 4)] slack 0 faces [(0, 3, 5), (1, 4, 5), (2, 4, 5)] twoF [] partners {3: 4}
ROW ('F', 'F', 'F', 'V', 'O1b', 'O1b') [(0, 4), (0, 5), (1, 2), (1, 4), (2, 4), (3, 5)] slack 1 faces [(0, 4, 5), (1, 2, 4)] twoF [(1, 2, 4)] partners {3: 5}
ROW ('F', 'F', 'F', 'V', 'O1b', 'O1b') [(0, 1), (0, 2), (0, 4), (0, 5), (1, 5), (2, 4), (3, 5)] slack 1 faces [(0, 1, 5), (0, 2, 4)] twoF [(0, 1, 5), (0, 2, 4)] partners {3: 5}
ROW ('F', 'F', 'F', 'V', 'O1b', 'O1b') [(0, 2), (0, 4), (1, 4), (1, 5), (2, 4), (3, 5)] slack 1 faces [(0, 2, 4), (1, 4, 5)] twoF [(0, 2, 4)] partners {3: 5}
ROW ('F', 'F', 'F', 'V', 'O1b', 'O1b') [(0, 1), (0, 5), (1, 2), (1, 4), (1, 5), (2, 4), (3, 5)] slack 1 faces [(0, 1, 5), (1, 2, 4)] twoF [(0, 1, 5), (1, 2, 4)] partners {3: 5}
ROW ('F', 'F', 'F', 'V', 'O1b', 'O1b') [(0, 4), (0, 5), (1, 4), (1, 5), (2, 3), (2, 4), (3, 5)] slack 0 faces [(0, 4, 5), (1, 4, 5), (2, 3, 4)] twoF [] partners {3: 5}
ROW ('F', 'F', 'F', 'V', 'O1b', 'O1b') [(0, 1), (0, 2), (0, 4), (0, 5), (1, 4), (2, 5), (3, 5)] slack 1 faces [(0, 1, 4), (0, 2, 5)] twoF [(0, 1, 4), (0, 2, 5)] partners {3: 5}
ROW ('F', 'F', 'F', 'V', 'O1b', 'O1b') [(0, 1), (0, 4), (1, 2), (1, 4), (1, 5), (2, 5), (3, 5)] slack 1 faces [(0, 1, 4), (1, 2, 5)] twoF [(0, 1, 4), (1, 2, 5)] partners {3: 5}
ROW ('F', 'F', 'F', 'V', 'O1b', 'O1b') [(0, 1), (0, 4), (1, 4), (2, 4), (2, 5), (3, 5)] slack 1 faces [(0, 1, 4), (2, 4, 5)] twoF [(0, 1, 4)] partners {3: 5}
ROW ('F', 'F', 'F', 'V', 'O1b', 'O1b') [(0, 2), (0, 5), (1, 2), (1, 4), (2, 4), (2, 5), (3, 5)] slack 1 faces [(0, 2, 5), (1, 2, 4)] twoF [(0, 2, 5), (1, 2, 4)] partners {3: 5}
ROW ('F', 'F', 'F', 'V', 'O1b', 'O1b') [(0, 4), (0, 5), (1, 3), (1, 4), (2, 4), (2, 5), (3, 5)] slack 0 faces [(0, 4, 5), (1, 3, 4), (2, 4, 5)] twoF [] partners {3: 5}
ROW ('F', 'F', 'F', 'V', 'O1b', 'O1b') [(0, 2), (0, 4), (1, 2), (1, 5), (2, 4), (2, 5), (3, 5)] slack 1 faces [(0, 2, 4), (1, 2, 5)] twoF [(0, 2, 4), (1, 2, 5)] partners {3: 5}
ROW ('F', 'F', 'F', 'V', 'O1b', 'O1b') [(0, 3), (0, 4), (1, 4), (1, 5), (2, 4), (2, 5), (3, 5)] slack 0 faces [(0, 3, 4), (1, 4, 5), (2, 4, 5)] twoF [] partners {3: 5}
ROW ('F', 'F', 'F', 'V', 'O1b', 'O1b') [(0, 4), (0, 5), (1, 2), (1, 4), (2, 4), (3, 4), (3, 5)] slack 1 faces [(0, 4, 5), (1, 2, 4)] twoF [(1, 2, 4)] partners {3: 5}
ROW ('F', 'F', 'F', 'V', 'O1b', 'O1b') [(0, 1), (0, 2), (0, 4), (0, 5), (1, 5), (2, 4), (3, 4), (3, 5)] slack 2 faces [(0, 1, 5), (0, 2, 4)] twoF [(0, 1, 5), (0, 2, 4)] partners {3: 4}
ROW ('F', 'F', 'F', 'V', 'O1b', 'O1b') [(0, 2), (0, 4), (1, 4), (1, 5), (2, 4), (3, 4), (3, 5)] slack 1 faces [(0, 2, 4), (1, 4, 5)] twoF [(0, 2, 4)] partners {3: 5}
ROW ('F', 'F', 'F', 'V', 'O1b', 'O1b') [(0, 1), (0, 5), (1, 2), (1, 4), (1, 5), (2, 4), (3, 4), (3, 5)] slack 2 faces [(0, 1, 5), (1, 2, 4)] twoF [(0, 1, 5), (1, 2, 4)] partners {3: 4}
ROW ('F', 'F', 'F', 'V', 'O1b', 'O1b') [(0, 4), (0, 5), (1, 3), (1, 4), (2, 3), (2, 4), (3, 4), (3, 5)] slack 1 faces [(0, 4, 5), (1, 3, 4), (2, 3, 4)] twoF [] partners {3: 5}
ROW ('F', 'F', 'F', 'V', 'O1b', 'O1b') [(0, 3), (0, 4), (1, 4), (1, 5), (2, 3), (2, 4), (3, 4), (3, 5)] slack 1 faces [(0, 3, 4), (1, 4, 5), (2, 3, 4)] twoF [] partners {3: 5}
ROW ('F', 'F', 'F', 'V', 'O1b', 'O1b') [(0, 1), (0, 2), (0, 4), (0, 5), (1, 4), (2, 5), (3, 4), (3, 5)] slack 2 faces [(0, 1, 4), (0, 2, 5)] twoF [(0, 1, 4), (0, 2, 5)] partners {3: 4}
ROW ('F', 'F', 'F', 'V', 'O1b', 'O1b') [(0, 4), (0, 5), (1, 2), (1, 5), (2, 5), (3, 4), (3, 5)] slack 1 faces [(0, 4, 5), (1, 2, 5)] twoF [(1, 2, 5)] partners {3: 4}
ROW ('F', 'F', 'F', 'V', 'O1b', 'O1b') [(0, 2), (0, 5), (1, 4), (1, 5), (2, 5), (3, 4), (3, 5)] slack 1 faces [(0, 2, 5), (1, 4, 5)] twoF [(0, 2, 5)] partners {3: 4}
ROW ('F', 'F', 'F', 'V', 'O1b', 'O1b') [(0, 1), (0, 4), (1, 2), (1, 4), (1, 5), (2, 5), (3, 4), (3, 5)] slack 2 faces [(0, 1, 4), (1, 2, 5)] twoF [(0, 1, 4), (1, 2, 5)] partners {3: 4}
ROW ('F', 'F', 'F', 'V', 'O1b', 'O1b') [(0, 4), (0, 5), (1, 3), (1, 5), (2, 3), (2, 5), (3, 4), (3, 5)] slack 1 faces [(0, 4, 5), (1, 3, 5), (2, 3, 5)] twoF [] partners {3: 4}
ROW ('F', 'F', 'F', 'V', 'O1b', 'O1b') [(0, 3), (0, 5), (1, 4), (1, 5), (2, 3), (2, 5), (3, 4), (3, 5)] slack 1 faces [(0, 3, 5), (1, 4, 5), (2, 3, 5)] twoF [] partners {3: 4}
ROW ('F', 'F', 'F', 'V', 'O1b', 'O1b') [(0, 1), (0, 4), (1, 4), (2, 4), (2, 5), (3, 4), (3, 5)] slack 1 faces [(0, 1, 4), (2, 4, 5)] twoF [(0, 1, 4)] partners {3: 5}
ROW ('F', 'F', 'F', 'V', 'O1b', 'O1b') [(0, 2), (0, 5), (1, 2), (1, 4), (2, 4), (2, 5), (3, 4), (3, 5)] slack 2 faces [(0, 2, 5), (1, 2, 4)] twoF [(0, 2, 5), (1, 2, 4)] partners {3: 4}
ROW ('F', 'F', 'F', 'V', 'O1b', 'O1b') [(0, 3), (0, 4), (1, 3), (1, 4), (2, 4), (2, 5), (3, 4), (3, 5)] slack 1 faces [(0, 3, 4), (1, 3, 4), (2, 4, 5)] twoF [] partners {3: 5}
ROW ('F', 'F', 'F', 'V', 'O1b', 'O1b') [(0, 1), (0, 5), (1, 5), (2, 4), (2, 5), (3, 4), (3, 5)] slack 1 faces [(0, 1, 5), (2, 4, 5)] twoF [(0, 1, 5)] partners {3: 4}
ROW ('F', 'F', 'F', 'V', 'O1b', 'O1b') [(0, 2), (0, 4), (1, 2), (1, 5), (2, 4), (2, 5), (3, 4), (3, 5)] slack 2 faces [(0, 2, 4), (1, 2, 5)] twoF [(0, 2, 4), (1, 2, 5)] partners {3: 4}
ROW ('F', 'F', 'F', 'V', 'O1b', 'O1b') [(0, 3), (0, 5), (1, 3), (1, 5), (2, 4), (2, 5), (3, 4), (3, 5)] slack 1 faces [(0, 3, 5), (1, 3, 5), (2, 4, 5)] twoF [] partners {3: 4}
ROW ('F', 'F', 'F', 'V', 'O1b', 'O1b') [(0, 3), (0, 5), (1, 2), (1, 5), (2, 5), (3, 4), (4, 5)] slack 1 faces [(0, 3, 5), (1, 2, 5)] twoF [(1, 2, 5)] partners {3: 4}
ROW ('F', 'F', 'F', 'V', 'O1b', 'O1b') [(0, 4), (0, 5), (1, 2), (1, 5), (2, 5), (3, 4), (4, 5)] slack 3 faces [(0, 4, 5), (1, 2, 5)] twoF [(1, 2, 5)] partners {3: 4}
ROW ('F', 'F', 'F', 'V', 'O1b', 'O1b') [(0, 2), (0, 5), (1, 3), (1, 5), (2, 5), (3, 4), (4, 5)] slack 1 faces [(0, 2, 5), (1, 3, 5)] twoF [(0, 2, 5)] partners {3: 4}
ROW ('F', 'F', 'F', 'V', 'O1b', 'O1b') [(0, 2), (0, 5), (1, 4), (1, 5), (2, 5), (3, 4), (4, 5)] slack 3 faces [(0, 2, 5), (1, 4, 5)] twoF [(0, 2, 5)] partners {3: 4}
ROW ('F', 'F', 'F', 'V', 'O1b', 'O1b') [(0, 1), (0, 5), (1, 5), (2, 3), (2, 5), (3, 4), (4, 5)] slack 1 faces [(0, 1, 5), (2, 3, 5)] twoF [(0, 1, 5)] partners {3: 4}
ROW ('F', 'F', 'F', 'V', 'O1b', 'O1b') [(0, 4), (0, 5), (1, 4), (1, 5), (2, 3), (2, 5), (3, 4), (4, 5)] slack 2 faces [(0, 4, 5), (1, 4, 5), (2, 3, 5)] twoF [] partners {3: 4}
ROW ('F', 'F', 'F', 'V', 'O1b', 'O1b') [(0, 1), (0, 5), (1, 5), (2, 4), (2, 5), (3, 4), (4, 5)] slack 3 faces [(0, 1, 5), (2, 4, 5)] twoF [(0, 1, 5)] partners {3: 4}
ROW ('F', 'F', 'F', 'V', 'O1b', 'O1b') [(0, 4), (0, 5), (1, 3), (1, 5), (2, 4), (2, 5), (3, 4), (4, 5)] slack 2 faces [(0, 4, 5), (1, 3, 5), (2, 4, 5)] twoF [] partners {3: 4}
ROW ('F', 'F', 'F', 'V', 'O1b', 'O1b') [(0, 3), (0, 5), (1, 4), (1, 5), (2, 4), (2, 5), (3, 4), (4, 5)] slack 2 faces [(0, 3, 5), (1, 4, 5), (2, 4, 5)] twoF [] partners {3: 4}
ROW ('F', 'F', 'F', 'V', 'O1b', 'O1b') [(0, 3), (0, 4), (1, 2), (1, 4), (2, 4), (3, 5), (4, 5)] slack 1 faces [(0, 3, 4), (1, 2, 4)] twoF [(1, 2, 4)] partners {3: 5}
ROW ('F', 'F', 'F', 'V', 'O1b', 'O1b') [(0, 4), (0, 5), (1, 2), (1, 4), (2, 4), (3, 5), (4, 5)] slack 3 faces [(0, 4, 5), (1, 2, 4)] twoF [(1, 2, 4)] partners {3: 5}
ROW ('F', 'F', 'F', 'V', 'O1b', 'O1b') [(0, 2), (0, 4), (1, 3), (1, 4), (2, 4), (3, 5), (4, 5)] slack 1 faces [(0, 2, 4), (1, 3, 4)] twoF [(0, 2, 4)] partners {3: 5}
ROW ('F', 'F', 'F', 'V', 'O1b', 'O1b') [(0, 2), (0, 4), (1, 4), (1, 5), (2, 4), (3, 5), (4, 5)] slack 3 faces [(0, 2, 4), (1, 4, 5)] twoF [(0, 2, 4)] partners {3: 5}
ROW ('F', 'F', 'F', 'V', 'O1b', 'O1b') [(0, 1), (0, 4), (1, 4), (2, 3), (2, 4), (3, 5), (4, 5)] slack 1 faces [(0, 1, 4), (2, 3, 4)] twoF [(0, 1, 4)] partners {3: 5}
ROW ('F', 'F', 'F', 'V', 'O1b', 'O1b') [(0, 4), (0, 5), (1, 4), (1, 5), (2, 3), (2, 4), (3, 5), (4, 5)] slack 2 faces [(0, 4, 5), (1, 4, 5), (2, 3, 4)] twoF [] partners {3: 5}
ROW ('F', 'F', 'F', 'V', 'O1b', 'O1b') [(0, 1), (0, 4), (1, 4), (2, 4), (2, 5), (3, 5), (4, 5)] slack 3 faces [(0, 1, 4), (2, 4, 5)] twoF [(0, 1, 4)] partners {3: 5}
ROW ('F', 'F', 'F', 'V', 'O1b', 'O1b') [(0, 4), (0, 5), (1, 3), (1, 4), (2, 4), (2, 5), (3, 5), (4, 5)] slack 2 faces [(0, 4, 5), (1, 3, 4), (2, 4, 5)] twoF [] partners {3: 5}
ROW ('F', 'F', 'F', 'V', 'O1b', 'O1b') [(0, 3), (0, 4), (1, 4), (1, 5), (2, 4), (2, 5), (3, 5), (4, 5)] slack 2 faces [(0, 3, 4), (1, 4, 5), (2, 4, 5)] twoF [] partners {3: 5}
ROW ('F', 'F', 'F', 'V', 'O1b', 'O0') [(0, 1), (0, 2), (0, 4), (0, 5), (1, 5), (2, 4), (3, 4), (3, 5)] slack 0 faces [(0, 1, 5), (0, 2, 4)] twoF [(0, 1, 5), (0, 2, 4)] partners {3: 4}
ROW ('F', 'F', 'F', 'V', 'O1b', 'O0') [(0, 1), (0, 5), (1, 2), (1, 4), (1, 5), (2, 4), (3, 4), (3, 5)] slack 0 faces [(0, 1, 5), (1, 2, 4)] twoF [(0, 1, 5), (1, 2, 4)] partners {3: 4}
ROW ('F', 'F', 'F', 'V', 'O1b', 'O0') [(0, 1), (0, 2), (0, 4), (0, 5), (1, 4), (2, 5), (3, 4), (3, 5)] slack 0 faces [(0, 1, 4), (0, 2, 5)] twoF [(0, 1, 4), (0, 2, 5)] partners {3: 4}
ROW ('F', 'F', 'F', 'V', 'O1b', 'O0') [(0, 1), (0, 4), (1, 2), (1, 4), (1, 5), (2, 5), (3, 4), (3, 5)] slack 0 faces [(0, 1, 4), (1, 2, 5)] twoF [(0, 1, 4), (1, 2, 5)] partners {3: 4}
ROW ('F', 'F', 'F', 'V', 'O1b', 'O0') [(0, 2), (0, 5), (1, 2), (1, 4), (2, 4), (2, 5), (3, 4), (3, 5)] slack 0 faces [(0, 2, 5), (1, 2, 4)] twoF [(0, 2, 5), (1, 2, 4)] partners {3: 4}
ROW ('F', 'F', 'F', 'V', 'O1b', 'O0') [(0, 2), (0, 4), (1, 2), (1, 5), (2, 4), (2, 5), (3, 4), (3, 5)] slack 0 faces [(0, 2, 4), (1, 2, 5)] twoF [(0, 2, 4), (1, 2, 5)] partners {3: 4}
ROW ('F', 'F', 'F', 'V', 'O1b', 'O0') [(0, 4), (0, 5), (1, 2), (1, 5), (2, 5), (3, 4), (4, 5)] slack 1 faces [(0, 4, 5), (1, 2, 5)] twoF [(1, 2, 5)] partners {3: 4}
ROW ('F', 'F', 'F', 'V', 'O1b', 'O0') [(0, 2), (0, 5), (1, 4), (1, 5), (2, 5), (3, 4), (4, 5)] slack 1 faces [(0, 2, 5), (1, 4, 5)] twoF [(0, 2, 5)] partners {3: 4}
ROW ('F', 'F', 'F', 'V', 'O1b', 'O0') [(0, 4), (0, 5), (1, 4), (1, 5), (2, 3), (2, 5), (3, 4), (4, 5)] slack 0 faces [(0, 4, 5), (1, 4, 5), (2, 3, 5)] twoF [] partners {3: 4}
ROW ('F', 'F', 'F', 'V', 'O1b', 'O0') [(0, 1), (0, 5), (1, 5), (2, 4), (2, 5), (3, 4), (4, 5)] slack 1 faces [(0, 1, 5), (2, 4, 5)] twoF [(0, 1, 5)] partners {3: 4}
ROW ('F', 'F', 'F', 'V', 'O1b', 'O0') [(0, 4), (0, 5), (1, 3), (1, 5), (2, 4), (2, 5), (3, 4), (4, 5)] slack 0 faces [(0, 4, 5), (1, 3, 5), (2, 4, 5)] twoF [] partners {3: 4}
ROW ('F', 'F', 'F', 'V', 'O1b', 'O0') [(0, 3), (0, 5), (1, 4), (1, 5), (2, 4), (2, 5), (3, 4), (4, 5)] slack 0 faces [(0, 3, 5), (1, 4, 5), (2, 4, 5)] twoF [] partners {3: 4}
ROW ('F', 'F', 'F', 'V', 'O1b', 'O0') [(0, 4), (0, 5), (1, 2), (1, 4), (2, 4), (3, 5), (4, 5)] slack 1 faces [(0, 4, 5), (1, 2, 4)] twoF [(1, 2, 4)] partners {3: 5}
ROW ('F', 'F', 'F', 'V', 'O1b', 'O0') [(0, 2), (0, 4), (1, 4), (1, 5), (2, 4), (3, 5), (4, 5)] slack 1 faces [(0, 2, 4), (1, 4, 5)] twoF [(0, 2, 4)] partners {3: 5}
ROW ('F', 'F', 'F', 'V', 'O1b', 'O0') [(0, 4), (0, 5), (1, 4), (1, 5), (2, 3), (2, 4), (3, 5), (4, 5)] slack 0 faces [(0, 4, 5), (1, 4, 5), (2, 3, 4)] twoF [] partners {3: 5}
ROW ('F', 'F', 'F', 'V', 'O1b', 'O0') [(0, 4), (0, 5), (1, 2), (1, 5), (2, 5), (3, 5), (4, 5)] slack 1 faces [(0, 4, 5), (1, 2, 5)] twoF [(1, 2, 5)] partners {3: 5}
ROW ('F', 'F', 'F', 'V', 'O1b', 'O0') [(0, 2), (0, 5), (1, 4), (1, 5), (2, 5), (3, 5), (4, 5)] slack 1 faces [(0, 2, 5), (1, 4, 5)] twoF [(0, 2, 5)] partners {3: 5}
ROW ('F', 'F', 'F', 'V', 'O1b', 'O0') [(0, 1), (0, 4), (1, 4), (2, 4), (2, 5), (3, 5), (4, 5)] slack 1 faces [(0, 1, 4), (2, 4, 5)] twoF [(0, 1, 4)] partners {3: 5}
ROW ('F', 'F', 'F', 'V', 'O1b', 'O0') [(0, 4), (0, 5), (1, 3), (1, 4), (2, 4), (2, 5), (3, 5), (4, 5)] slack 0 faces [(0, 4, 5), (1, 3, 4), (2, 4, 5)] twoF [] partners {3: 5}
ROW ('F', 'F', 'F', 'V', 'O1b', 'O0') [(0, 1), (0, 5), (1, 5), (2, 4), (2, 5), (3, 5), (4, 5)] slack 1 faces [(0, 1, 5), (2, 4, 5)] twoF [(0, 1, 5)] partners {3: 5}
ROW ('F', 'F', 'F', 'V', 'O1b', 'O0') [(0, 3), (0, 4), (1, 4), (1, 5), (2, 4), (2, 5), (3, 5), (4, 5)] slack 0 faces [(0, 3, 4), (1, 4, 5), (2, 4, 5)] twoF [] partners {3: 5}
ROW ('F', 'F', 'F', 'F', 'O1b', 'O0') [(0, 3), (0, 4), (1, 2), (1, 4), (2, 4), (3, 4)] slack 0 faces [(0, 3, 4), (1, 2, 4)] twoF [(0, 3, 4), (1, 2, 4)] partners {}
ROW ('F', 'F', 'F', 'F', 'O1b', 'O0') [(0, 2), (0, 4), (1, 3), (1, 4), (2, 4), (3, 4)] slack 0 faces [(0, 2, 4), (1, 3, 4)] twoF [(0, 2, 4), (1, 3, 4)] partners {}
ROW ('F', 'F', 'F', 'F', 'O1b', 'O0') [(0, 1), (0, 4), (1, 4), (2, 3), (2, 4), (3, 4)] slack 0 faces [(0, 1, 4), (2, 3, 4)] twoF [(0, 1, 4), (2, 3, 4)] partners {}
ROW ('F', 'F', 'F', 'F', 'O1b', 'O0') [(0, 4), (0, 5), (1, 4), (1, 5), (2, 3), (2, 4), (3, 4)] slack 0 faces [(0, 4, 5), (1, 4, 5), (2, 3, 4)] twoF [(2, 3, 4)] partners {}
ROW ('F', 'F', 'F', 'F', 'O1b', 'O0') [(0, 2), (0, 3), (0, 4), (0, 5), (1, 4), (1, 5), (2, 5), (3, 4)] slack 0 faces [(0, 2, 5), (0, 3, 4), (1, 4, 5)] twoF [(0, 2, 5), (0, 3, 4)] partners {}
ROW ('F', 'F', 'F', 'F', 'O1b', 'O0') [(0, 4), (0, 5), (1, 2), (1, 3), (1, 4), (1, 5), (2, 5), (3, 4)] slack 0 faces [(0, 4, 5), (1, 2, 5), (1, 3, 4)] twoF [(1, 2, 5), (1, 3, 4)] partners {}
ROW ('F', 'F', 'F', 'F', 'O1b', 'O0') [(0, 4), (0, 5), (1, 3), (1, 4), (2, 4), (2, 5), (3, 4)] slack 0 faces [(0, 4, 5), (1, 3, 4), (2, 4, 5)] twoF [(1, 3, 4)] partners {}
ROW ('F', 'F', 'F', 'F', 'O1b', 'O0') [(0, 1), (0, 3), (0, 4), (0, 5), (1, 5), (2, 4), (2, 5), (3, 4)] slack 0 faces [(0, 1, 5), (0, 3, 4), (2, 4, 5)] twoF [(0, 1, 5), (0, 3, 4)] partners {}
ROW ('F', 'F', 'F', 'F', 'O1b', 'O0') [(0, 3), (0, 4), (1, 4), (1, 5), (2, 4), (2, 5), (3, 4)] slack 0 faces [(0, 3, 4), (1, 4, 5), (2, 4, 5)] twoF [(0, 3, 4)] partners {}
ROW ('F', 'F', 'F', 'F', 'O1b', 'O0') [(0, 1), (0, 5), (1, 3), (1, 4), (1, 5), (2, 4), (2, 5), (3, 4)] slack 0 faces [(0, 1, 5), (1, 3, 4), (2, 4, 5)] twoF [(0, 1, 5), (1, 3, 4)] partners {}
ROW ('F', 'F', 'F', 'F', 'O1b', 'O0') [(0, 4), (0, 5), (1, 2), (1, 5), (2, 3), (2, 4), (2, 5), (3, 4)] slack 0 faces [(0, 4, 5), (1, 2, 5), (2, 3, 4)] twoF [(1, 2, 5), (2, 3, 4)] partners {}
ROW ('F', 'F', 'F', 'F', 'O1b', 'O0') [(0, 2), (0, 5), (1, 4), (1, 5), (2, 3), (2, 4), (2, 5), (3, 4)] slack 0 faces [(0, 2, 5), (1, 4, 5), (2, 3, 4)] twoF [(0, 2, 5), (2, 3, 4)] partners {}
ROW ('F', 'F', 'F', 'F', 'O1b', 'O0') [(0, 2), (0, 3), (0, 4), (0, 5), (1, 4), (1, 5), (2, 4), (3, 5)] slack 0 faces [(0, 2, 4), (0, 3, 5), (1, 4, 5)] twoF [(0, 2, 4), (0, 3, 5)] partners {}
ROW ('F', 'F', 'F', 'F', 'O1b', 'O0') [(0, 4), (0, 5), (1, 2), (1, 3), (1, 4), (1, 5), (2, 4), (3, 5)] slack 0 faces [(0, 4, 5), (1, 2, 4), (1, 3, 5)] twoF [(1, 2, 4), (1, 3, 5)] partners {}
ROW ('F', 'F', 'F', 'F', 'O1b', 'O0') [(0, 4), (0, 5), (1, 4), (1, 5), (2, 3), (2, 5), (3, 5)] slack 0 faces [(0, 4, 5), (1, 4, 5), (2, 3, 5)] twoF [(2, 3, 5)] partners {}
ROW ('F', 'F', 'F', 'F', 'O1b', 'O0') [(0, 1), (0, 3), (0, 4), (0, 5), (1, 4), (2, 4), (2, 5), (3, 5)] slack 0 faces [(0, 1, 4), (0, 3, 5), (2, 4, 5)] twoF [(0, 1, 4), (0, 3, 5)] partners {}
ROW ('F', 'F', 'F', 'F', 'O1b', 'O0') [(0, 4), (0, 5), (1, 3), (1, 5), (2, 4), (2, 5), (3, 5)] slack 0 faces [(0, 4, 5), (1, 3, 5), (2, 4, 5)] twoF [(1, 3, 5)] partners {}
ROW ('F', 'F', 'F', 'F', 'O1b', 'O0') [(0, 3), (0, 5), (1, 4), (1, 5), (2, 4), (2, 5), (3, 5)] slack 0 faces [(0, 3, 5), (1, 4, 5), (2, 4, 5)] twoF [(0, 3, 5)] partners {}
ROW ('F', 'F', 'F', 'F', 'O1b', 'O0') [(0, 1), (0, 4), (1, 3), (1, 4), (1, 5), (2, 4), (2, 5), (3, 5)] slack 0 faces [(0, 1, 4), (1, 3, 5), (2, 4, 5)] twoF [(0, 1, 4), (1, 3, 5)] partners {}
ROW ('F', 'F', 'F', 'F', 'O1b', 'O0') [(0, 4), (0, 5), (1, 2), (1, 4), (2, 3), (2, 4), (2, 5), (3, 5)] slack 0 faces [(0, 4, 5), (1, 2, 4), (2, 3, 5)] twoF [(1, 2, 4), (2, 3, 5)] partners {}
ROW ('F', 'F', 'F', 'F', 'O1b', 'O0') [(0, 2), (0, 4), (1, 4), (1, 5), (2, 3), (2, 4), (2, 5), (3, 5)] slack 0 faces [(0, 2, 4), (1, 4, 5), (2, 3, 5)] twoF [(0, 2, 4), (2, 3, 5)] partners {}
ROW ('F', 'F', 'F', 'F', 'O1b', 'O0') [(0, 4), (0, 5), (1, 2), (1, 4), (2, 4), (3, 4), (3, 5)] slack 0 faces [(0, 4, 5), (1, 2, 4), (3, 4, 5)] twoF [(1, 2, 4)] partners {}
ROW ('F', 'F', 'F', 'F', 'O1b', 'O0') [(0, 1), (0, 2), (0, 4), (0, 5), (1, 5), (2, 4), (3, 4), (3, 5)] slack 0 faces [(0, 1, 5), (0, 2, 4), (3, 4, 5)] twoF [(0, 1, 5), (0, 2, 4)] partners {}
ROW ('F', 'F', 'F', 'F', 'O1b', 'O0') [(0, 2), (0, 4), (1, 4), (1, 5), (2, 4), (3, 4), (3, 5)] slack 0 faces [(0, 2, 4), (1, 4, 5), (3, 4, 5)] twoF [(0, 2, 4)] partners {}
ROW ('F', 'F', 'F', 'F', 'O1b', 'O0') [(0, 1), (0, 5), (1, 2), (1, 4), (1, 5), (2, 4), (3, 4), (3, 5)] slack 0 faces [(0, 1, 5), (1, 2, 4), (3, 4, 5)] twoF [(0, 1, 5), (1, 2, 4)] partners {}
ROW ('F', 'F', 'F', 'F', 'O1b', 'O0') [(0, 4), (0, 5), (1, 3), (1, 5), (2, 3), (2, 4), (3, 4), (3, 5)] slack 0 faces [(0, 4, 5), (1, 3, 5), (2, 3, 4)] twoF [(1, 3, 5), (2, 3, 4)] partners {}
ROW ('F', 'F', 'F', 'F', 'O1b', 'O0') [(0, 3), (0, 5), (1, 4), (1, 5), (2, 3), (2, 4), (3, 4), (3, 5)] slack 0 faces [(0, 3, 5), (1, 4, 5), (2, 3, 4)] twoF [(0, 3, 5), (2, 3, 4)] partners {}
ROW ('F', 'F', 'F', 'F', 'O1b', 'O0') [(0, 1), (0, 2), (0, 4), (0, 5), (1, 4), (2, 5), (3, 4), (3, 5)] slack 0 faces [(0, 1, 4), (0, 2, 5), (3, 4, 5)] twoF [(0, 1, 4), (0, 2, 5)] partners {}
ROW ('F', 'F', 'F', 'F', 'O1b', 'O0') [(0, 4), (0, 5), (1, 2), (1, 5), (2, 5), (3, 4), (3, 5)] slack 0 faces [(0, 4, 5), (1, 2, 5), (3, 4, 5)] twoF [(1, 2, 5)] partners {}
ROW ('F', 'F', 'F', 'F', 'O1b', 'O0') [(0, 2), (0, 5), (1, 4), (1, 5), (2, 5), (3, 4), (3, 5)] slack 0 faces [(0, 2, 5), (1, 4, 5), (3, 4, 5)] twoF [(0, 2, 5)] partners {}
ROW ('F', 'F', 'F', 'F', 'O1b', 'O0') [(0, 1), (0, 4), (1, 2), (1, 4), (1, 5), (2, 5), (3, 4), (3, 5)] slack 0 faces [(0, 1, 4), (1, 2, 5), (3, 4, 5)] twoF [(0, 1, 4), (1, 2, 5)] partners {}
ROW ('F', 'F', 'F', 'F', 'O1b', 'O0') [(0, 4), (0, 5), (1, 3), (1, 4), (2, 3), (2, 5), (3, 4), (3, 5)] slack 0 faces [(0, 4, 5), (1, 3, 4), (2, 3, 5)] twoF [(1, 3, 4), (2, 3, 5)] partners {}
ROW ('F', 'F', 'F', 'F', 'O1b', 'O0') [(0, 3), (0, 4), (1, 4), (1, 5), (2, 3), (2, 5), (3, 4), (3, 5)] slack 0 faces [(0, 3, 4), (1, 4, 5), (2, 3, 5)] twoF [(0, 3, 4), (2, 3, 5)] partners {}
ROW ('F', 'F', 'F', 'F', 'O1b', 'O0') [(0, 1), (0, 4), (1, 4), (2, 4), (2, 5), (3, 4), (3, 5)] slack 0 faces [(0, 1, 4), (2, 4, 5), (3, 4, 5)] twoF [(0, 1, 4)] partners {}
ROW ('F', 'F', 'F', 'F', 'O1b', 'O0') [(0, 2), (0, 5), (1, 2), (1, 4), (2, 4), (2, 5), (3, 4), (3, 5)] slack 0 faces [(0, 2, 5), (1, 2, 4), (3, 4, 5)] twoF [(0, 2, 5), (1, 2, 4)] partners {}
ROW ('F', 'F', 'F', 'F', 'O1b', 'O0') [(0, 3), (0, 5), (1, 3), (1, 4), (2, 4), (2, 5), (3, 4), (3, 5)] slack 0 faces [(0, 3, 5), (1, 3, 4), (2, 4, 5)] twoF [(0, 3, 5), (1, 3, 4)] partners {}
ROW ('F', 'F', 'F', 'F', 'O1b', 'O0') [(0, 1), (0, 5), (1, 5), (2, 4), (2, 5), (3, 4), (3, 5)] slack 0 faces [(0, 1, 5), (2, 4, 5), (3, 4, 5)] twoF [(0, 1, 5)] partners {}
ROW ('F', 'F', 'F', 'F', 'O1b', 'O0') [(0, 2), (0, 4), (1, 2), (1, 5), (2, 4), (2, 5), (3, 4), (3, 5)] slack 0 faces [(0, 2, 4), (1, 2, 5), (3, 4, 5)] twoF [(0, 2, 4), (1, 2, 5)] partners {}
ROW ('F', 'F', 'F', 'F', 'O1b', 'O0') [(0, 3), (0, 4), (1, 3), (1, 5), (2, 4), (2, 5), (3, 4), (3, 5)] slack 0 faces [(0, 3, 4), (1, 3, 5), (2, 4, 5)] twoF [(0, 3, 4), (1, 3, 5)] partners {}
ROW ('F', 'F', 'F', 'F', 'O1b', 'O0') [(0, 3), (0, 4), (1, 2), (1, 4), (2, 4), (3, 4), (4, 5)] slack 1 faces [(0, 3, 4), (1, 2, 4)] twoF [(0, 3, 4), (1, 2, 4)] partners {}
ROW ('F', 'F', 'F', 'F', 'O1b', 'O0') [(0, 2), (0, 4), (1, 3), (1, 4), (2, 4), (3, 4), (4, 5)] slack 1 faces [(0, 2, 4), (1, 3, 4)] twoF [(0, 2, 4), (1, 3, 4)] partners {}
ROW ('F', 'F', 'F', 'F', 'O1b', 'O0') [(0, 1), (0, 4), (1, 4), (2, 3), (2, 4), (3, 4), (4, 5)] slack 1 faces [(0, 1, 4), (2, 3, 4)] twoF [(0, 1, 4), (2, 3, 4)] partners {}
ROW ('F', 'F', 'F', 'F', 'O1b', 'O0') [(0, 1), (0, 5), (1, 5), (2, 3), (2, 4), (3, 4), (4, 5)] slack 1 faces [(0, 1, 5), (2, 3, 4)] twoF [(0, 1, 5), (2, 3, 4)] partners {}
ROW ('F', 'F', 'F', 'F', 'O1b', 'O0') [(0, 4), (0, 5), (1, 4), (1, 5), (2, 3), (2, 4), (3, 4), (4, 5)] slack 2 faces [(0, 4, 5), (1, 4, 5), (2, 3, 4)] twoF [(2, 3, 4)] partners {}
ROW ('F', 'F', 'F', 'F', 'O1b', 'O0') [(0, 2), (0, 5), (1, 3), (1, 4), (2, 5), (3, 4), (4, 5)] slack 1 faces [(0, 2, 5), (1, 3, 4)] twoF [(0, 2, 5), (1, 3, 4)] partners {}
ROW ('F', 'F', 'F', 'F', 'O1b', 'O0') [(0, 3), (0, 4), (1, 2), (1, 5), (2, 5), (3, 4), (4, 5)] slack 1 faces [(0, 3, 4), (1, 2, 5)] twoF [(0, 3, 4), (1, 2, 5)] partners {}
ROW ('F', 'F', 'F', 'F', 'O1b', 'O0') [(0, 4), (0, 5), (1, 3), (1, 4), (2, 4), (2, 5), (3, 4), (4, 5)] slack 2 faces [(0, 4, 5), (1, 3, 4), (2, 4, 5)] twoF [(1, 3, 4)] partners {}
ROW ('F', 'F', 'F', 'F', 'O1b', 'O0') [(0, 3), (0, 4), (1, 4), (1, 5), (2, 4), (2, 5), (3, 4), (4, 5)] slack 2 faces [(0, 3, 4), (1, 4, 5), (2, 4, 5)] twoF [(0, 3, 4)] partners {}
ROW ('F', 'F', 'F', 'F', 'O1b', 'O0') [(0, 3), (0, 5), (1, 2), (1, 4), (2, 4), (3, 5), (4, 5)] slack 1 faces [(0, 3, 5), (1, 2, 4)] twoF [(0, 3, 5), (1, 2, 4)] partners {}
ROW ('F', 'F', 'F', 'F', 'O1b', 'O0') [(0, 2), (0, 4), (1, 3), (1, 5), (2, 4), (3, 5), (4, 5)] slack 1 faces [(0, 2, 4), (1, 3, 5)] twoF [(0, 2, 4), (1, 3, 5)] partners {}
ROW ('F', 'F', 'F', 'F', 'O1b', 'O0') [(0, 3), (0, 5), (1, 2), (1, 5), (2, 5), (3, 5), (4, 5)] slack 1 faces [(0, 3, 5), (1, 2, 5)] twoF [(0, 3, 5), (1, 2, 5)] partners {}
ROW ('F', 'F', 'F', 'F', 'O1b', 'O0') [(0, 2), (0, 5), (1, 3), (1, 5), (2, 5), (3, 5), (4, 5)] slack 1 faces [(0, 2, 5), (1, 3, 5)] twoF [(0, 2, 5), (1, 3, 5)] partners {}
ROW ('F', 'F', 'F', 'F', 'O1b', 'O0') [(0, 1), (0, 4), (1, 4), (2, 3), (2, 5), (3, 5), (4, 5)] slack 1 faces [(0, 1, 4), (2, 3, 5)] twoF [(0, 1, 4), (2, 3, 5)] partners {}
ROW ('F', 'F', 'F', 'F', 'O1b', 'O0') [(0, 1), (0, 5), (1, 5), (2, 3), (2, 5), (3, 5), (4, 5)] slack 1 faces [(0, 1, 5), (2, 3, 5)] twoF [(0, 1, 5), (2, 3, 5)] partners {}
ROW ('F', 'F', 'F', 'F', 'O1b', 'O0') [(0, 4), (0, 5), (1, 4), (1, 5), (2, 3), (2, 5), (3, 5), (4, 5)] slack 2 faces [(0, 4, 5), (1, 4, 5), (2, 3, 5)] twoF [(2, 3, 5)] partners {}
ROW ('F', 'F', 'F', 'F', 'O1b', 'O0') [(0, 4), (0, 5), (1, 3), (1, 5), (2, 4), (2, 5), (3, 5), (4, 5)] slack 2 faces [(0, 4, 5), (1, 3, 5), (2, 4, 5)] twoF [(1, 3, 5)] partners {}
ROW ('F', 'F', 'F', 'F', 'O1b', 'O0') [(0, 3), (0, 5), (1, 4), (1, 5), (2, 4), (2, 5), (3, 5), (4, 5)] slack 2 faces [(0, 3, 5), (1, 4, 5), (2, 4, 5)] twoF [(0, 3, 5)] partners {}
ROW ('F', 'F', 'F', 'F', 'O1b', 'O0') [(0, 4), (0, 5), (1, 2), (1, 4), (2, 4), (3, 4), (3, 5), (4, 5)] slack 2 faces [(0, 4, 5), (1, 2, 4), (3, 4, 5)] twoF [(1, 2, 4)] partners {}
ROW ('F', 'F', 'F', 'F', 'O1b', 'O0') [(0, 2), (0, 4), (1, 4), (1, 5), (2, 4), (3, 4), (3, 5), (4, 5)] slack 2 faces [(0, 2, 4), (1, 4, 5), (3, 4, 5)] twoF [(0, 2, 4)] partners {}
ROW ('F', 'F', 'F', 'F', 'O1b', 'O0') [(0, 4), (0, 5), (1, 2), (1, 5), (2, 5), (3, 4), (3, 5), (4, 5)] slack 2 faces [(0, 4, 5), (1, 2, 5), (3, 4, 5)] twoF [(1, 2, 5)] partners {}
ROW ('F', 'F', 'F', 'F', 'O1b', 'O0') [(0, 2), (0, 5), (1, 4), (1, 5), (2, 5), (3, 4), (3, 5), (4, 5)] slack 2 faces [(0, 2, 5), (1, 4, 5), (3, 4, 5)] twoF [(0, 2, 5)] partners {}
ROW ('F', 'F', 'F', 'F', 'O1b', 'O0') [(0, 1), (0, 4), (1, 4), (2, 4), (2, 5), (3, 4), (3, 5), (4, 5)] slack 2 faces [(0, 1, 4), (2, 4, 5), (3, 4, 5)] twoF [(0, 1, 4)] partners {}
ROW ('F', 'F', 'F', 'F', 'O1b', 'O0') [(0, 1), (0, 5), (1, 5), (2, 4), (2, 5), (3, 4), (3, 5), (4, 5)] slack 2 faces [(0, 1, 5), (2, 4, 5), (3, 4, 5)] twoF [(0, 1, 5)] partners {}
ROW ('F', 'F', 'F', 'F', 'O0', 'O0') [(0, 4), (0, 5), (1, 4), (1, 5), (2, 3), (2, 4), (3, 4), (4, 5)] slack 0 faces [(0, 4, 5), (1, 4, 5), (2, 3, 4)] twoF [(2, 3, 4)] partners {}
ROW ('F', 'F', 'F', 'F', 'O0', 'O0') [(0, 4), (0, 5), (1, 3), (1, 4), (2, 4), (2, 5), (3, 4), (4, 5)] slack 0 faces [(0, 4, 5), (1, 3, 4), (2, 4, 5)] twoF [(1, 3, 4)] partners {}
ROW ('F', 'F', 'F', 'F', 'O0', 'O0') [(0, 3), (0, 4), (1, 4), (1, 5), (2, 4), (2, 5), (3, 4), (4, 5)] slack 0 faces [(0, 3, 4), (1, 4, 5), (2, 4, 5)] twoF [(0, 3, 4)] partners {}
ROW ('F', 'F', 'F', 'F', 'O0', 'O0') [(0, 4), (0, 5), (1, 4), (1, 5), (2, 3), (2, 5), (3, 5), (4, 5)] slack 0 faces [(0, 4, 5), (1, 4, 5), (2, 3, 5)] twoF [(2, 3, 5)] partners {}
ROW ('F', 'F', 'F', 'F', 'O0', 'O0') [(0, 4), (0, 5), (1, 3), (1, 5), (2, 4), (2, 5), (3, 5), (4, 5)] slack 0 faces [(0, 4, 5), (1, 3, 5), (2, 4, 5)] twoF [(1, 3, 5)] partners {}
ROW ('F', 'F', 'F', 'F', 'O0', 'O0') [(0, 3), (0, 5), (1, 4), (1, 5), (2, 4), (2, 5), (3, 5), (4, 5)] slack 0 faces [(0, 3, 5), (1, 4, 5), (2, 4, 5)] twoF [(0, 3, 5)] partners {}
ROW ('F', 'F', 'F', 'F', 'O0', 'O0') [(0, 4), (0, 5), (1, 2), (1, 4), (2, 4), (3, 4), (3, 5), (4, 5)] slack 0 faces [(0, 4, 5), (1, 2, 4), (3, 4, 5)] twoF [(1, 2, 4)] partners {}
ROW ('F', 'F', 'F', 'F', 'O0', 'O0') [(0, 2), (0, 4), (1, 4), (1, 5), (2, 4), (3, 4), (3, 5), (4, 5)] slack 0 faces [(0, 2, 4), (1, 4, 5), (3, 4, 5)] twoF [(0, 2, 4)] partners {}
ROW ('F', 'F', 'F', 'F', 'O0', 'O0') [(0, 4), (0, 5), (1, 2), (1, 5), (2, 5), (3, 4), (3, 5), (4, 5)] slack 0 faces [(0, 4, 5), (1, 2, 5), (3, 4, 5)] twoF [(1, 2, 5)] partners {}
ROW ('F', 'F', 'F', 'F', 'O0', 'O0') [(0, 2), (0, 5), (1, 4), (1, 5), (2, 5), (3, 4), (3, 5), (4, 5)] slack 0 faces [(0, 2, 5), (1, 4, 5), (3, 4, 5)] twoF [(0, 2, 5)] partners {}
ROW ('F', 'F', 'F', 'F', 'O0', 'O0') [(0, 1), (0, 4), (1, 4), (2, 4), (2, 5), (3, 4), (3, 5), (4, 5)] slack 0 faces [(0, 1, 4), (2, 4, 5), (3, 4, 5)] twoF [(0, 1, 4)] partners {}
ROW ('F', 'F', 'F', 'F', 'O0', 'O0') [(0, 1), (0, 5), (1, 5), (2, 4), (2, 5), (3, 4), (3, 5), (4, 5)] slack 0 faces [(0, 1, 5), (2, 4, 5), (3, 4, 5)] twoF [(0, 1, 5)] partners {}
ROW ('F', 'F', 'F', 'O1', 'O1', 'O1b') [(0, 3), (0, 5), (1, 2), (1, 5), (2, 5)] slack 0 faces [(0, 3, 5), (1, 2, 5)] twoF [(1, 2, 5)] partners {}
ROW ('F', 'F', 'F', 'O1', 'O1', 'O1b') [(0, 4), (0, 5), (1, 2), (1, 5), (2, 5)] slack 0 faces [(0, 4, 5), (1, 2, 5)] twoF [(1, 2, 5)] partners {}
ROW ('F', 'F', 'F', 'O1', 'O1', 'O1b') [(0, 2), (0, 5), (1, 3), (1, 5), (2, 5)] slack 0 faces [(0, 2, 5), (1, 3, 5)] twoF [(0, 2, 5)] partners {}
ROW ('F', 'F', 'F', 'O1', 'O1', 'O1b') [(0, 2), (0, 5), (1, 4), (1, 5), (2, 5)] slack 0 faces [(0, 2, 5), (1, 4, 5)] twoF [(0, 2, 5)] partners {}
ROW ('F', 'F', 'F', 'O1', 'O1', 'O1b') [(0, 1), (0, 5), (1, 5), (2, 3), (2, 5)] slack 0 faces [(0, 1, 5), (2, 3, 5)] twoF [(0, 1, 5)] partners {}
ROW ('F', 'F', 'F', 'O1', 'O1', 'O1b') [(0, 1), (0, 5), (1, 5), (2, 4), (2, 5)] slack 0 faces [(0, 1, 5), (2, 4, 5)] twoF [(0, 1, 5)] partners {}
ROW ('F', 'F', 'F', 'O1', 'O1', 'O1b') [(0, 4), (0, 5), (1, 2), (1, 5), (2, 5), (3, 5)] slack 1 faces [(0, 4, 5), (1, 2, 5)] twoF [(1, 2, 5)] partners {}
ROW ('F', 'F', 'F', 'O1', 'O1', 'O1b') [(0, 2), (0, 5), (1, 4), (1, 5), (2, 5), (3, 5)] slack 1 faces [(0, 2, 5), (1, 4, 5)] twoF [(0, 2, 5)] partners {}
ROW ('F', 'F', 'F', 'O1', 'O1', 'O1b') [(0, 1), (0, 5), (1, 5), (2, 4), (2, 5), (3, 5)] slack 1 faces [(0, 1, 5), (2, 4, 5)] twoF [(0, 1, 5)] partners {}
ROW ('F', 'F', 'F', 'O1', 'O1', 'O1b') [(0, 3), (0, 5), (1, 2), (1, 5), (2, 5), (4, 5)] slack 1 faces [(0, 3, 5), (1, 2, 5)] twoF [(1, 2, 5)] partners {}
ROW ('F', 'F', 'F', 'O1', 'O1', 'O1b') [(0, 2), (0, 5), (1, 3), (1, 5), (2, 5), (4, 5)] slack 1 faces [(0, 2, 5), (1, 3, 5)] twoF [(0, 2, 5)] partners {}
ROW ('F', 'F', 'F', 'O1', 'O1', 'O1b') [(0, 1), (0, 5), (1, 5), (2, 3), (2, 5), (4, 5)] slack 1 faces [(0, 1, 5), (2, 3, 5)] twoF [(0, 1, 5)] partners {}
ROW ('F', 'F', 'F', 'O1', 'O1b', 'O1b') [(0, 4), (0, 5), (1, 2), (1, 4), (2, 4), (3, 4)] slack 0 faces [(0, 4, 5), (1, 2, 4)] twoF [(1, 2, 4)] partners {}
ROW ('F', 'F', 'F', 'O1', 'O1b', 'O1b') [(0, 1), (0, 2), (0, 4), (0, 5), (1, 5), (2, 4), (3, 4)] slack 0 faces [(0, 1, 5), (0, 2, 4)] twoF [(0, 1, 5), (0, 2, 4)] partners {}
ROW ('F', 'F', 'F', 'O1', 'O1b', 'O1b') [(0, 2), (0, 4), (1, 4), (1, 5), (2, 4), (3, 4)] slack 0 faces [(0, 2, 4), (1, 4, 5)] twoF [(0, 2, 4)] partners {}
ROW ('F', 'F', 'F', 'O1', 'O1b', 'O1b') [(0, 1), (0, 5), (1, 2), (1, 4), (1, 5), (2, 4), (3, 4)] slack 0 faces [(0, 1, 5), (1, 2, 4)] twoF [(0, 1, 5), (1, 2, 4)] partners {}
ROW ('F', 'F', 'F', 'O1', 'O1b', 'O1b') [(0, 1), (0, 2), (0, 4), (0, 5), (1, 4), (2, 5), (3, 4)] slack 0 faces [(0, 1, 4), (0, 2, 5)] twoF [(0, 1, 4), (0, 2, 5)] partners {}
ROW ('F', 'F', 'F', 'O1', 'O1b', 'O1b') [(0, 4), (0, 5), (1, 2), (1, 5), (2, 5), (3, 4)] slack 0 faces [(0, 4, 5), (1, 2, 5)] twoF [(1, 2, 5)] partners {}
ROW ('F', 'F', 'F', 'O1', 'O1b', 'O1b') [(0, 2), (0, 5), (1, 4), (1, 5), (2, 5), (3, 4)] slack 0 faces [(0, 2, 5), (1, 4, 5)] twoF [(0, 2, 5)] partners {}
ROW ('F', 'F', 'F', 'O1', 'O1b', 'O1b') [(0, 1), (0, 4), (1, 2), (1, 4), (1, 5), (2, 5), (3, 4)] slack 0 faces [(0, 1, 4), (1, 2, 5)] twoF [(0, 1, 4), (1, 2, 5)] partners {}
ROW ('F', 'F', 'F', 'O1', 'O1b', 'O1b') [(0, 1), (0, 4), (1, 4), (2, 4), (2, 5), (3, 4)] slack 0 faces [(0, 1, 4), (2, 4, 5)] twoF [(0, 1, 4)] partners {}
ROW ('F', 'F', 'F', 'O1', 'O1b', 'O1b') [(0, 2), (0, 5), (1, 2), (1, 4), (2, 4), (2, 5), (3, 4)] slack 0 faces [(0, 2, 5), (1, 2, 4)] twoF [(0, 2, 5), (1, 2, 4)] partners {}
ROW ('F', 'F', 'F', 'O1', 'O1b', 'O1b') [(0, 1), (0, 5), (1, 5), (2, 4), (2, 5), (3, 4)] slack 0 faces [(0, 1, 5), (2, 4, 5)] twoF [(0, 1, 5)] partners {}
ROW ('F', 'F', 'F', 'O1', 'O1b', 'O1b') [(0, 2), (0, 4), (1, 2), (1, 5), (2, 4), (2, 5), (3, 4)] slack 0 faces [(0, 2, 4), (1, 2, 5)] twoF [(0, 2, 4), (1, 2, 5)] partners {}
ROW ('F', 'F', 'F', 'O1', 'O1b', 'O1b') [(0, 4), (0, 5), (1, 2), (1, 4), (2, 4), (3, 5)] slack 0 faces [(0, 4, 5), (1, 2, 4)] twoF [(1, 2, 4)] partners {}
ROW ('F', 'F', 'F', 'O1', 'O1b', 'O1b') [(0, 1), (0, 2), (0, 4), (0, 5), (1, 5), (2, 4), (3, 5)] slack 0 faces [(0, 1, 5), (0, 2, 4)] twoF [(0, 1, 5), (0, 2, 4)] partners {}
ROW ('F', 'F', 'F', 'O1', 'O1b', 'O1b') [(0, 2), (0, 4), (1, 4), (1, 5), (2, 4), (3, 5)] slack 0 faces [(0, 2, 4), (1, 4, 5)] twoF [(0, 2, 4)] partners {}
ROW ('F', 'F', 'F', 'O1', 'O1b', 'O1b') [(0, 1), (0, 5), (1, 2), (1, 4), (1, 5), (2, 4), (3, 5)] slack 0 faces [(0, 1, 5), (1, 2, 4)] twoF [(0, 1, 5), (1, 2, 4)] partners {}
ROW ('F', 'F', 'F', 'O1', 'O1b', 'O1b') [(0, 1), (0, 2), (0, 4), (0, 5), (1, 4), (2, 5), (3, 5)] slack 0 faces [(0, 1, 4), (0, 2, 5)] twoF [(0, 1, 4), (0, 2, 5)] partners {}
ROW ('F', 'F', 'F', 'O1', 'O1b', 'O1b') [(0, 4), (0, 5), (1, 2), (1, 5), (2, 5), (3, 5)] slack 0 faces [(0, 4, 5), (1, 2, 5)] twoF [(1, 2, 5)] partners {}
ROW ('F', 'F', 'F', 'O1', 'O1b', 'O1b') [(0, 2), (0, 5), (1, 4), (1, 5), (2, 5), (3, 5)] slack 0 faces [(0, 2, 5), (1, 4, 5)] twoF [(0, 2, 5)] partners {}
ROW ('F', 'F', 'F', 'O1', 'O1b', 'O1b') [(0, 1), (0, 4), (1, 2), (1, 4), (1, 5), (2, 5), (3, 5)] slack 0 faces [(0, 1, 4), (1, 2, 5)] twoF [(0, 1, 4), (1, 2, 5)] partners {}
ROW ('F', 'F', 'F', 'O1', 'O1b', 'O1b') [(0, 1), (0, 4), (1, 4), (2, 4), (2, 5), (3, 5)] slack 0 faces [(0, 1, 4), (2, 4, 5)] twoF [(0, 1, 4)] partners {}
ROW ('F', 'F', 'F', 'O1', 'O1b', 'O1b') [(0, 2), (0, 5), (1, 2), (1, 4), (2, 4), (2, 5), (3, 5)] slack 0 faces [(0, 2, 5), (1, 2, 4)] twoF [(0, 2, 5), (1, 2, 4)] partners {}
ROW ('F', 'F', 'F', 'O1', 'O1b', 'O1b') [(0, 1), (0, 5), (1, 5), (2, 4), (2, 5), (3, 5)] slack 0 faces [(0, 1, 5), (2, 4, 5)] twoF [(0, 1, 5)] partners {}
ROW ('F', 'F', 'F', 'O1', 'O1b', 'O1b') [(0, 2), (0, 4), (1, 2), (1, 5), (2, 4), (2, 5), (3, 5)] slack 0 faces [(0, 2, 4), (1, 2, 5)] twoF [(0, 2, 4), (1, 2, 5)] partners {}
ROW ('F', 'F', 'F', 'O1', 'O1b', 'O1b') [(0, 3), (0, 4), (1, 2), (1, 4), (2, 4), (4, 5)] slack 0 faces [(0, 3, 4), (1, 2, 4)] twoF [(1, 2, 4)] partners {}
ROW ('F', 'F', 'F', 'O1', 'O1b', 'O1b') [(0, 3), (0, 5), (1, 2), (1, 4), (2, 4), (4, 5)] slack 0 faces [(0, 3, 5), (1, 2, 4)] twoF [(1, 2, 4)] partners {}
ROW ('F', 'F', 'F', 'O1', 'O1b', 'O1b') [(0, 4), (0, 5), (1, 2), (1, 4), (2, 4), (4, 5)] slack 1 faces [(0, 4, 5), (1, 2, 4)] twoF [(1, 2, 4)] partners {}
ROW ('F', 'F', 'F', 'O1', 'O1b', 'O1b') [(0, 2), (0, 4), (1, 3), (1, 4), (2, 4), (4, 5)] slack 0 faces [(0, 2, 4), (1, 3, 4)] twoF [(0, 2, 4)] partners {}
ROW ('F', 'F', 'F', 'O1', 'O1b', 'O1b') [(0, 2), (0, 4), (1, 3), (1, 5), (2, 4), (4, 5)] slack 0 faces [(0, 2, 4), (1, 3, 5)] twoF [(0, 2, 4)] partners {}
ROW ('F', 'F', 'F', 'O1', 'O1b', 'O1b') [(0, 2), (0, 4), (1, 4), (1, 5), (2, 4), (4, 5)] slack 1 faces [(0, 2, 4), (1, 4, 5)] twoF [(0, 2, 4)] partners {}
ROW ('F', 'F', 'F', 'O1', 'O1b', 'O1b') [(0, 1), (0, 4), (1, 4), (2, 3), (2, 4), (4, 5)] slack 0 faces [(0, 1, 4), (2, 3, 4)] twoF [(0, 1, 4)] partners {}
ROW ('F', 'F', 'F', 'O1', 'O1b', 'O1b') [(0, 1), (0, 5), (1, 5), (2, 3), (2, 4), (4, 5)] slack 0 faces [(0, 1, 5), (2, 3, 4)] twoF [(0, 1, 5)] partners {}
ROW ('F', 'F', 'F', 'O1', 'O1b', 'O1b') [(0, 4), (0, 5), (1, 4), (1, 5), (2, 3), (2, 4), (4, 5)] slack 1 faces [(0, 4, 5), (1, 4, 5), (2, 3, 4)] twoF [] partners {}
ROW ('F', 'F', 'F', 'O1', 'O1b', 'O1b') [(0, 2), (0, 5), (1, 3), (1, 4), (2, 5), (4, 5)] slack 0 faces [(0, 2, 5), (1, 3, 4)] twoF [(0, 2, 5)] partners {}
ROW ('F', 'F', 'F', 'O1', 'O1b', 'O1b') [(0, 3), (0, 4), (1, 2), (1, 5), (2, 5), (4, 5)] slack 0 faces [(0, 3, 4), (1, 2, 5)] twoF [(1, 2, 5)] partners {}
ROW ('F', 'F', 'F', 'O1', 'O1b', 'O1b') [(0, 3), (0, 5), (1, 2), (1, 5), (2, 5), (4, 5)] slack 0 faces [(0, 3, 5), (1, 2, 5)] twoF [(1, 2, 5)] partners {}
ROW ('F', 'F', 'F', 'O1', 'O1b', 'O1b') [(0, 4), (0, 5), (1, 2), (1, 5), (2, 5), (4, 5)] slack 1 faces [(0, 4, 5), (1, 2, 5)] twoF [(1, 2, 5)] partners {}
ROW ('F', 'F', 'F', 'O1', 'O1b', 'O1b') [(0, 2), (0, 5), (1, 3), (1, 5), (2, 5), (4, 5)] slack 0 faces [(0, 2, 5), (1, 3, 5)] twoF [(0, 2, 5)] partners {}
ROW ('F', 'F', 'F', 'O1', 'O1b', 'O1b') [(0, 2), (0, 5), (1, 4), (1, 5), (2, 5), (4, 5)] slack 1 faces [(0, 2, 5), (1, 4, 5)] twoF [(0, 2, 5)] partners {}
ROW ('F', 'F', 'F', 'O1', 'O1b', 'O1b') [(0, 1), (0, 4), (1, 4), (2, 3), (2, 5), (4, 5)] slack 0 faces [(0, 1, 4), (2, 3, 5)] twoF [(0, 1, 4)] partners {}
ROW ('F', 'F', 'F', 'O1', 'O1b', 'O1b') [(0, 1), (0, 5), (1, 5), (2, 3), (2, 5), (4, 5)] slack 0 faces [(0, 1, 5), (2, 3, 5)] twoF [(0, 1, 5)] partners {}
ROW ('F', 'F', 'F', 'O1', 'O1b', 'O1b') [(0, 4), (0, 5), (1, 4), (1, 5), (2, 3), (2, 5), (4, 5)] slack 1 faces [(0, 4, 5), (1, 4, 5), (2, 3, 5)] twoF [] partners {}
ROW ('F', 'F', 'F', 'O1', 'O1b', 'O1b') [(0, 1), (0, 4), (1, 4), (2, 4), (2, 5), (4, 5)] slack 1 faces [(0, 1, 4), (2, 4, 5)] twoF [(0, 1, 4)] partners {}
ROW ('F', 'F', 'F', 'O1', 'O1b', 'O1b') [(0, 4), (0, 5), (1, 3), (1, 4), (2, 4), (2, 5), (4, 5)] slack 1 faces [(0, 4, 5), (1, 3, 4), (2, 4, 5)] twoF [] partners {}
ROW ('F', 'F', 'F', 'O1', 'O1b', 'O1b') [(0, 1), (0, 5), (1, 5), (2, 4), (2, 5), (4, 5)] slack 1 faces [(0, 1, 5), (2, 4, 5)] twoF [(0, 1, 5)] partners {}
ROW ('F', 'F', 'F', 'O1', 'O1b', 'O1b') [(0, 4), (0, 5), (1, 3), (1, 5), (2, 4), (2, 5), (4, 5)] slack 1 faces [(0, 4, 5), (1, 3, 5), (2, 4, 5)] twoF [] partners {}
ROW ('F', 'F', 'F', 'O1', 'O1b', 'O1b') [(0, 3), (0, 4), (1, 4), (1, 5), (2, 4), (2, 5), (4, 5)] slack 1 faces [(0, 3, 4), (1, 4, 5), (2, 4, 5)] twoF [] partners {}
ROW ('F', 'F', 'F', 'O1', 'O1b', 'O1b') [(0, 3), (0, 5), (1, 4), (1, 5), (2, 4), (2, 5), (4, 5)] slack 1 faces [(0, 3, 5), (1, 4, 5), (2, 4, 5)] twoF [] partners {}
ROW ('F', 'F', 'F', 'O1', 'O1b', 'O1b') [(0, 4), (0, 5), (1, 2), (1, 4), (2, 4), (3, 4), (4, 5)] slack 2 faces [(0, 4, 5), (1, 2, 4)] twoF [(1, 2, 4)] partners {}
ROW ('F', 'F', 'F', 'O1', 'O1b', 'O1b') [(0, 2), (0, 4), (1, 4), (1, 5), (2, 4), (3, 4), (4, 5)] slack 2 faces [(0, 2, 4), (1, 4, 5)] twoF [(0, 2, 4)] partners {}
ROW ('F', 'F', 'F', 'O1', 'O1b', 'O1b') [(0, 4), (0, 5), (1, 2), (1, 5), (2, 5), (3, 4), (4, 5)] slack 2 faces [(0, 4, 5), (1, 2, 5)] twoF [(1, 2, 5)] partners {}
ROW ('F', 'F', 'F', 'O1', 'O1b', 'O1b') [(0, 2), (0, 5), (1, 4), (1, 5), (2, 5), (3, 4), (4, 5)] slack 2 faces [(0, 2, 5), (1, 4, 5)] twoF [(0, 2, 5)] partners {}
ROW ('F', 'F', 'F', 'O1', 'O1b', 'O1b') [(0, 1), (0, 4), (1, 4), (2, 4), (2, 5), (3, 4), (4, 5)] slack 2 faces [(0, 1, 4), (2, 4, 5)] twoF [(0, 1, 4)] partners {}
ROW ('F', 'F', 'F', 'O1', 'O1b', 'O1b') [(0, 1), (0, 5), (1, 5), (2, 4), (2, 5), (3, 4), (4, 5)] slack 2 faces [(0, 1, 5), (2, 4, 5)] twoF [(0, 1, 5)] partners {}
ROW ('F', 'F', 'F', 'O1', 'O1b', 'O1b') [(0, 4), (0, 5), (1, 2), (1, 4), (2, 4), (3, 5), (4, 5)] slack 2 faces [(0, 4, 5), (1, 2, 4)] twoF [(1, 2, 4)] partners {}
ROW ('F', 'F', 'F', 'O1', 'O1b', 'O1b') [(0, 2), (0, 4), (1, 4), (1, 5), (2, 4), (3, 5), (4, 5)] slack 2 faces [(0, 2, 4), (1, 4, 5)] twoF [(0, 2, 4)] partners {}
ROW ('F', 'F', 'F', 'O1', 'O1b', 'O1b') [(0, 4), (0, 5), (1, 2), (1, 5), (2, 5), (3, 5), (4, 5)] slack 2 faces [(0, 4, 5), (1, 2, 5)] twoF [(1, 2, 5)] partners {}
ROW ('F', 'F', 'F', 'O1', 'O1b', 'O1b') [(0, 2), (0, 5), (1, 4), (1, 5), (2, 5), (3, 5), (4, 5)] slack 2 faces [(0, 2, 5), (1, 4, 5)] twoF [(0, 2, 5)] partners {}
ROW ('F', 'F', 'F', 'O1', 'O1b', 'O1b') [(0, 1), (0, 4), (1, 4), (2, 4), (2, 5), (3, 5), (4, 5)] slack 2 faces [(0, 1, 4), (2, 4, 5)] twoF [(0, 1, 4)] partners {}
ROW ('F', 'F', 'F', 'O1', 'O1b', 'O1b') [(0, 1), (0, 5), (1, 5), (2, 4), (2, 5), (3, 5), (4, 5)] slack 2 faces [(0, 1, 5), (2, 4, 5)] twoF [(0, 1, 5)] partners {}
ROW ('F', 'F', 'F', 'O1', 'O1b', 'O0') [(0, 4), (0, 5), (1, 2), (1, 4), (2, 4), (3, 4), (4, 5)] slack 0 faces [(0, 4, 5), (1, 2, 4)] twoF [(1, 2, 4)] partners {}
ROW ('F', 'F', 'F', 'O1', 'O1b', 'O0') [(0, 2), (0, 4), (1, 4), (1, 5), (2, 4), (3, 4), (4, 5)] slack 0 faces [(0, 2, 4), (1, 4, 5)] twoF [(0, 2, 4)] partners {}
ROW ('F', 'F', 'F', 'O1', 'O1b', 'O0') [(0, 4), (0, 5), (1, 2), (1, 5), (2, 5), (3, 4), (4, 5)] slack 0 faces [(0, 4, 5), (1, 2, 5)] twoF [(1, 2, 5)] partners {}
ROW ('F', 'F', 'F', 'O1', 'O1b', 'O0') [(0, 2), (0, 5), (1, 4), (1, 5), (2, 5), (3, 4), (4, 5)] slack 0 faces [(0, 2, 5), (1, 4, 5)] twoF [(0, 2, 5)] partners {}
ROW ('F', 'F', 'F', 'O1', 'O1b', 'O0') [(0, 1), (0, 4), (1, 4), (2, 4), (2, 5), (3, 4), (4, 5)] slack 0 faces [(0, 1, 4), (2, 4, 5)] twoF [(0, 1, 4)] partners {}
ROW ('F', 'F', 'F', 'O1', 'O1b', 'O0') [(0, 1), (0, 5), (1, 5), (2, 4), (2, 5), (3, 4), (4, 5)] slack 0 faces [(0, 1, 5), (2, 4, 5)] twoF [(0, 1, 5)] partners {}
ROW ('F', 'F', 'F', 'O1', 'O1b', 'O0') [(0, 4), (0, 5), (1, 2), (1, 4), (2, 4), (3, 5), (4, 5)] slack 0 faces [(0, 4, 5), (1, 2, 4)] twoF [(1, 2, 4)] partners {}
ROW ('F', 'F', 'F', 'O1', 'O1b', 'O0') [(0, 2), (0, 4), (1, 4), (1, 5), (2, 4), (3, 5), (4, 5)] slack 0 faces [(0, 2, 4), (1, 4, 5)] twoF [(0, 2, 4)] partners {}
ROW ('F', 'F', 'F', 'O1', 'O1b', 'O0') [(0, 4), (0, 5), (1, 2), (1, 5), (2, 5), (3, 5), (4, 5)] slack 0 faces [(0, 4, 5), (1, 2, 5)] twoF [(1, 2, 5)] partners {}
ROW ('F', 'F', 'F', 'O1', 'O1b', 'O0') [(0, 2), (0, 5), (1, 4), (1, 5), (2, 5), (3, 5), (4, 5)] slack 0 faces [(0, 2, 5), (1, 4, 5)] twoF [(0, 2, 5)] partners {}
ROW ('F', 'F', 'F', 'O1', 'O1b', 'O0') [(0, 1), (0, 4), (1, 4), (2, 4), (2, 5), (3, 5), (4, 5)] slack 0 faces [(0, 1, 4), (2, 4, 5)] twoF [(0, 1, 4)] partners {}
ROW ('F', 'F', 'F', 'O1', 'O1b', 'O0') [(0, 1), (0, 5), (1, 5), (2, 4), (2, 5), (3, 5), (4, 5)] slack 0 faces [(0, 1, 5), (2, 4, 5)] twoF [(0, 1, 5)] partners {}
ROW ('F', 'F', 'F', 'O1b', 'O1b', 'O1b') [(0, 3), (0, 5), (1, 3), (1, 4), (2, 3), (2, 4), (3, 4)] slack 0 faces [(0, 3, 5), (1, 3, 4), (2, 3, 4)] twoF [] partners {}
ROW ('F', 'F', 'F', 'O1b', 'O1b', 'O1b') [(0, 4), (0, 5), (1, 3), (1, 4), (2, 3), (2, 4), (3, 4)] slack 0 faces [(0, 4, 5), (1, 3, 4), (2, 3, 4)] twoF [] partners {}
ROW ('F', 'F', 'F', 'O1b', 'O1b', 'O1b') [(0, 1), (0, 3), (0, 4), (0, 5), (1, 5), (2, 3), (2, 4), (3, 4)] slack 0 faces [(0, 1, 5), (0, 3, 4), (2, 3, 4)] twoF [(0, 1, 5)] partners {}
ROW ('F', 'F', 'F', 'O1b', 'O1b', 'O1b') [(0, 3), (0, 4), (1, 3), (1, 5), (2, 3), (2, 4), (3, 4)] slack 0 faces [(0, 3, 4), (1, 3, 5), (2, 3, 4)] twoF [] partners {}
ROW ('F', 'F', 'F', 'O1b', 'O1b', 'O1b') [(0, 3), (0, 5), (1, 3), (1, 5), (2, 3), (2, 4), (3, 4)] slack 0 faces [(0, 3, 5), (1, 3, 5), (2, 3, 4)] twoF [] partners {}
ROW ('F', 'F', 'F', 'O1b', 'O1b', 'O1b') [(0, 3), (0, 4), (1, 4), (1, 5), (2, 3), (2, 4), (3, 4)] slack 0 faces [(0, 3, 4), (1, 4, 5), (2, 3, 4)] twoF [] partners {}
ROW ('F', 'F', 'F', 'O1b', 'O1b', 'O1b') [(0, 4), (0, 5), (1, 4), (1, 5), (2, 3), (2, 4), (3, 4)] slack 0 faces [(0, 4, 5), (1, 4, 5), (2, 3, 4)] twoF [] partners {}
ROW ('F', 'F', 'F', 'O1b', 'O1b', 'O1b') [(0, 1), (0, 5), (1, 3), (1, 4), (1, 5), (2, 3), (2, 4), (3, 4)] slack 0 faces [(0, 1, 5), (1, 3, 4), (2, 3, 4)] twoF [(0, 1, 5)] partners {}
ROW ('F', 'F', 'F', 'O1b', 'O1b', 'O1b') [(0, 2), (0, 3), (0, 4), (0, 5), (1, 3), (1, 4), (2, 5), (3, 4)] slack 0 faces [(0, 2, 5), (0, 3, 4), (1, 3, 4)] twoF [(0, 2, 5)] partners {}
ROW ('F', 'F', 'F', 'O1b', 'O1b', 'O1b') [(0, 2), (0, 3), (0, 4), (0, 5), (1, 3), (1, 5), (2, 5), (3, 4)] slack 0 faces [(0, 2, 5), (0, 3, 4), (1, 3, 5)] twoF [(0, 2, 5)] partners {}
ROW ('F', 'F', 'F', 'O1b', 'O1b', 'O1b') [(0, 2), (0, 3), (0, 4), (0, 5), (1, 4), (1, 5), (2, 5), (3, 4)] slack 0 faces [(0, 2, 5), (0, 3, 4), (1, 4, 5)] twoF [(0, 2, 5)] partners {}
ROW ('F', 'F', 'F', 'O1b', 'O1b', 'O1b') [(0, 3), (0, 4), (1, 2), (1, 3), (1, 4), (1, 5), (2, 5), (3, 4)] slack 0 faces [(0, 3, 4), (1, 2, 5), (1, 3, 4)] twoF [(1, 2, 5)] partners {}
ROW ('F', 'F', 'F', 'O1b', 'O1b', 'O1b') [(0, 3), (0, 5), (1, 2), (1, 3), (1, 4), (1, 5), (2, 5), (3, 4)] slack 0 faces [(0, 3, 5), (1, 2, 5), (1, 3, 4)] twoF [(1, 2, 5)] partners {}
ROW ('F', 'F', 'F', 'O1b', 'O1b', 'O1b') [(0, 4), (0, 5), (1, 2), (1, 3), (1, 4), (1, 5), (2, 5), (3, 4)] slack 0 faces [(0, 4, 5), (1, 2, 5), (1, 3, 4)] twoF [(1, 2, 5)] partners {}
ROW ('F', 'F', 'F', 'O1b', 'O1b', 'O1b') [(0, 3), (0, 4), (1, 3), (1, 4), (2, 3), (2, 5), (3, 4)] slack 0 faces [(0, 3, 4), (1, 3, 4), (2, 3, 5)] twoF [] partners {}
ROW ('F', 'F', 'F', 'O1b', 'O1b', 'O1b') [(0, 3), (0, 5), (1, 3), (1, 4), (2, 3), (2, 5), (3, 4)] slack 0 faces [(0, 3, 5), (1, 3, 4), (2, 3, 5)] twoF [] partners {}
ROW ('F', 'F', 'F', 'O1b', 'O1b', 'O1b') [(0, 1), (0, 3), (0, 4), (0, 5), (1, 5), (2, 3), (2, 5), (3, 4)] slack 0 faces [(0, 1, 5), (0, 3, 4), (2, 3, 5)] twoF [(0, 1, 5)] partners {}
ROW ('F', 'F', 'F', 'O1b', 'O1b', 'O1b') [(0, 3), (0, 4), (1, 3), (1, 5), (2, 3), (2, 5), (3, 4)] slack 0 faces [(0, 3, 4), (1, 3, 5), (2, 3, 5)] twoF [] partners {}
ROW ('F', 'F', 'F', 'O1b', 'O1b', 'O1b') [(0, 1), (0, 5), (1, 3), (1, 4), (1, 5), (2, 3), (2, 5), (3, 4)] slack 0 faces [(0, 1, 5), (1, 3, 4), (2, 3, 5)] twoF [(0, 1, 5)] partners {}
ROW ('F', 'F', 'F', 'O1b', 'O1b', 'O1b') [(0, 3), (0, 4), (1, 3), (1, 4), (2, 4), (2, 5), (3, 4)] slack 0 faces [(0, 3, 4), (1, 3, 4), (2, 4, 5)] twoF [] partners {}
ROW ('F', 'F', 'F', 'O1b', 'O1b', 'O1b') [(0, 4), (0, 5), (1, 3), (1, 4), (2, 4), (2, 5), (3, 4)] slack 0 faces [(0, 4, 5), (1, 3, 4), (2, 4, 5)] twoF [] partners {}
ROW ('F', 'F', 'F', 'O1b', 'O1b', 'O1b') [(0, 1), (0, 3), (0, 4), (0, 5), (1, 5), (2, 4), (2, 5), (3, 4)] slack 0 faces [(0, 1, 5), (0, 3, 4), (2, 4, 5)] twoF [(0, 1, 5)] partners {}
ROW ('F', 'F', 'F', 'O1b', 'O1b', 'O1b') [(0, 3), (0, 4), (1, 4), (1, 5), (2, 4), (2, 5), (3, 4)] slack 0 faces [(0, 3, 4), (1, 4, 5), (2, 4, 5)] twoF [] partners {}
ROW ('F', 'F', 'F', 'O1b', 'O1b', 'O1b') [(0, 1), (0, 5), (1, 3), (1, 4), (1, 5), (2, 4), (2, 5), (3, 4)] slack 0 faces [(0, 1, 5), (1, 3, 4), (2, 4, 5)] twoF [(0, 1, 5)] partners {}
ROW ('F', 'F', 'F', 'O1b', 'O1b', 'O1b') [(0, 2), (0, 5), (1, 3), (1, 4), (2, 3), (2, 4), (2, 5), (3, 4)] slack 0 faces [(0, 2, 5), (1, 3, 4), (2, 3, 4)] twoF [(0, 2, 5)] partners {}
ROW ('F', 'F', 'F', 'O1b', 'O1b', 'O1b') [(0, 3), (0, 4), (1, 2), (1, 5), (2, 3), (2, 4), (2, 5), (3, 4)] slack 0 faces [(0, 3, 4), (1, 2, 5), (2, 3, 4)] twoF [(1, 2, 5)] partners {}
ROW ('F', 'F', 'F', 'O1b', 'O1b', 'O1b') [(0, 3), (0, 5), (1, 2), (1, 5), (2, 3), (2, 4), (2, 5), (3, 4)] slack 0 faces [(0, 3, 5), (1, 2, 5), (2, 3, 4)] twoF [(1, 2, 5)] partners {}
ROW ('F', 'F', 'F', 'O1b', 'O1b', 'O1b') [(0, 4), (0, 5), (1, 2), (1, 5), (2, 3), (2, 4), (2, 5), (3, 4)] slack 0 faces [(0, 4, 5), (1, 2, 5), (2, 3, 4)] twoF [(1, 2, 5)] partners {}
ROW ('F', 'F', 'F', 'O1b', 'O1b', 'O1b') [(0, 2), (0, 5), (1, 3), (1, 5), (2, 3), (2, 4), (2, 5), (3, 4)] slack 0 faces [(0, 2, 5), (1, 3, 5), (2, 3, 4)] twoF [(0, 2, 5)] partners {}
ROW ('F', 'F', 'F', 'O1b', 'O1b', 'O1b') [(0, 2), (0, 5), (1, 4), (1, 5), (2, 3), (2, 4), (2, 5), (3, 4)] slack 0 faces [(0, 2, 5), (1, 4, 5), (2, 3, 4)] twoF [(0, 2, 5)] partners {}
ROW ('F', 'F', 'F', 'O1b', 'O1b', 'O1b') [(0, 2), (0, 3), (0, 4), (0, 5), (1, 3), (1, 4), (2, 4), (3, 5)] slack 0 faces [(0, 2, 4), (0, 3, 5), (1, 3, 4)] twoF [(0, 2, 4)] partners {}
ROW ('F', 'F', 'F', 'O1b', 'O1b', 'O1b') [(0, 2), (0, 3), (0, 4), (0, 5), (1, 3), (1, 5), (2, 4), (3, 5)] slack 0 faces [(0, 2, 4), (0, 3, 5), (1, 3, 5)] twoF [(0, 2, 4)] partners {}
ROW ('F', 'F', 'F', 'O1b', 'O1b', 'O1b') [(0, 2), (0, 3), (0, 4), (0, 5), (1, 4), (1, 5), (2, 4), (3, 5)] slack 0 faces [(0, 2, 4), (0, 3, 5), (1, 4, 5)] twoF [(0, 2, 4)] partners {}
ROW ('F', 'F', 'F', 'O1b', 'O1b', 'O1b') [(0, 3), (0, 4), (1, 2), (1, 3), (1, 4), (1, 5), (2, 4), (3, 5)] slack 0 faces [(0, 3, 4), (1, 2, 4), (1, 3, 5)] twoF [(1, 2, 4)] partners {}
ROW ('F', 'F', 'F', 'O1b', 'O1b', 'O1b') [(0, 3), (0, 5), (1, 2), (1, 3), (1, 4), (1, 5), (2, 4), (3, 5)] slack 0 faces [(0, 3, 5), (1, 2, 4), (1, 3, 5)] twoF [(1, 2, 4)] partners {}
ROW ('F', 'F', 'F', 'O1b', 'O1b', 'O1b') [(0, 4), (0, 5), (1, 2), (1, 3), (1, 4), (1, 5), (2, 4), (3, 5)] slack 0 faces [(0, 4, 5), (1, 2, 4), (1, 3, 5)] twoF [(1, 2, 4)] partners {}
ROW ('F', 'F', 'F', 'O1b', 'O1b', 'O1b') [(0, 1), (0, 3), (0, 4), (0, 5), (1, 4), (2, 3), (2, 4), (3, 5)] slack 0 faces [(0, 1, 4), (0, 3, 5), (2, 3, 4)] twoF [(0, 1, 4)] partners {}
ROW ('F', 'F', 'F', 'O1b', 'O1b', 'O1b') [(0, 3), (0, 5), (1, 3), (1, 4), (2, 3), (2, 4), (3, 5)] slack 0 faces [(0, 3, 5), (1, 3, 4), (2, 3, 4)] twoF [] partners {}
ROW ('F', 'F', 'F', 'O1b', 'O1b', 'O1b') [(0, 3), (0, 4), (1, 3), (1, 5), (2, 3), (2, 4), (3, 5)] slack 0 faces [(0, 3, 4), (1, 3, 5), (2, 3, 4)] twoF [] partners {}
ROW ('F', 'F', 'F', 'O1b', 'O1b', 'O1b') [(0, 3), (0, 5), (1, 3), (1, 5), (2, 3), (2, 4), (3, 5)] slack 0 faces [(0, 3, 5), (1, 3, 5), (2, 3, 4)] twoF [] partners {}
ROW ('F', 'F', 'F', 'O1b', 'O1b', 'O1b') [(0, 1), (0, 4), (1, 3), (1, 4), (1, 5), (2, 3), (2, 4), (3, 5)] slack 0 faces [(0, 1, 4), (1, 3, 5), (2, 3, 4)] twoF [(0, 1, 4)] partners {}
ROW ('F', 'F', 'F', 'O1b', 'O1b', 'O1b') [(0, 1), (0, 3), (0, 4), (0, 5), (1, 4), (2, 3), (2, 5), (3, 5)] slack 0 faces [(0, 1, 4), (0, 3, 5), (2, 3, 5)] twoF [(0, 1, 4)] partners {}
ROW ('F', 'F', 'F', 'O1b', 'O1b', 'O1b') [(0, 3), (0, 4), (1, 3), (1, 4), (2, 3), (2, 5), (3, 5)] slack 0 faces [(0, 3, 4), (1, 3, 4), (2, 3, 5)] twoF [] partners {}
ROW ('F', 'F', 'F', 'O1b', 'O1b', 'O1b') [(0, 3), (0, 5), (1, 3), (1, 4), (2, 3), (2, 5), (3, 5)] slack 0 faces [(0, 3, 5), (1, 3, 4), (2, 3, 5)] twoF [] partners {}
ROW ('F', 'F', 'F', 'O1b', 'O1b', 'O1b') [(0, 3), (0, 4), (1, 3), (1, 5), (2, 3), (2, 5), (3, 5)] slack 0 faces [(0, 3, 4), (1, 3, 5), (2, 3, 5)] twoF [] partners {}
ROW ('F', 'F', 'F', 'O1b', 'O1b', 'O1b') [(0, 4), (0, 5), (1, 3), (1, 5), (2, 3), (2, 5), (3, 5)] slack 0 faces [(0, 4, 5), (1, 3, 5), (2, 3, 5)] twoF [] partners {}
ROW ('F', 'F', 'F', 'O1b', 'O1b', 'O1b') [(0, 3), (0, 5), (1, 4), (1, 5), (2, 3), (2, 5), (3, 5)] slack 0 faces [(0, 3, 5), (1, 4, 5), (2, 3, 5)] twoF [] partners {}
ROW ('F', 'F', 'F', 'O1b', 'O1b', 'O1b') [(0, 4), (0, 5), (1, 4), (1, 5), (2, 3), (2, 5), (3, 5)] slack 0 faces [(0, 4, 5), (1, 4, 5), (2, 3, 5)] twoF [] partners {}
ROW ('F', 'F', 'F', 'O1b', 'O1b', 'O1b') [(0, 1), (0, 4), (1, 3), (1, 4), (1, 5), (2, 3), (2, 5), (3, 5)] slack 0 faces [(0, 1, 4), (1, 3, 5), (2, 3, 5)] twoF [(0, 1, 4)] partners {}
ROW ('F', 'F', 'F', 'O1b', 'O1b', 'O1b') [(0, 1), (0, 3), (0, 4), (0, 5), (1, 4), (2, 4), (2, 5), (3, 5)] slack 0 faces [(0, 1, 4), (0, 3, 5), (2, 4, 5)] twoF [(0, 1, 4)] partners {}
ROW ('F', 'F', 'F', 'O1b', 'O1b', 'O1b') [(0, 3), (0, 5), (1, 3), (1, 5), (2, 4), (2, 5), (3, 5)] slack 0 faces [(0, 3, 5), (1, 3, 5), (2, 4, 5)] twoF [] partners {}
ROW ('F', 'F', 'F', 'O1b', 'O1b', 'O1b') [(0, 4), (0, 5), (1, 3), (1, 5), (2, 4), (2, 5), (3, 5)] slack 0 faces [(0, 4, 5), (1, 3, 5), (2, 4, 5)] twoF [] partners {}
ROW ('F', 'F', 'F', 'O1b', 'O1b', 'O1b') [(0, 3), (0, 5), (1, 4), (1, 5), (2, 4), (2, 5), (3, 5)] slack 0 faces [(0, 3, 5), (1, 4, 5), (2, 4, 5)] twoF [] partners {}
ROW ('F', 'F', 'F', 'O1b', 'O1b', 'O1b') [(0, 1), (0, 4), (1, 3), (1, 4), (1, 5), (2, 4), (2, 5), (3, 5)] slack 0 faces [(0, 1, 4), (1, 3, 5), (2, 4, 5)] twoF [(0, 1, 4)] partners {}
ROW ('F', 'F', 'F', 'O1b', 'O1b', 'O1b') [(0, 3), (0, 4), (1, 2), (1, 4), (2, 3), (2, 4), (2, 5), (3, 5)] slack 0 faces [(0, 3, 4), (1, 2, 4), (2, 3, 5)] twoF [(1, 2, 4)] partners {}
ROW ('F', 'F', 'F', 'O1b', 'O1b', 'O1b') [(0, 3), (0, 5), (1, 2), (1, 4), (2, 3), (2, 4), (2, 5), (3, 5)] slack 0 faces [(0, 3, 5), (1, 2, 4), (2, 3, 5)] twoF [(1, 2, 4)] partners {}
ROW ('F', 'F', 'F', 'O1b', 'O1b', 'O1b') [(0, 4), (0, 5), (1, 2), (1, 4), (2, 3), (2, 4), (2, 5), (3, 5)] slack 0 faces [(0, 4, 5), (1, 2, 4), (2, 3, 5)] twoF [(1, 2, 4)] partners {}
ROW ('F', 'F', 'F', 'O1b', 'O1b', 'O1b') [(0, 2), (0, 4), (1, 3), (1, 4), (2, 3), (2, 4), (2, 5), (3, 5)] slack 0 faces [(0, 2, 4), (1, 3, 4), (2, 3, 5)] twoF [(0, 2, 4)] partners {}
ROW ('F', 'F', 'F', 'O1b', 'O1b', 'O1b') [(0, 2), (0, 4), (1, 3), (1, 5), (2, 3), (2, 4), (2, 5), (3, 5)] slack 0 faces [(0, 2, 4), (1, 3, 5), (2, 3, 5)] twoF [(0, 2, 4)] partners {}
ROW ('F', 'F', 'F', 'O1b', 'O1b', 'O1b') [(0, 2), (0, 4), (1, 4), (1, 5), (2, 3), (2, 4), (2, 5), (3, 5)] slack 0 faces [(0, 2, 4), (1, 4, 5), (2, 3, 5)] twoF [(0, 2, 4)] partners {}
ROW ('F', 'F', 'F', 'O1b', 'O1b', 'O1b') [(0, 3), (0, 4), (1, 2), (1, 3), (2, 3), (3, 4), (3, 5)] slack 1 faces [(0, 3, 4), (1, 2, 3)] twoF [(1, 2, 3)] partners {}
ROW ('F', 'F', 'F', 'O1b', 'O1b', 'O1b') [(0, 3), (0, 5), (1, 2), (1, 3), (2, 3), (3, 4), (3, 5)] slack 1 faces [(0, 3, 5), (1, 2, 3)] twoF [(1, 2, 3)] partners {}
ROW ('F', 'F', 'F', 'O1b', 'O1b', 'O1b') [(0, 4), (0, 5), (1, 2), (1, 3), (2, 3), (3, 4), (3, 5)] slack 0 faces [(0, 4, 5), (1, 2, 3)] twoF [(1, 2, 3)] partners {}
ROW ('F', 'F', 'F', 'O1b', 'O1b', 'O1b') [(0, 2), (0, 3), (1, 3), (1, 4), (2, 3), (3, 4), (3, 5)] slack 1 faces [(0, 2, 3), (1, 3, 4)] twoF [(0, 2, 3)] partners {}
ROW ('F', 'F', 'F', 'O1b', 'O1b', 'O1b') [(0, 2), (0, 3), (1, 3), (1, 5), (2, 3), (3, 4), (3, 5)] slack 1 faces [(0, 2, 3), (1, 3, 5)] twoF [(0, 2, 3)] partners {}
ROW ('F', 'F', 'F', 'O1b', 'O1b', 'O1b') [(0, 2), (0, 3), (1, 4), (1, 5), (2, 3), (3, 4), (3, 5)] slack 0 faces [(0, 2, 3), (1, 4, 5)] twoF [(0, 2, 3)] partners {}
ROW ('F', 'F', 'F', 'O1b', 'O1b', 'O1b') [(0, 3), (0, 4), (1, 2), (1, 4), (2, 4), (3, 4), (3, 5)] slack 1 faces [(0, 3, 4), (1, 2, 4)] twoF [(1, 2, 4)] partners {}
ROW ('F', 'F', 'F', 'O1b', 'O1b', 'O1b') [(0, 3), (0, 5), (1, 2), (1, 4), (2, 4), (3, 4), (3, 5)] slack 1 faces [(0, 3, 5), (1, 2, 4)] twoF [(1, 2, 4)] partners {}
ROW ('F', 'F', 'F', 'O1b', 'O1b', 'O1b') [(0, 4), (0, 5), (1, 2), (1, 4), (2, 4), (3, 4), (3, 5)] slack 0 faces [(0, 4, 5), (1, 2, 4)] twoF [(1, 2, 4)] partners {}
ROW ('F', 'F', 'F', 'O1b', 'O1b', 'O1b') [(0, 2), (0, 4), (1, 3), (1, 4), (2, 4), (3, 4), (3, 5)] slack 1 faces [(0, 2, 4), (1, 3, 4)] twoF [(0, 2, 4)] partners {}
ROW ('F', 'F', 'F', 'O1b', 'O1b', 'O1b') [(0, 1), (0, 2), (0, 4), (0, 5), (1, 5), (2, 4), (3, 4), (3, 5)] slack 0 faces [(0, 1, 5), (0, 2, 4)] twoF [(0, 1, 5), (0, 2, 4)] partners {}
ROW ('F', 'F', 'F', 'O1b', 'O1b', 'O1b') [(0, 2), (0, 4), (1, 3), (1, 5), (2, 4), (3, 4), (3, 5)] slack 1 faces [(0, 2, 4), (1, 3, 5)] twoF [(0, 2, 4)] partners {}
ROW ('F', 'F', 'F', 'O1b', 'O1b', 'O1b') [(0, 2), (0, 4), (1, 4), (1, 5), (2, 4), (3, 4), (3, 5)] slack 0 faces [(0, 2, 4), (1, 4, 5)] twoF [(0, 2, 4)] partners {}
ROW ('F', 'F', 'F', 'O1b', 'O1b', 'O1b') [(0, 1), (0, 5), (1, 2), (1, 4), (1, 5), (2, 4), (3, 4), (3, 5)] slack 0 faces [(0, 1, 5), (1, 2, 4)] twoF [(0, 1, 5), (1, 2, 4)] partners {}
ROW ('F', 'F', 'F', 'O1b', 'O1b', 'O1b') [(0, 1), (0, 3), (1, 3), (2, 3), (2, 4), (3, 4), (3, 5)] slack 1 faces [(0, 1, 3), (2, 3, 4)] twoF [(0, 1, 3)] partners {}
ROW ('F', 'F', 'F', 'O1b', 'O1b', 'O1b') [(0, 1), (0, 4), (1, 4), (2, 3), (2, 4), (3, 4), (3, 5)] slack 1 faces [(0, 1, 4), (2, 3, 4)] twoF [(0, 1, 4)] partners {}
ROW ('F', 'F', 'F', 'O1b', 'O1b', 'O1b') [(0, 3), (0, 5), (1, 3), (1, 4), (2, 3), (2, 4), (3, 4), (3, 5)] slack 2 faces [(0, 3, 5), (1, 3, 4), (2, 3, 4)] twoF [] partners {}
ROW ('F', 'F', 'F', 'O1b', 'O1b', 'O1b') [(0, 4), (0, 5), (1, 3), (1, 4), (2, 3), (2, 4), (3, 4), (3, 5)] slack 1 faces [(0, 4, 5), (1, 3, 4), (2, 3, 4)] twoF [] partners {}
ROW ('F', 'F', 'F', 'O1b', 'O1b', 'O1b') [(0, 1), (0, 5), (1, 5), (2, 3), (2, 4), (3, 4), (3, 5)] slack 1 faces [(0, 1, 5), (2, 3, 4)] twoF [(0, 1, 5)] partners {}
ROW ('F', 'F', 'F', 'O1b', 'O1b', 'O1b') [(0, 3), (0, 4), (1, 3), (1, 5), (2, 3), (2, 4), (3, 4), (3, 5)] slack 2 faces [(0, 3, 4), (1, 3, 5), (2, 3, 4)] twoF [] partners {}
ROW ('F', 'F', 'F', 'O1b', 'O1b', 'O1b') [(0, 3), (0, 5), (1, 3), (1, 5), (2, 3), (2, 4), (3, 4), (3, 5)] slack 2 faces [(0, 3, 5), (1, 3, 5), (2, 3, 4)] twoF [] partners {}
ROW ('F', 'F', 'F', 'O1b', 'O1b', 'O1b') [(0, 4), (0, 5), (1, 3), (1, 5), (2, 3), (2, 4), (3, 4), (3, 5)] slack 1 faces [(0, 4, 5), (1, 3, 5), (2, 3, 4)] twoF [] partners {}
ROW ('F', 'F', 'F', 'O1b', 'O1b', 'O1b') [(0, 3), (0, 4), (1, 4), (1, 5), (2, 3), (2, 4), (3, 4), (3, 5)] slack 1 faces [(0, 3, 4), (1, 4, 5), (2, 3, 4)] twoF [] partners {}
ROW ('F', 'F', 'F', 'O1b', 'O1b', 'O1b') [(0, 3), (0, 5), (1, 4), (1, 5), (2, 3), (2, 4), (3, 4), (3, 5)] slack 1 faces [(0, 3, 5), (1, 4, 5), (2, 3, 4)] twoF [] partners {}
ROW ('F', 'F', 'F', 'O1b', 'O1b', 'O1b') [(0, 4), (0, 5), (1, 4), (1, 5), (2, 3), (2, 4), (3, 4), (3, 5)] slack 1 faces [(0, 4, 5), (1, 4, 5), (2, 3, 4)] twoF [] partners {}
ROW ('F', 'F', 'F', 'O1b', 'O1b', 'O1b') [(0, 1), (0, 2), (0, 4), (0, 5), (1, 4), (2, 5), (3, 4), (3, 5)] slack 0 faces [(0, 1, 4), (0, 2, 5)] twoF [(0, 1, 4), (0, 2, 5)] partners {}
ROW ('F', 'F', 'F', 'O1b', 'O1b', 'O1b') [(0, 2), (0, 5), (1, 3), (1, 4), (2, 5), (3, 4), (3, 5)] slack 1 faces [(0, 2, 5), (1, 3, 4)] twoF [(0, 2, 5)] partners {}
ROW ('F', 'F', 'F', 'O1b', 'O1b', 'O1b') [(0, 3), (0, 4), (1, 2), (1, 5), (2, 5), (3, 4), (3, 5)] slack 1 faces [(0, 3, 4), (1, 2, 5)] twoF [(1, 2, 5)] partners {}
ROW ('F', 'F', 'F', 'O1b', 'O1b', 'O1b') [(0, 3), (0, 5), (1, 2), (1, 5), (2, 5), (3, 4), (3, 5)] slack 1 faces [(0, 3, 5), (1, 2, 5)] twoF [(1, 2, 5)] partners {}
ROW ('F', 'F', 'F', 'O1b', 'O1b', 'O1b') [(0, 4), (0, 5), (1, 2), (1, 5), (2, 5), (3, 4), (3, 5)] slack 0 faces [(0, 4, 5), (1, 2, 5)] twoF [(1, 2, 5)] partners {}
ROW ('F', 'F', 'F', 'O1b', 'O1b', 'O1b') [(0, 2), (0, 5), (1, 3), (1, 5), (2, 5), (3, 4), (3, 5)] slack 1 faces [(0, 2, 5), (1, 3, 5)] twoF [(0, 2, 5)] partners {}
ROW ('F', 'F', 'F', 'O1b', 'O1b', 'O1b') [(0, 2), (0, 5), (1, 4), (1, 5), (2, 5), (3, 4), (3, 5)] slack 0 faces [(0, 2, 5), (1, 4, 5)] twoF [(0, 2, 5)] partners {}
ROW ('F', 'F', 'F', 'O1b', 'O1b', 'O1b') [(0, 1), (0, 4), (1, 2), (1, 4), (1, 5), (2, 5), (3, 4), (3, 5)] slack 0 faces [(0, 1, 4), (1, 2, 5)] twoF [(0, 1, 4), (1, 2, 5)] partners {}
ROW ('F', 'F', 'F', 'O1b', 'O1b', 'O1b') [(0, 1), (0, 3), (1, 3), (2, 3), (2, 5), (3, 4), (3, 5)] slack 1 faces [(0, 1, 3), (2, 3, 5)] twoF [(0, 1, 3)] partners {}
ROW ('F', 'F', 'F', 'O1b', 'O1b', 'O1b') [(0, 1), (0, 4), (1, 4), (2, 3), (2, 5), (3, 4), (3, 5)] slack 1 faces [(0, 1, 4), (2, 3, 5)] twoF [(0, 1, 4)] partners {}
ROW ('F', 'F', 'F', 'O1b', 'O1b', 'O1b') [(0, 3), (0, 4), (1, 3), (1, 4), (2, 3), (2, 5), (3, 4), (3, 5)] slack 2 faces [(0, 3, 4), (1, 3, 4), (2, 3, 5)] twoF [] partners {}
ROW ('F', 'F', 'F', 'O1b', 'O1b', 'O1b') [(0, 3), (0, 5), (1, 3), (1, 4), (2, 3), (2, 5), (3, 4), (3, 5)] slack 2 faces [(0, 3, 5), (1, 3, 4), (2, 3, 5)] twoF [] partners {}
ROW ('F', 'F', 'F', 'O1b', 'O1b', 'O1b') [(0, 4), (0, 5), (1, 3), (1, 4), (2, 3), (2, 5), (3, 4), (3, 5)] slack 1 faces [(0, 4, 5), (1, 3, 4), (2, 3, 5)] twoF [] partners {}
ROW ('F', 'F', 'F', 'O1b', 'O1b', 'O1b') [(0, 1), (0, 5), (1, 5), (2, 3), (2, 5), (3, 4), (3, 5)] slack 1 faces [(0, 1, 5), (2, 3, 5)] twoF [(0, 1, 5)] partners {}
ROW ('F', 'F', 'F', 'O1b', 'O1b', 'O1b') [(0, 3), (0, 4), (1, 3), (1, 5), (2, 3), (2, 5), (3, 4), (3, 5)] slack 2 faces [(0, 3, 4), (1, 3, 5), (2, 3, 5)] twoF [] partners {}
ROW ('F', 'F', 'F', 'O1b', 'O1b', 'O1b') [(0, 4), (0, 5), (1, 3), (1, 5), (2, 3), (2, 5), (3, 4), (3, 5)] slack 1 faces [(0, 4, 5), (1, 3, 5), (2, 3, 5)] twoF [] partners {}
ROW ('F', 'F', 'F', 'O1b', 'O1b', 'O1b') [(0, 3), (0, 4), (1, 4), (1, 5), (2, 3), (2, 5), (3, 4), (3, 5)] slack 1 faces [(0, 3, 4), (1, 4, 5), (2, 3, 5)] twoF [] partners {}
ROW ('F', 'F', 'F', 'O1b', 'O1b', 'O1b') [(0, 3), (0, 5), (1, 4), (1, 5), (2, 3), (2, 5), (3, 4), (3, 5)] slack 1 faces [(0, 3, 5), (1, 4, 5), (2, 3, 5)] twoF [] partners {}
ROW ('F', 'F', 'F', 'O1b', 'O1b', 'O1b') [(0, 4), (0, 5), (1, 4), (1, 5), (2, 3), (2, 5), (3, 4), (3, 5)] slack 1 faces [(0, 4, 5), (1, 4, 5), (2, 3, 5)] twoF [] partners {}
ROW ('F', 'F', 'F', 'O1b', 'O1b', 'O1b') [(0, 1), (0, 3), (1, 3), (2, 4), (2, 5), (3, 4), (3, 5)] slack 0 faces [(0, 1, 3), (2, 4, 5)] twoF [(0, 1, 3)] partners {}
ROW ('F', 'F', 'F', 'O1b', 'O1b', 'O1b') [(0, 1), (0, 4), (1, 4), (2, 4), (2, 5), (3, 4), (3, 5)] slack 0 faces [(0, 1, 4), (2, 4, 5)] twoF [(0, 1, 4)] partners {}
ROW ('F', 'F', 'F', 'O1b', 'O1b', 'O1b') [(0, 2), (0, 5), (1, 2), (1, 4), (2, 4), (2, 5), (3, 4), (3, 5)] slack 0 faces [(0, 2, 5), (1, 2, 4)] twoF [(0, 2, 5), (1, 2, 4)] partners {}
ROW ('F', 'F', 'F', 'O1b', 'O1b', 'O1b') [(0, 3), (0, 4), (1, 3), (1, 4), (2, 4), (2, 5), (3, 4), (3, 5)] slack 1 faces [(0, 3, 4), (1, 3, 4), (2, 4, 5)] twoF [] partners {}
ROW ('F', 'F', 'F', 'O1b', 'O1b', 'O1b') [(0, 3), (0, 5), (1, 3), (1, 4), (2, 4), (2, 5), (3, 4), (3, 5)] slack 1 faces [(0, 3, 5), (1, 3, 4), (2, 4, 5)] twoF [] partners {}
ROW ('F', 'F', 'F', 'O1b', 'O1b', 'O1b') [(0, 4), (0, 5), (1, 3), (1, 4), (2, 4), (2, 5), (3, 4), (3, 5)] slack 1 faces [(0, 4, 5), (1, 3, 4), (2, 4, 5)] twoF [] partners {}
ROW ('F', 'F', 'F', 'O1b', 'O1b', 'O1b') [(0, 1), (0, 5), (1, 5), (2, 4), (2, 5), (3, 4), (3, 5)] slack 0 faces [(0, 1, 5), (2, 4, 5)] twoF [(0, 1, 5)] partners {}
ROW ('F', 'F', 'F', 'O1b', 'O1b', 'O1b') [(0, 2), (0, 4), (1, 2), (1, 5), (2, 4), (2, 5), (3, 4), (3, 5)] slack 0 faces [(0, 2, 4), (1, 2, 5)] twoF [(0, 2, 4), (1, 2, 5)] partners {}
ROW ('F', 'F', 'F', 'O1b', 'O1b', 'O1b') [(0, 3), (0, 4), (1, 3), (1, 5), (2, 4), (2, 5), (3, 4), (3, 5)] slack 1 faces [(0, 3, 4), (1, 3, 5), (2, 4, 5)] twoF [] partners {}
ROW ('F', 'F', 'F', 'O1b', 'O1b', 'O1b') [(0, 3), (0, 5), (1, 3), (1, 5), (2, 4), (2, 5), (3, 4), (3, 5)] slack 1 faces [(0, 3, 5), (1, 3, 5), (2, 4, 5)] twoF [] partners {}
ROW ('F', 'F', 'F', 'O1b', 'O1b', 'O1b') [(0, 4), (0, 5), (1, 3), (1, 5), (2, 4), (2, 5), (3, 4), (3, 5)] slack 1 faces [(0, 4, 5), (1, 3, 5), (2, 4, 5)] twoF [] partners {}
ROW ('F', 'F', 'F', 'O1b', 'O1b', 'O1b') [(0, 3), (0, 4), (1, 4), (1, 5), (2, 4), (2, 5), (3, 4), (3, 5)] slack 1 faces [(0, 3, 4), (1, 4, 5), (2, 4, 5)] twoF [] partners {}
ROW ('F', 'F', 'F', 'O1b', 'O1b', 'O1b') [(0, 3), (0, 5), (1, 4), (1, 5), (2, 4), (2, 5), (3, 4), (3, 5)] slack 1 faces [(0, 3, 5), (1, 4, 5), (2, 4, 5)] twoF [] partners {}
ROW ('F', 'F', 'F', 'O1b', 'O1b', 'O1b') [(0, 2), (0, 3), (0, 4), (0, 5), (1, 3), (1, 4), (2, 3), (4, 5)] slack 0 faces [(0, 2, 3), (0, 4, 5), (1, 3, 4)] twoF [(0, 2, 3)] partners {}
ROW ('F', 'F', 'F', 'O1b', 'O1b', 'O1b') [(0, 2), (0, 3), (0, 4), (0, 5), (1, 3), (1, 5), (2, 3), (4, 5)] slack 0 faces [(0, 2, 3), (0, 4, 5), (1, 3, 5)] twoF [(0, 2, 3)] partners {}
ROW ('F', 'F', 'F', 'O1b', 'O1b', 'O1b') [(0, 2), (0, 3), (0, 4), (0, 5), (1, 4), (1, 5), (2, 3), (4, 5)] slack 0 faces [(0, 2, 3), (0, 4, 5), (1, 4, 5)] twoF [(0, 2, 3)] partners {}
ROW ('F', 'F', 'F', 'O1b', 'O1b', 'O1b') [(0, 3), (0, 4), (1, 2), (1, 3), (1, 4), (1, 5), (2, 3), (4, 5)] slack 0 faces [(0, 3, 4), (1, 2, 3), (1, 4, 5)] twoF [(1, 2, 3)] partners {}
ROW ('F', 'F', 'F', 'O1b', 'O1b', 'O1b') [(0, 3), (0, 5), (1, 2), (1, 3), (1, 4), (1, 5), (2, 3), (4, 5)] slack 0 faces [(0, 3, 5), (1, 2, 3), (1, 4, 5)] twoF [(1, 2, 3)] partners {}
ROW ('F', 'F', 'F', 'O1b', 'O1b', 'O1b') [(0, 4), (0, 5), (1, 2), (1, 3), (1, 4), (1, 5), (2, 3), (4, 5)] slack 0 faces [(0, 4, 5), (1, 2, 3), (1, 4, 5)] twoF [(1, 2, 3)] partners {}
ROW ('F', 'F', 'F', 'O1b', 'O1b', 'O1b') [(0, 1), (0, 3), (0, 4), (0, 5), (1, 3), (2, 3), (2, 4), (4, 5)] slack 0 faces [(0, 1, 3), (0, 4, 5), (2, 3, 4)] twoF [(0, 1, 3)] partners {}
ROW ('F', 'F', 'F', 'O1b', 'O1b', 'O1b') [(0, 4), (0, 5), (1, 3), (1, 4), (2, 3), (2, 4), (4, 5)] slack 0 faces [(0, 4, 5), (1, 3, 4), (2, 3, 4)] twoF [] partners {}
ROW ('F', 'F', 'F', 'O1b', 'O1b', 'O1b') [(0, 3), (0, 4), (1, 4), (1, 5), (2, 3), (2, 4), (4, 5)] slack 0 faces [(0, 3, 4), (1, 4, 5), (2, 3, 4)] twoF [] partners {}
ROW ('F', 'F', 'F', 'O1b', 'O1b', 'O1b') [(0, 4), (0, 5), (1, 4), (1, 5), (2, 3), (2, 4), (4, 5)] slack 0 faces [(0, 4, 5), (1, 4, 5), (2, 3, 4)] twoF [] partners {}
ROW ('F', 'F', 'F', 'O1b', 'O1b', 'O1b') [(0, 1), (0, 3), (1, 3), (1, 4), (1, 5), (2, 3), (2, 4), (4, 5)] slack 0 faces [(0, 1, 3), (1, 4, 5), (2, 3, 4)] twoF [(0, 1, 3)] partners {}
ROW ('F', 'F', 'F', 'O1b', 'O1b', 'O1b') [(0, 1), (0, 3), (0, 4), (0, 5), (1, 3), (2, 3), (2, 5), (4, 5)] slack 0 faces [(0, 1, 3), (0, 4, 5), (2, 3, 5)] twoF [(0, 1, 3)] partners {}
ROW ('F', 'F', 'F', 'O1b', 'O1b', 'O1b') [(0, 4), (0, 5), (1, 3), (1, 5), (2, 3), (2, 5), (4, 5)] slack 0 faces [(0, 4, 5), (1, 3, 5), (2, 3, 5)] twoF [] partners {}
ROW ('F', 'F', 'F', 'O1b', 'O1b', 'O1b') [(0, 3), (0, 5), (1, 4), (1, 5), (2, 3), (2, 5), (4, 5)] slack 0 faces [(0, 3, 5), (1, 4, 5), (2, 3, 5)] twoF [] partners {}
ROW ('F', 'F', 'F', 'O1b', 'O1b', 'O1b') [(0, 4), (0, 5), (1, 4), (1, 5), (2, 3), (2, 5), (4, 5)] slack 0 faces [(0, 4, 5), (1, 4, 5), (2, 3, 5)] twoF [] partners {}
ROW ('F', 'F', 'F', 'O1b', 'O1b', 'O1b') [(0, 1), (0, 3), (1, 3), (1, 4), (1, 5), (2, 3), (2, 5), (4, 5)] slack 0 faces [(0, 1, 3), (1, 4, 5), (2, 3, 5)] twoF [(0, 1, 3)] partners {}
ROW ('F', 'F', 'F', 'O1b', 'O1b', 'O1b') [(0, 1), (0, 3), (0, 4), (0, 5), (1, 3), (2, 4), (2, 5), (4, 5)] slack 0 faces [(0, 1, 3), (0, 4, 5), (2, 4, 5)] twoF [(0, 1, 3)] partners {}
ROW ('F', 'F', 'F', 'O1b', 'O1b', 'O1b') [(0, 3), (0, 4), (1, 3), (1, 4), (2, 4), (2, 5), (4, 5)] slack 0 faces [(0, 3, 4), (1, 3, 4), (2, 4, 5)] twoF [] partners {}
ROW ('F', 'F', 'F', 'O1b', 'O1b', 'O1b') [(0, 4), (0, 5), (1, 3), (1, 4), (2, 4), (2, 5), (4, 5)] slack 0 faces [(0, 4, 5), (1, 3, 4), (2, 4, 5)] twoF [] partners {}
ROW ('F', 'F', 'F', 'O1b', 'O1b', 'O1b') [(0, 3), (0, 5), (1, 3), (1, 5), (2, 4), (2, 5), (4, 5)] slack 0 faces [(0, 3, 5), (1, 3, 5), (2, 4, 5)] twoF [] partners {}
ROW ('F', 'F', 'F', 'O1b', 'O1b', 'O1b') [(0, 4), (0, 5), (1, 3), (1, 5), (2, 4), (2, 5), (4, 5)] slack 0 faces [(0, 4, 5), (1, 3, 5), (2, 4, 5)] twoF [] partners {}
ROW ('F', 'F', 'F', 'O1b', 'O1b', 'O1b') [(0, 3), (0, 4), (1, 4), (1, 5), (2, 4), (2, 5), (4, 5)] slack 0 faces [(0, 3, 4), (1, 4, 5), (2, 4, 5)] twoF [] partners {}
ROW ('F', 'F', 'F', 'O1b', 'O1b', 'O1b') [(0, 3), (0, 5), (1, 4), (1, 5), (2, 4), (2, 5), (4, 5)] slack 0 faces [(0, 3, 5), (1, 4, 5), (2, 4, 5)] twoF [] partners {}
ROW ('F', 'F', 'F', 'O1b', 'O1b', 'O1b') [(0, 1), (0, 3), (1, 3), (1, 4), (1, 5), (2, 4), (2, 5), (4, 5)] slack 0 faces [(0, 1, 3), (1, 4, 5), (2, 4, 5)] twoF [(0, 1, 3)] partners {}
ROW ('F', 'F', 'F', 'O1b', 'O1b', 'O1b') [(0, 3), (0, 4), (1, 2), (1, 3), (2, 3), (2, 4), (2, 5), (4, 5)] slack 0 faces [(0, 3, 4), (1, 2, 3), (2, 4, 5)] twoF [(1, 2, 3)] partners {}
ROW ('F', 'F', 'F', 'O1b', 'O1b', 'O1b') [(0, 3), (0, 5), (1, 2), (1, 3), (2, 3), (2, 4), (2, 5), (4, 5)] slack 0 faces [(0, 3, 5), (1, 2, 3), (2, 4, 5)] twoF [(1, 2, 3)] partners {}
ROW ('F', 'F', 'F', 'O1b', 'O1b', 'O1b') [(0, 4), (0, 5), (1, 2), (1, 3), (2, 3), (2, 4), (2, 5), (4, 5)] slack 0 faces [(0, 4, 5), (1, 2, 3), (2, 4, 5)] twoF [(1, 2, 3)] partners {}
ROW ('F', 'F', 'F', 'O1b', 'O1b', 'O1b') [(0, 2), (0, 3), (1, 3), (1, 4), (2, 3), (2, 4), (2, 5), (4, 5)] slack 0 faces [(0, 2, 3), (1, 3, 4), (2, 4, 5)] twoF [(0, 2, 3)] partners {}
ROW ('F', 'F', 'F', 'O1b', 'O1b', 'O1b') [(0, 2), (0, 3), (1, 3), (1, 5), (2, 3), (2, 4), (2, 5), (4, 5)] slack 0 faces [(0, 2, 3), (1, 3, 5), (2, 4, 5)] twoF [(0, 2, 3)] partners {}
ROW ('F', 'F', 'F', 'O1b', 'O1b', 'O1b') [(0, 2), (0, 3), (1, 4), (1, 5), (2, 3), (2, 4), (2, 5), (4, 5)] slack 0 faces [(0, 2, 3), (1, 4, 5), (2, 4, 5)] twoF [(0, 2, 3)] partners {}
ROW ('F', 'F', 'F', 'O1b', 'O1b', 'O1b') [(0, 3), (0, 4), (1, 2), (1, 3), (2, 3), (3, 4), (4, 5)] slack 1 faces [(0, 3, 4), (1, 2, 3)] twoF [(1, 2, 3)] partners {}
ROW ('F', 'F', 'F', 'O1b', 'O1b', 'O1b') [(0, 3), (0, 5), (1, 2), (1, 3), (2, 3), (3, 4), (4, 5)] slack 0 faces [(0, 3, 5), (1, 2, 3)] twoF [(1, 2, 3)] partners {}
ROW ('F', 'F', 'F', 'O1b', 'O1b', 'O1b') [(0, 4), (0, 5), (1, 2), (1, 3), (2, 3), (3, 4), (4, 5)] slack 1 faces [(0, 4, 5), (1, 2, 3)] twoF [(1, 2, 3)] partners {}
ROW ('F', 'F', 'F', 'O1b', 'O1b', 'O1b') [(0, 2), (0, 3), (1, 3), (1, 4), (2, 3), (3, 4), (4, 5)] slack 1 faces [(0, 2, 3), (1, 3, 4)] twoF [(0, 2, 3)] partners {}
ROW ('F', 'F', 'F', 'O1b', 'O1b', 'O1b') [(0, 1), (0, 2), (0, 3), (0, 5), (1, 5), (2, 3), (3, 4), (4, 5)] slack 0 faces [(0, 1, 5), (0, 2, 3)] twoF [(0, 1, 5), (0, 2, 3)] partners {}
ROW ('F', 'F', 'F', 'O1b', 'O1b', 'O1b') [(0, 2), (0, 3), (1, 3), (1, 5), (2, 3), (3, 4), (4, 5)] slack 0 faces [(0, 2, 3), (1, 3, 5)] twoF [(0, 2, 3)] partners {}
ROW ('F', 'F', 'F', 'O1b', 'O1b', 'O1b') [(0, 1), (0, 5), (1, 2), (1, 3), (1, 5), (2, 3), (3, 4), (4, 5)] slack 0 faces [(0, 1, 5), (1, 2, 3)] twoF [(0, 1, 5), (1, 2, 3)] partners {}
ROW ('F', 'F', 'F', 'O1b', 'O1b', 'O1b') [(0, 2), (0, 3), (1, 4), (1, 5), (2, 3), (3, 4), (4, 5)] slack 1 faces [(0, 2, 3), (1, 4, 5)] twoF [(0, 2, 3)] partners {}
ROW ('F', 'F', 'F', 'O1b', 'O1b', 'O1b') [(0, 3), (0, 4), (1, 2), (1, 4), (2, 4), (3, 4), (4, 5)] slack 1 faces [(0, 3, 4), (1, 2, 4)] twoF [(1, 2, 4)] partners {}
ROW ('F', 'F', 'F', 'O1b', 'O1b', 'O1b') [(0, 3), (0, 5), (1, 2), (1, 4), (2, 4), (3, 4), (4, 5)] slack 0 faces [(0, 3, 5), (1, 2, 4)] twoF [(1, 2, 4)] partners {}
ROW ('F', 'F', 'F', 'O1b', 'O1b', 'O1b') [(0, 4), (0, 5), (1, 2), (1, 4), (2, 4), (3, 4), (4, 5)] slack 1 faces [(0, 4, 5), (1, 2, 4)] twoF [(1, 2, 4)] partners {}
ROW ('F', 'F', 'F', 'O1b', 'O1b', 'O1b') [(0, 2), (0, 4), (1, 3), (1, 4), (2, 4), (3, 4), (4, 5)] slack 1 faces [(0, 2, 4), (1, 3, 4)] twoF [(0, 2, 4)] partners {}
ROW ('F', 'F', 'F', 'O1b', 'O1b', 'O1b') [(0, 2), (0, 4), (1, 3), (1, 5), (2, 4), (3, 4), (4, 5)] slack 0 faces [(0, 2, 4), (1, 3, 5)] twoF [(0, 2, 4)] partners {}
ROW ('F', 'F', 'F', 'O1b', 'O1b', 'O1b') [(0, 2), (0, 4), (1, 4), (1, 5), (2, 4), (3, 4), (4, 5)] slack 1 faces [(0, 2, 4), (1, 4, 5)] twoF [(0, 2, 4)] partners {}
ROW ('F', 'F', 'F', 'O1b', 'O1b', 'O1b') [(0, 1), (0, 3), (1, 3), (2, 3), (2, 4), (3, 4), (4, 5)] slack 1 faces [(0, 1, 3), (2, 3, 4)] twoF [(0, 1, 3)] partners {}
ROW ('F', 'F', 'F', 'O1b', 'O1b', 'O1b') [(0, 1), (0, 4), (1, 4), (2, 3), (2, 4), (3, 4), (4, 5)] slack 1 faces [(0, 1, 4), (2, 3, 4)] twoF [(0, 1, 4)] partners {}
ROW ('F', 'F', 'F', 'O1b', 'O1b', 'O1b') [(0, 3), (0, 5), (1, 3), (1, 4), (2, 3), (2, 4), (3, 4), (4, 5)] slack 1 faces [(0, 3, 5), (1, 3, 4), (2, 3, 4)] twoF [] partners {}
ROW ('F', 'F', 'F', 'O1b', 'O1b', 'O1b') [(0, 4), (0, 5), (1, 3), (1, 4), (2, 3), (2, 4), (3, 4), (4, 5)] slack 2 faces [(0, 4, 5), (1, 3, 4), (2, 3, 4)] twoF [] partners {}
ROW ('F', 'F', 'F', 'O1b', 'O1b', 'O1b') [(0, 1), (0, 5), (1, 5), (2, 3), (2, 4), (3, 4), (4, 5)] slack 1 faces [(0, 1, 5), (2, 3, 4)] twoF [(0, 1, 5)] partners {}
ROW ('F', 'F', 'F', 'O1b', 'O1b', 'O1b') [(0, 3), (0, 4), (1, 3), (1, 5), (2, 3), (2, 4), (3, 4), (4, 5)] slack 1 faces [(0, 3, 4), (1, 3, 5), (2, 3, 4)] twoF [] partners {}
ROW ('F', 'F', 'F', 'O1b', 'O1b', 'O1b') [(0, 3), (0, 5), (1, 3), (1, 5), (2, 3), (2, 4), (3, 4), (4, 5)] slack 1 faces [(0, 3, 5), (1, 3, 5), (2, 3, 4)] twoF [] partners {}
ROW ('F', 'F', 'F', 'O1b', 'O1b', 'O1b') [(0, 4), (0, 5), (1, 3), (1, 5), (2, 3), (2, 4), (3, 4), (4, 5)] slack 1 faces [(0, 4, 5), (1, 3, 5), (2, 3, 4)] twoF [] partners {}
ROW ('F', 'F', 'F', 'O1b', 'O1b', 'O1b') [(0, 3), (0, 4), (1, 4), (1, 5), (2, 3), (2, 4), (3, 4), (4, 5)] slack 2 faces [(0, 3, 4), (1, 4, 5), (2, 3, 4)] twoF [] partners {}
ROW ('F', 'F', 'F', 'O1b', 'O1b', 'O1b') [(0, 3), (0, 5), (1, 4), (1, 5), (2, 3), (2, 4), (3, 4), (4, 5)] slack 1 faces [(0, 3, 5), (1, 4, 5), (2, 3, 4)] twoF [] partners {}
ROW ('F', 'F', 'F', 'O1b', 'O1b', 'O1b') [(0, 4), (0, 5), (1, 4), (1, 5), (2, 3), (2, 4), (3, 4), (4, 5)] slack 2 faces [(0, 4, 5), (1, 4, 5), (2, 3, 4)] twoF [] partners {}
ROW ('F', 'F', 'F', 'O1b', 'O1b', 'O1b') [(0, 1), (0, 2), (0, 3), (0, 5), (1, 3), (2, 5), (3, 4), (4, 5)] slack 0 faces [(0, 1, 3), (0, 2, 5)] twoF [(0, 1, 3), (0, 2, 5)] partners {}
ROW ('F', 'F', 'F', 'O1b', 'O1b', 'O1b') [(0, 2), (0, 5), (1, 3), (1, 4), (2, 5), (3, 4), (4, 5)] slack 1 faces [(0, 2, 5), (1, 3, 4)] twoF [(0, 2, 5)] partners {}
ROW ('F', 'F', 'F', 'O1b', 'O1b', 'O1b') [(0, 3), (0, 4), (1, 2), (1, 5), (2, 5), (3, 4), (4, 5)] slack 1 faces [(0, 3, 4), (1, 2, 5)] twoF [(1, 2, 5)] partners {}
ROW ('F', 'F', 'F', 'O1b', 'O1b', 'O1b') [(0, 3), (0, 5), (1, 2), (1, 5), (2, 5), (3, 4), (4, 5)] slack 0 faces [(0, 3, 5), (1, 2, 5)] twoF [(1, 2, 5)] partners {}
ROW ('F', 'F', 'F', 'O1b', 'O1b', 'O1b') [(0, 4), (0, 5), (1, 2), (1, 5), (2, 5), (3, 4), (4, 5)] slack 1 faces [(0, 4, 5), (1, 2, 5)] twoF [(1, 2, 5)] partners {}
ROW ('F', 'F', 'F', 'O1b', 'O1b', 'O1b') [(0, 2), (0, 5), (1, 3), (1, 5), (2, 5), (3, 4), (4, 5)] slack 0 faces [(0, 2, 5), (1, 3, 5)] twoF [(0, 2, 5)] partners {}
ROW ('F', 'F', 'F', 'O1b', 'O1b', 'O1b') [(0, 1), (0, 3), (1, 2), (1, 3), (1, 5), (2, 5), (3, 4), (4, 5)] slack 0 faces [(0, 1, 3), (1, 2, 5)] twoF [(0, 1, 3), (1, 2, 5)] partners {}
ROW ('F', 'F', 'F', 'O1b', 'O1b', 'O1b') [(0, 2), (0, 5), (1, 4), (1, 5), (2, 5), (3, 4), (4, 5)] slack 1 faces [(0, 2, 5), (1, 4, 5)] twoF [(0, 2, 5)] partners {}
ROW ('F', 'F', 'F', 'O1b', 'O1b', 'O1b') [(0, 1), (0, 3), (1, 3), (2, 3), (2, 5), (3, 4), (4, 5)] slack 0 faces [(0, 1, 3), (2, 3, 5)] twoF [(0, 1, 3)] partners {}
ROW ('F', 'F', 'F', 'O1b', 'O1b', 'O1b') [(0, 2), (0, 5), (1, 2), (1, 3), (2, 3), (2, 5), (3, 4), (4, 5)] slack 0 faces [(0, 2, 5), (1, 2, 3)] twoF [(0, 2, 5), (1, 2, 3)] partners {}
ROW ('F', 'F', 'F', 'O1b', 'O1b', 'O1b') [(0, 1), (0, 4), (1, 4), (2, 3), (2, 5), (3, 4), (4, 5)] slack 0 faces [(0, 1, 4), (2, 3, 5)] twoF [(0, 1, 4)] partners {}
ROW ('F', 'F', 'F', 'O1b', 'O1b', 'O1b') [(0, 3), (0, 4), (1, 3), (1, 4), (2, 3), (2, 5), (3, 4), (4, 5)] slack 1 faces [(0, 3, 4), (1, 3, 4), (2, 3, 5)] twoF [] partners {}
ROW ('F', 'F', 'F', 'O1b', 'O1b', 'O1b') [(0, 3), (0, 5), (1, 3), (1, 4), (2, 3), (2, 5), (3, 4), (4, 5)] slack 1 faces [(0, 3, 5), (1, 3, 4), (2, 3, 5)] twoF [] partners {}
ROW ('F', 'F', 'F', 'O1b', 'O1b', 'O1b') [(0, 4), (0, 5), (1, 3), (1, 4), (2, 3), (2, 5), (3, 4), (4, 5)] slack 1 faces [(0, 4, 5), (1, 3, 4), (2, 3, 5)] twoF [] partners {}
ROW ('F', 'F', 'F', 'O1b', 'O1b', 'O1b') [(0, 1), (0, 5), (1, 5), (2, 3), (2, 5), (3, 4), (4, 5)] slack 0 faces [(0, 1, 5), (2, 3, 5)] twoF [(0, 1, 5)] partners {}
ROW ('F', 'F', 'F', 'O1b', 'O1b', 'O1b') [(0, 2), (0, 3), (1, 2), (1, 5), (2, 3), (2, 5), (3, 4), (4, 5)] slack 0 faces [(0, 2, 3), (1, 2, 5)] twoF [(0, 2, 3), (1, 2, 5)] partners {}
ROW ('F', 'F', 'F', 'O1b', 'O1b', 'O1b') [(0, 3), (0, 4), (1, 3), (1, 5), (2, 3), (2, 5), (3, 4), (4, 5)] slack 1 faces [(0, 3, 4), (1, 3, 5), (2, 3, 5)] twoF [] partners {}
ROW ('F', 'F', 'F', 'O1b', 'O1b', 'O1b') [(0, 4), (0, 5), (1, 3), (1, 5), (2, 3), (2, 5), (3, 4), (4, 5)] slack 1 faces [(0, 4, 5), (1, 3, 5), (2, 3, 5)] twoF [] partners {}
ROW ('F', 'F', 'F', 'O1b', 'O1b', 'O1b') [(0, 3), (0, 4), (1, 4), (1, 5), (2, 3), (2, 5), (3, 4), (4, 5)] slack 1 faces [(0, 3, 4), (1, 4, 5), (2, 3, 5)] twoF [] partners {}
ROW ('F', 'F', 'F', 'O1b', 'O1b', 'O1b') [(0, 3), (0, 5), (1, 4), (1, 5), (2, 3), (2, 5), (3, 4), (4, 5)] slack 1 faces [(0, 3, 5), (1, 4, 5), (2, 3, 5)] twoF [] partners {}
ROW ('F', 'F', 'F', 'O1b', 'O1b', 'O1b') [(0, 4), (0, 5), (1, 4), (1, 5), (2, 3), (2, 5), (3, 4), (4, 5)] slack 1 faces [(0, 4, 5), (1, 4, 5), (2, 3, 5)] twoF [] partners {}
ROW ('F', 'F', 'F', 'O1b', 'O1b', 'O1b') [(0, 1), (0, 3), (1, 3), (2, 4), (2, 5), (3, 4), (4, 5)] slack 1 faces [(0, 1, 3), (2, 4, 5)] twoF [(0, 1, 3)] partners {}
ROW ('F', 'F', 'F', 'O1b', 'O1b', 'O1b') [(0, 1), (0, 4), (1, 4), (2, 4), (2, 5), (3, 4), (4, 5)] slack 1 faces [(0, 1, 4), (2, 4, 5)] twoF [(0, 1, 4)] partners {}
ROW ('F', 'F', 'F', 'O1b', 'O1b', 'O1b') [(0, 3), (0, 4), (1, 3), (1, 4), (2, 4), (2, 5), (3, 4), (4, 5)] slack 2 faces [(0, 3, 4), (1, 3, 4), (2, 4, 5)] twoF [] partners {}
ROW ('F', 'F', 'F', 'O1b', 'O1b', 'O1b') [(0, 3), (0, 5), (1, 3), (1, 4), (2, 4), (2, 5), (3, 4), (4, 5)] slack 1 faces [(0, 3, 5), (1, 3, 4), (2, 4, 5)] twoF [] partners {}
ROW ('F', 'F', 'F', 'O1b', 'O1b', 'O1b') [(0, 4), (0, 5), (1, 3), (1, 4), (2, 4), (2, 5), (3, 4), (4, 5)] slack 2 faces [(0, 4, 5), (1, 3, 4), (2, 4, 5)] twoF [] partners {}
ROW ('F', 'F', 'F', 'O1b', 'O1b', 'O1b') [(0, 1), (0, 5), (1, 5), (2, 4), (2, 5), (3, 4), (4, 5)] slack 1 faces [(0, 1, 5), (2, 4, 5)] twoF [(0, 1, 5)] partners {}
ROW ('F', 'F', 'F', 'O1b', 'O1b', 'O1b') [(0, 3), (0, 4), (1, 3), (1, 5), (2, 4), (2, 5), (3, 4), (4, 5)] slack 1 faces [(0, 3, 4), (1, 3, 5), (2, 4, 5)] twoF [] partners {}
ROW ('F', 'F', 'F', 'O1b', 'O1b', 'O1b') [(0, 3), (0, 5), (1, 3), (1, 5), (2, 4), (2, 5), (3, 4), (4, 5)] slack 1 faces [(0, 3, 5), (1, 3, 5), (2, 4, 5)] twoF [] partners {}
ROW ('F', 'F', 'F', 'O1b', 'O1b', 'O1b') [(0, 4), (0, 5), (1, 3), (1, 5), (2, 4), (2, 5), (3, 4), (4, 5)] slack 1 faces [(0, 4, 5), (1, 3, 5), (2, 4, 5)] twoF [] partners {}
ROW ('F', 'F', 'F', 'O1b', 'O1b', 'O1b') [(0, 3), (0, 4), (1, 4), (1, 5), (2, 4), (2, 5), (3, 4), (4, 5)] slack 2 faces [(0, 3, 4), (1, 4, 5), (2, 4, 5)] twoF [] partners {}
ROW ('F', 'F', 'F', 'O1b', 'O1b', 'O1b') [(0, 3), (0, 5), (1, 4), (1, 5), (2, 4), (2, 5), (3, 4), (4, 5)] slack 1 faces [(0, 3, 5), (1, 4, 5), (2, 4, 5)] twoF [] partners {}
ROW ('F', 'F', 'F', 'O1b', 'O1b', 'O1b') [(0, 3), (0, 4), (1, 2), (1, 3), (2, 3), (3, 5), (4, 5)] slack 0 faces [(0, 3, 4), (1, 2, 3)] twoF [(1, 2, 3)] partners {}
ROW ('F', 'F', 'F', 'O1b', 'O1b', 'O1b') [(0, 3), (0, 5), (1, 2), (1, 3), (2, 3), (3, 5), (4, 5)] slack 1 faces [(0, 3, 5), (1, 2, 3)] twoF [(1, 2, 3)] partners {}
ROW ('F', 'F', 'F', 'O1b', 'O1b', 'O1b') [(0, 4), (0, 5), (1, 2), (1, 3), (2, 3), (3, 5), (4, 5)] slack 1 faces [(0, 4, 5), (1, 2, 3)] twoF [(1, 2, 3)] partners {}
ROW ('F', 'F', 'F', 'O1b', 'O1b', 'O1b') [(0, 1), (0, 2), (0, 3), (0, 4), (1, 4), (2, 3), (3, 5), (4, 5)] slack 0 faces [(0, 1, 4), (0, 2, 3)] twoF [(0, 1, 4), (0, 2, 3)] partners {}
ROW ('F', 'F', 'F', 'O1b', 'O1b', 'O1b') [(0, 2), (0, 3), (1, 3), (1, 4), (2, 3), (3, 5), (4, 5)] slack 0 faces [(0, 2, 3), (1, 3, 4)] twoF [(0, 2, 3)] partners {}
ROW ('F', 'F', 'F', 'O1b', 'O1b', 'O1b') [(0, 1), (0, 4), (1, 2), (1, 3), (1, 4), (2, 3), (3, 5), (4, 5)] slack 0 faces [(0, 1, 4), (1, 2, 3)] twoF [(0, 1, 4), (1, 2, 3)] partners {}
ROW ('F', 'F', 'F', 'O1b', 'O1b', 'O1b') [(0, 2), (0, 3), (1, 3), (1, 5), (2, 3), (3, 5), (4, 5)] slack 1 faces [(0, 2, 3), (1, 3, 5)] twoF [(0, 2, 3)] partners {}
ROW ('F', 'F', 'F', 'O1b', 'O1b', 'O1b') [(0, 2), (0, 3), (1, 4), (1, 5), (2, 3), (3, 5), (4, 5)] slack 1 faces [(0, 2, 3), (1, 4, 5)] twoF [(0, 2, 3)] partners {}
ROW ('F', 'F', 'F', 'O1b', 'O1b', 'O1b') [(0, 1), (0, 2), (0, 3), (0, 4), (1, 3), (2, 4), (3, 5), (4, 5)] slack 0 faces [(0, 1, 3), (0, 2, 4)] twoF [(0, 1, 3), (0, 2, 4)] partners {}
ROW ('F', 'F', 'F', 'O1b', 'O1b', 'O1b') [(0, 3), (0, 4), (1, 2), (1, 4), (2, 4), (3, 5), (4, 5)] slack 0 faces [(0, 3, 4), (1, 2, 4)] twoF [(1, 2, 4)] partners {}
ROW ('F', 'F', 'F', 'O1b', 'O1b', 'O1b') [(0, 3), (0, 5), (1, 2), (1, 4), (2, 4), (3, 5), (4, 5)] slack 1 faces [(0, 3, 5), (1, 2, 4)] twoF [(1, 2, 4)] partners {}
ROW ('F', 'F', 'F', 'O1b', 'O1b', 'O1b') [(0, 4), (0, 5), (1, 2), (1, 4), (2, 4), (3, 5), (4, 5)] slack 1 faces [(0, 4, 5), (1, 2, 4)] twoF [(1, 2, 4)] partners {}
ROW ('F', 'F', 'F', 'O1b', 'O1b', 'O1b') [(0, 2), (0, 4), (1, 3), (1, 4), (2, 4), (3, 5), (4, 5)] slack 0 faces [(0, 2, 4), (1, 3, 4)] twoF [(0, 2, 4)] partners {}
ROW ('F', 'F', 'F', 'O1b', 'O1b', 'O1b') [(0, 1), (0, 3), (1, 2), (1, 3), (1, 4), (2, 4), (3, 5), (4, 5)] slack 0 faces [(0, 1, 3), (1, 2, 4)] twoF [(0, 1, 3), (1, 2, 4)] partners {}
ROW ('F', 'F', 'F', 'O1b', 'O1b', 'O1b') [(0, 2), (0, 4), (1, 3), (1, 5), (2, 4), (3, 5), (4, 5)] slack 1 faces [(0, 2, 4), (1, 3, 5)] twoF [(0, 2, 4)] partners {}
ROW ('F', 'F', 'F', 'O1b', 'O1b', 'O1b') [(0, 2), (0, 4), (1, 4), (1, 5), (2, 4), (3, 5), (4, 5)] slack 1 faces [(0, 2, 4), (1, 4, 5)] twoF [(0, 2, 4)] partners {}
ROW ('F', 'F', 'F', 'O1b', 'O1b', 'O1b') [(0, 1), (0, 3), (1, 3), (2, 3), (2, 4), (3, 5), (4, 5)] slack 0 faces [(0, 1, 3), (2, 3, 4)] twoF [(0, 1, 3)] partners {}
ROW ('F', 'F', 'F', 'O1b', 'O1b', 'O1b') [(0, 2), (0, 4), (1, 2), (1, 3), (2, 3), (2, 4), (3, 5), (4, 5)] slack 0 faces [(0, 2, 4), (1, 2, 3)] twoF [(0, 2, 4), (1, 2, 3)] partners {}
ROW ('F', 'F', 'F', 'O1b', 'O1b', 'O1b') [(0, 1), (0, 4), (1, 4), (2, 3), (2, 4), (3, 5), (4, 5)] slack 0 faces [(0, 1, 4), (2, 3, 4)] twoF [(0, 1, 4)] partners {}
ROW ('F', 'F', 'F', 'O1b', 'O1b', 'O1b') [(0, 2), (0, 3), (1, 2), (1, 4), (2, 3), (2, 4), (3, 5), (4, 5)] slack 0 faces [(0, 2, 3), (1, 2, 4)] twoF [(0, 2, 3), (1, 2, 4)] partners {}
ROW ('F', 'F', 'F', 'O1b', 'O1b', 'O1b') [(0, 3), (0, 5), (1, 3), (1, 4), (2, 3), (2, 4), (3, 5), (4, 5)] slack 1 faces [(0, 3, 5), (1, 3, 4), (2, 3, 4)] twoF [] partners {}
ROW ('F', 'F', 'F', 'O1b', 'O1b', 'O1b') [(0, 4), (0, 5), (1, 3), (1, 4), (2, 3), (2, 4), (3, 5), (4, 5)] slack 1 faces [(0, 4, 5), (1, 3, 4), (2, 3, 4)] twoF [] partners {}
ROW ('F', 'F', 'F', 'O1b', 'O1b', 'O1b') [(0, 1), (0, 5), (1, 5), (2, 3), (2, 4), (3, 5), (4, 5)] slack 0 faces [(0, 1, 5), (2, 3, 4)] twoF [(0, 1, 5)] partners {}
ROW ('F', 'F', 'F', 'O1b', 'O1b', 'O1b') [(0, 3), (0, 4), (1, 3), (1, 5), (2, 3), (2, 4), (3, 5), (4, 5)] slack 1 faces [(0, 3, 4), (1, 3, 5), (2, 3, 4)] twoF [] partners {}
ROW ('F', 'F', 'F', 'O1b', 'O1b', 'O1b') [(0, 3), (0, 5), (1, 3), (1, 5), (2, 3), (2, 4), (3, 5), (4, 5)] slack 1 faces [(0, 3, 5), (1, 3, 5), (2, 3, 4)] twoF [] partners {}
ROW ('F', 'F', 'F', 'O1b', 'O1b', 'O1b') [(0, 4), (0, 5), (1, 3), (1, 5), (2, 3), (2, 4), (3, 5), (4, 5)] slack 1 faces [(0, 4, 5), (1, 3, 5), (2, 3, 4)] twoF [] partners {}
ROW ('F', 'F', 'F', 'O1b', 'O1b', 'O1b') [(0, 3), (0, 4), (1, 4), (1, 5), (2, 3), (2, 4), (3, 5), (4, 5)] slack 1 faces [(0, 3, 4), (1, 4, 5), (2, 3, 4)] twoF [] partners {}
ROW ('F', 'F', 'F', 'O1b', 'O1b', 'O1b') [(0, 3), (0, 5), (1, 4), (1, 5), (2, 3), (2, 4), (3, 5), (4, 5)] slack 1 faces [(0, 3, 5), (1, 4, 5), (2, 3, 4)] twoF [] partners {}
ROW ('F', 'F', 'F', 'O1b', 'O1b', 'O1b') [(0, 4), (0, 5), (1, 4), (1, 5), (2, 3), (2, 4), (3, 5), (4, 5)] slack 1 faces [(0, 4, 5), (1, 4, 5), (2, 3, 4)] twoF [] partners {}
ROW ('F', 'F', 'F', 'O1b', 'O1b', 'O1b') [(0, 2), (0, 5), (1, 3), (1, 4), (2, 5), (3, 5), (4, 5)] slack 0 faces [(0, 2, 5), (1, 3, 4)] twoF [(0, 2, 5)] partners {}
ROW ('F', 'F', 'F', 'O1b', 'O1b', 'O1b') [(0, 3), (0, 4), (1, 2), (1, 5), (2, 5), (3, 5), (4, 5)] slack 0 faces [(0, 3, 4), (1, 2, 5)] twoF [(1, 2, 5)] partners {}
ROW ('F', 'F', 'F', 'O1b', 'O1b', 'O1b') [(0, 3), (0, 5), (1, 2), (1, 5), (2, 5), (3, 5), (4, 5)] slack 1 faces [(0, 3, 5), (1, 2, 5)] twoF [(1, 2, 5)] partners {}
ROW ('F', 'F', 'F', 'O1b', 'O1b', 'O1b') [(0, 4), (0, 5), (1, 2), (1, 5), (2, 5), (3, 5), (4, 5)] slack 1 faces [(0, 4, 5), (1, 2, 5)] twoF [(1, 2, 5)] partners {}
ROW ('F', 'F', 'F', 'O1b', 'O1b', 'O1b') [(0, 2), (0, 5), (1, 3), (1, 5), (2, 5), (3, 5), (4, 5)] slack 1 faces [(0, 2, 5), (1, 3, 5)] twoF [(0, 2, 5)] partners {}
ROW ('F', 'F', 'F', 'O1b', 'O1b', 'O1b') [(0, 2), (0, 5), (1, 4), (1, 5), (2, 5), (3, 5), (4, 5)] slack 1 faces [(0, 2, 5), (1, 4, 5)] twoF [(0, 2, 5)] partners {}
ROW ('F', 'F', 'F', 'O1b', 'O1b', 'O1b') [(0, 1), (0, 3), (1, 3), (2, 3), (2, 5), (3, 5), (4, 5)] slack 1 faces [(0, 1, 3), (2, 3, 5)] twoF [(0, 1, 3)] partners {}
ROW ('F', 'F', 'F', 'O1b', 'O1b', 'O1b') [(0, 1), (0, 4), (1, 4), (2, 3), (2, 5), (3, 5), (4, 5)] slack 1 faces [(0, 1, 4), (2, 3, 5)] twoF [(0, 1, 4)] partners {}
ROW ('F', 'F', 'F', 'O1b', 'O1b', 'O1b') [(0, 3), (0, 4), (1, 3), (1, 4), (2, 3), (2, 5), (3, 5), (4, 5)] slack 1 faces [(0, 3, 4), (1, 3, 4), (2, 3, 5)] twoF [] partners {}
ROW ('F', 'F', 'F', 'O1b', 'O1b', 'O1b') [(0, 3), (0, 5), (1, 3), (1, 4), (2, 3), (2, 5), (3, 5), (4, 5)] slack 1 faces [(0, 3, 5), (1, 3, 4), (2, 3, 5)] twoF [] partners {}
ROW ('F', 'F', 'F', 'O1b', 'O1b', 'O1b') [(0, 4), (0, 5), (1, 3), (1, 4), (2, 3), (2, 5), (3, 5), (4, 5)] slack 1 faces [(0, 4, 5), (1, 3, 4), (2, 3, 5)] twoF [] partners {}
ROW ('F', 'F', 'F', 'O1b', 'O1b', 'O1b') [(0, 1), (0, 5), (1, 5), (2, 3), (2, 5), (3, 5), (4, 5)] slack 1 faces [(0, 1, 5), (2, 3, 5)] twoF [(0, 1, 5)] partners {}
ROW ('F', 'F', 'F', 'O1b', 'O1b', 'O1b') [(0, 3), (0, 4), (1, 3), (1, 5), (2, 3), (2, 5), (3, 5), (4, 5)] slack 1 faces [(0, 3, 4), (1, 3, 5), (2, 3, 5)] twoF [] partners {}
ROW ('F', 'F', 'F', 'O1b', 'O1b', 'O1b') [(0, 4), (0, 5), (1, 3), (1, 5), (2, 3), (2, 5), (3, 5), (4, 5)] slack 2 faces [(0, 4, 5), (1, 3, 5), (2, 3, 5)] twoF [] partners {}
ROW ('F', 'F', 'F', 'O1b', 'O1b', 'O1b') [(0, 3), (0, 4), (1, 4), (1, 5), (2, 3), (2, 5), (3, 5), (4, 5)] slack 1 faces [(0, 3, 4), (1, 4, 5), (2, 3, 5)] twoF [] partners {}
ROW ('F', 'F', 'F', 'O1b', 'O1b', 'O1b') [(0, 3), (0, 5), (1, 4), (1, 5), (2, 3), (2, 5), (3, 5), (4, 5)] slack 2 faces [(0, 3, 5), (1, 4, 5), (2, 3, 5)] twoF [] partners {}
ROW ('F', 'F', 'F', 'O1b', 'O1b', 'O1b') [(0, 4), (0, 5), (1, 4), (1, 5), (2, 3), (2, 5), (3, 5), (4, 5)] slack 2 faces [(0, 4, 5), (1, 4, 5), (2, 3, 5)] twoF [] partners {}
ROW ('F', 'F', 'F', 'O1b', 'O1b', 'O1b') [(0, 1), (0, 3), (1, 3), (2, 4), (2, 5), (3, 5), (4, 5)] slack 1 faces [(0, 1, 3), (2, 4, 5)] twoF [(0, 1, 3)] partners {}
ROW ('F', 'F', 'F', 'O1b', 'O1b', 'O1b') [(0, 1), (0, 4), (1, 4), (2, 4), (2, 5), (3, 5), (4, 5)] slack 1 faces [(0, 1, 4), (2, 4, 5)] twoF [(0, 1, 4)] partners {}
ROW ('F', 'F', 'F', 'O1b', 'O1b', 'O1b') [(0, 3), (0, 4), (1, 3), (1, 4), (2, 4), (2, 5), (3, 5), (4, 5)] slack 1 faces [(0, 3, 4), (1, 3, 4), (2, 4, 5)] twoF [] partners {}
ROW ('F', 'F', 'F', 'O1b', 'O1b', 'O1b') [(0, 3), (0, 5), (1, 3), (1, 4), (2, 4), (2, 5), (3, 5), (4, 5)] slack 1 faces [(0, 3, 5), (1, 3, 4), (2, 4, 5)] twoF [] partners {}
ROW ('F', 'F', 'F', 'O1b', 'O1b', 'O1b') [(0, 4), (0, 5), (1, 3), (1, 4), (2, 4), (2, 5), (3, 5), (4, 5)] slack 1 faces [(0, 4, 5), (1, 3, 4), (2, 4, 5)] twoF [] partners {}
ROW ('F', 'F', 'F', 'O1b', 'O1b', 'O1b') [(0, 1), (0, 5), (1, 5), (2, 4), (2, 5), (3, 5), (4, 5)] slack 1 faces [(0, 1, 5), (2, 4, 5)] twoF [(0, 1, 5)] partners {}
ROW ('F', 'F', 'F', 'O1b', 'O1b', 'O1b') [(0, 3), (0, 4), (1, 3), (1, 5), (2, 4), (2, 5), (3, 5), (4, 5)] slack 1 faces [(0, 3, 4), (1, 3, 5), (2, 4, 5)] twoF [] partners {}
ROW ('F', 'F', 'F', 'O1b', 'O1b', 'O1b') [(0, 3), (0, 5), (1, 3), (1, 5), (2, 4), (2, 5), (3, 5), (4, 5)] slack 2 faces [(0, 3, 5), (1, 3, 5), (2, 4, 5)] twoF [] partners {}
ROW ('F', 'F', 'F', 'O1b', 'O1b', 'O1b') [(0, 4), (0, 5), (1, 3), (1, 5), (2, 4), (2, 5), (3, 5), (4, 5)] slack 2 faces [(0, 4, 5), (1, 3, 5), (2, 4, 5)] twoF [] partners {}
ROW ('F', 'F', 'F', 'O1b', 'O1b', 'O1b') [(0, 3), (0, 4), (1, 4), (1, 5), (2, 4), (2, 5), (3, 5), (4, 5)] slack 1 faces [(0, 3, 4), (1, 4, 5), (2, 4, 5)] twoF [] partners {}
ROW ('F', 'F', 'F', 'O1b', 'O1b', 'O1b') [(0, 3), (0, 5), (1, 4), (1, 5), (2, 4), (2, 5), (3, 5), (4, 5)] slack 2 faces [(0, 3, 5), (1, 4, 5), (2, 4, 5)] twoF [] partners {}
ROW ('F', 'F', 'F', 'O1b', 'O1b', 'O1b') [(0, 3), (0, 4), (1, 2), (1, 3), (2, 3), (3, 4), (3, 5), (4, 5)] slack 2 faces [(0, 3, 4), (1, 2, 3), (3, 4, 5)] twoF [(1, 2, 3)] partners {}
ROW ('F', 'F', 'F', 'O1b', 'O1b', 'O1b') [(0, 3), (0, 5), (1, 2), (1, 3), (2, 3), (3, 4), (3, 5), (4, 5)] slack 2 faces [(0, 3, 5), (1, 2, 3), (3, 4, 5)] twoF [(1, 2, 3)] partners {}
ROW ('F', 'F', 'F', 'O1b', 'O1b', 'O1b') [(0, 4), (0, 5), (1, 2), (1, 3), (2, 3), (3, 4), (3, 5), (4, 5)] slack 2 faces [(0, 4, 5), (1, 2, 3), (3, 4, 5)] twoF [(1, 2, 3)] partners {}
ROW ('F', 'F', 'F', 'O1b', 'O1b', 'O1b') [(0, 2), (0, 3), (1, 3), (1, 4), (2, 3), (3, 4), (3, 5), (4, 5)] slack 2 faces [(0, 2, 3), (1, 3, 4), (3, 4, 5)] twoF [(0, 2, 3)] partners {}
ROW ('F', 'F', 'F', 'O1b', 'O1b', 'O1b') [(0, 2), (0, 3), (1, 3), (1, 5), (2, 3), (3, 4), (3, 5), (4, 5)] slack 2 faces [(0, 2, 3), (1, 3, 5), (3, 4, 5)] twoF [(0, 2, 3)] partners {}
ROW ('F', 'F', 'F', 'O1b', 'O1b', 'O1b') [(0, 2), (0, 3), (1, 4), (1, 5), (2, 3), (3, 4), (3, 5), (4, 5)] slack 2 faces [(0, 2, 3), (1, 4, 5), (3, 4, 5)] twoF [(0, 2, 3)] partners {}
ROW ('F', 'F', 'F', 'O1b', 'O1b', 'O1b') [(0, 3), (0, 4), (1, 2), (1, 4), (2, 4), (3, 4), (3, 5), (4, 5)] slack 2 faces [(0, 3, 4), (1, 2, 4), (3, 4, 5)] twoF [(1, 2, 4)] partners {}
ROW ('F', 'F', 'F', 'O1b', 'O1b', 'O1b') [(0, 3), (0, 5), (1, 2), (1, 4), (2, 4), (3, 4), (3, 5), (4, 5)] slack 2 faces [(0, 3, 5), (1, 2, 4), (3, 4, 5)] twoF [(1, 2, 4)] partners {}
ROW ('F', 'F', 'F', 'O1b', 'O1b', 'O1b') [(0, 4), (0, 5), (1, 2), (1, 4), (2, 4), (3, 4), (3, 5), (4, 5)] slack 2 faces [(0, 4, 5), (1, 2, 4), (3, 4, 5)] twoF [(1, 2, 4)] partners {}
ROW ('F', 'F', 'F', 'O1b', 'O1b', 'O1b') [(0, 2), (0, 4), (1, 3), (1, 4), (2, 4), (3, 4), (3, 5), (4, 5)] slack 2 faces [(0, 2, 4), (1, 3, 4), (3, 4, 5)] twoF [(0, 2, 4)] partners {}
ROW ('F', 'F', 'F', 'O1b', 'O1b', 'O1b') [(0, 2), (0, 4), (1, 3), (1, 5), (2, 4), (3, 4), (3, 5), (4, 5)] slack 2 faces [(0, 2, 4), (1, 3, 5), (3, 4, 5)] twoF [(0, 2, 4)] partners {}
ROW ('F', 'F', 'F', 'O1b', 'O1b', 'O1b') [(0, 2), (0, 4), (1, 4), (1, 5), (2, 4), (3, 4), (3, 5), (4, 5)] slack 2 faces [(0, 2, 4), (1, 4, 5), (3, 4, 5)] twoF [(0, 2, 4)] partners {}
ROW ('F', 'F', 'F', 'O1b', 'O1b', 'O1b') [(0, 1), (0, 3), (1, 3), (2, 3), (2, 4), (3, 4), (3, 5), (4, 5)] slack 2 faces [(0, 1, 3), (2, 3, 4), (3, 4, 5)] twoF [(0, 1, 3)] partners {}
ROW ('F', 'F', 'F', 'O1b', 'O1b', 'O1b') [(0, 1), (0, 4), (1, 4), (2, 3), (2, 4), (3, 4), (3, 5), (4, 5)] slack 2 faces [(0, 1, 4), (2, 3, 4), (3, 4, 5)] twoF [(0, 1, 4)] partners {}
ROW ('F', 'F', 'F', 'O1b', 'O1b', 'O1b') [(0, 1), (0, 5), (1, 5), (2, 3), (2, 4), (3, 4), (3, 5), (4, 5)] slack 2 faces [(0, 1, 5), (2, 3, 4), (3, 4, 5)] twoF [(0, 1, 5)] partners {}
ROW ('F', 'F', 'F', 'O1b', 'O1b', 'O1b') [(0, 4), (0, 5), (1, 3), (1, 5), (2, 3), (2, 4), (3, 4), (3, 5), (4, 5)] slack 3 faces [(0, 4, 5), (1, 3, 5), (2, 3, 4), (3, 4, 5)] twoF [] partners {}
ROW ('F', 'F', 'F', 'O1b', 'O1b', 'O1b') [(0, 3), (0, 5), (1, 4), (1, 5), (2, 3), (2, 4), (3, 4), (3, 5), (4, 5)] slack 3 faces [(0, 3, 5), (1, 4, 5), (2, 3, 4), (3, 4, 5)] twoF [] partners {}
ROW ('F', 'F', 'F', 'O1b', 'O1b', 'O1b') [(0, 2), (0, 5), (1, 3), (1, 4), (2, 5), (3, 4), (3, 5), (4, 5)] slack 2 faces [(0, 2, 5), (1, 3, 4), (3, 4, 5)] twoF [(0, 2, 5)] partners {}
ROW ('F', 'F', 'F', 'O1b', 'O1b', 'O1b') [(0, 3), (0, 4), (1, 2), (1, 5), (2, 5), (3, 4), (3, 5), (4, 5)] slack 2 faces [(0, 3, 4), (1, 2, 5), (3, 4, 5)] twoF [(1, 2, 5)] partners {}
ROW ('F', 'F', 'F', 'O1b', 'O1b', 'O1b') [(0, 3), (0, 5), (1, 2), (1, 5), (2, 5), (3, 4), (3, 5), (4, 5)] slack 2 faces [(0, 3, 5), (1, 2, 5), (3, 4, 5)] twoF [(1, 2, 5)] partners {}
ROW ('F', 'F', 'F', 'O1b', 'O1b', 'O1b') [(0, 4), (0, 5), (1, 2), (1, 5), (2, 5), (3, 4), (3, 5), (4, 5)] slack 2 faces [(0, 4, 5), (1, 2, 5), (3, 4, 5)] twoF [(1, 2, 5)] partners {}
ROW ('F', 'F', 'F', 'O1b', 'O1b', 'O1b') [(0, 2), (0, 5), (1, 3), (1, 5), (2, 5), (3, 4), (3, 5), (4, 5)] slack 2 faces [(0, 2, 5), (1, 3, 5), (3, 4, 5)] twoF [(0, 2, 5)] partners {}
ROW ('F', 'F', 'F', 'O1b', 'O1b', 'O1b') [(0, 2), (0, 5), (1, 4), (1, 5), (2, 5), (3, 4), (3, 5), (4, 5)] slack 2 faces [(0, 2, 5), (1, 4, 5), (3, 4, 5)] twoF [(0, 2, 5)] partners {}
ROW ('F', 'F', 'F', 'O1b', 'O1b', 'O1b') [(0, 1), (0, 3), (1, 3), (2, 3), (2, 5), (3, 4), (3, 5), (4, 5)] slack 2 faces [(0, 1, 3), (2, 3, 5), (3, 4, 5)] twoF [(0, 1, 3)] partners {}
ROW ('F', 'F', 'F', 'O1b', 'O1b', 'O1b') [(0, 1), (0, 4), (1, 4), (2, 3), (2, 5), (3, 4), (3, 5), (4, 5)] slack 2 faces [(0, 1, 4), (2, 3, 5), (3, 4, 5)] twoF [(0, 1, 4)] partners {}
ROW ('F', 'F', 'F', 'O1b', 'O1b', 'O1b') [(0, 4), (0, 5), (1, 3), (1, 4), (2, 3), (2, 5), (3, 4), (3, 5), (4, 5)] slack 3 faces [(0, 4, 5), (1, 3, 4), (2, 3, 5), (3, 4, 5)] twoF [] partners {}
ROW ('F', 'F', 'F', 'O1b', 'O1b', 'O1b') [(0, 1), (0, 5), (1, 5), (2, 3), (2, 5), (3, 4), (3, 5), (4, 5)] slack 2 faces [(0, 1, 5), (2, 3, 5), (3, 4, 5)] twoF [(0, 1, 5)] partners {}
ROW ('F', 'F', 'F', 'O1b', 'O1b', 'O1b') [(0, 3), (0, 4), (1, 4), (1, 5), (2, 3), (2, 5), (3, 4), (3, 5), (4, 5)] slack 3 faces [(0, 3, 4), (1, 4, 5), (2, 3, 5), (3, 4, 5)] twoF [] partners {}
ROW ('F', 'F', 'F', 'O1b', 'O1b', 'O1b') [(0, 1), (0, 3), (1, 3), (2, 4), (2, 5), (3, 4), (3, 5), (4, 5)] slack 2 faces [(0, 1, 3), (2, 4, 5), (3, 4, 5)] twoF [(0, 1, 3)] partners {}
ROW ('F', 'F', 'F', 'O1b', 'O1b', 'O1b') [(0, 1), (0, 4), (1, 4), (2, 4), (2, 5), (3, 4), (3, 5), (4, 5)] slack 2 faces [(0, 1, 4), (2, 4, 5), (3, 4, 5)] twoF [(0, 1, 4)] partners {}
ROW ('F', 'F', 'F', 'O1b', 'O1b', 'O1b') [(0, 3), (0, 5), (1, 3), (1, 4), (2, 4), (2, 5), (3, 4), (3, 5), (4, 5)] slack 3 faces [(0, 3, 5), (1, 3, 4), (2, 4, 5), (3, 4, 5)] twoF [] partners {}
ROW ('F', 'F', 'F', 'O1b', 'O1b', 'O1b') [(0, 1), (0, 5), (1, 5), (2, 4), (2, 5), (3, 4), (3, 5), (4, 5)] slack 2 faces [(0, 1, 5), (2, 4, 5), (3, 4, 5)] twoF [(0, 1, 5)] partners {}
ROW ('F', 'F', 'F', 'O1b', 'O1b', 'O1b') [(0, 3), (0, 4), (1, 3), (1, 5), (2, 4), (2, 5), (3, 4), (3, 5), (4, 5)] slack 3 faces [(0, 3, 4), (1, 3, 5), (2, 4, 5), (3, 4, 5)] twoF [] partners {}
ROW ('F', 'F', 'F', 'O1b', 'O1b', 'O0') [(0, 3), (0, 5), (1, 3), (1, 4), (2, 3), (2, 4), (3, 4), (3, 5)] slack 0 faces [(0, 3, 5), (1, 3, 4), (2, 3, 4)] twoF [] partners {}
ROW ('F', 'F', 'F', 'O1b', 'O1b', 'O0') [(0, 3), (0, 4), (1, 3), (1, 5), (2, 3), (2, 4), (3, 4), (3, 5)] slack 0 faces [(0, 3, 4), (1, 3, 5), (2, 3, 4)] twoF [] partners {}
ROW ('F', 'F', 'F', 'O1b', 'O1b', 'O0') [(0, 3), (0, 5), (1, 3), (1, 5), (2, 3), (2, 4), (3, 4), (3, 5)] slack 0 faces [(0, 3, 5), (1, 3, 5), (2, 3, 4)] twoF [] partners {}
ROW ('F', 'F', 'F', 'O1b', 'O1b', 'O0') [(0, 3), (0, 4), (1, 3), (1, 4), (2, 3), (2, 5), (3, 4), (3, 5)] slack 0 faces [(0, 3, 4), (1, 3, 4), (2, 3, 5)] twoF [] partners {}
ROW ('F', 'F', 'F', 'O1b', 'O1b', 'O0') [(0, 3), (0, 5), (1, 3), (1, 4), (2, 3), (2, 5), (3, 4), (3, 5)] slack 0 faces [(0, 3, 5), (1, 3, 4), (2, 3, 5)] twoF [] partners {}
ROW ('F', 'F', 'F', 'O1b', 'O1b', 'O0') [(0, 3), (0, 4), (1, 3), (1, 5), (2, 3), (2, 5), (3, 4), (3, 5)] slack 0 faces [(0, 3, 4), (1, 3, 5), (2, 3, 5)] twoF [] partners {}
ROW ('F', 'F', 'F', 'O1b', 'O1b', 'O0') [(0, 4), (0, 5), (1, 3), (1, 4), (2, 3), (2, 4), (3, 4), (4, 5)] slack 0 faces [(0, 4, 5), (1, 3, 4), (2, 3, 4)] twoF [] partners {}
ROW ('F', 'F', 'F', 'O1b', 'O1b', 'O0') [(0, 3), (0, 4), (1, 4), (1, 5), (2, 3), (2, 4), (3, 4), (4, 5)] slack 0 faces [(0, 3, 4), (1, 4, 5), (2, 3, 4)] twoF [] partners {}
ROW ('F', 'F', 'F', 'O1b', 'O1b', 'O0') [(0, 4), (0, 5), (1, 4), (1, 5), (2, 3), (2, 4), (3, 4), (4, 5)] slack 0 faces [(0, 4, 5), (1, 4, 5), (2, 3, 4)] twoF [] partners {}
ROW ('F', 'F', 'F', 'O1b', 'O1b', 'O0') [(0, 3), (0, 4), (1, 3), (1, 4), (2, 4), (2, 5), (3, 4), (4, 5)] slack 0 faces [(0, 3, 4), (1, 3, 4), (2, 4, 5)] twoF [] partners {}
ROW ('F', 'F', 'F', 'O1b', 'O1b', 'O0') [(0, 4), (0, 5), (1, 3), (1, 4), (2, 4), (2, 5), (3, 4), (4, 5)] slack 0 faces [(0, 4, 5), (1, 3, 4), (2, 4, 5)] twoF [] partners {}
ROW ('F', 'F', 'F', 'O1b', 'O1b', 'O0') [(0, 3), (0, 4), (1, 4), (1, 5), (2, 4), (2, 5), (3, 4), (4, 5)] slack 0 faces [(0, 3, 4), (1, 4, 5), (2, 4, 5)] twoF [] partners {}
ROW ('F', 'F', 'F', 'O1b', 'O1b', 'O0') [(0, 4), (0, 5), (1, 3), (1, 5), (2, 3), (2, 5), (3, 5), (4, 5)] slack 0 faces [(0, 4, 5), (1, 3, 5), (2, 3, 5)] twoF [] partners {}
ROW ('F', 'F', 'F', 'O1b', 'O1b', 'O0') [(0, 3), (0, 5), (1, 4), (1, 5), (2, 3), (2, 5), (3, 5), (4, 5)] slack 0 faces [(0, 3, 5), (1, 4, 5), (2, 3, 5)] twoF [] partners {}
ROW ('F', 'F', 'F', 'O1b', 'O1b', 'O0') [(0, 4), (0, 5), (1, 4), (1, 5), (2, 3), (2, 5), (3, 5), (4, 5)] slack 0 faces [(0, 4, 5), (1, 4, 5), (2, 3, 5)] twoF [] partners {}
ROW ('F', 'F', 'F', 'O1b', 'O1b', 'O0') [(0, 3), (0, 5), (1, 3), (1, 5), (2, 4), (2, 5), (3, 5), (4, 5)] slack 0 faces [(0, 3, 5), (1, 3, 5), (2, 4, 5)] twoF [] partners {}
ROW ('F', 'F', 'F', 'O1b', 'O1b', 'O0') [(0, 4), (0, 5), (1, 3), (1, 5), (2, 4), (2, 5), (3, 5), (4, 5)] slack 0 faces [(0, 4, 5), (1, 3, 5), (2, 4, 5)] twoF [] partners {}
ROW ('F', 'F', 'F', 'O1b', 'O1b', 'O0') [(0, 3), (0, 5), (1, 4), (1, 5), (2, 4), (2, 5), (3, 5), (4, 5)] slack 0 faces [(0, 3, 5), (1, 4, 5), (2, 4, 5)] twoF [] partners {}
ROW ('F', 'F', 'F', 'O1b', 'O1b', 'O0') [(0, 3), (0, 4), (1, 2), (1, 3), (2, 3), (3, 4), (3, 5), (4, 5)] slack 0 faces [(0, 3, 4), (1, 2, 3), (3, 4, 5)] twoF [(1, 2, 3)] partners {}
ROW ('F', 'F', 'F', 'O1b', 'O1b', 'O0') [(0, 3), (0, 5), (1, 2), (1, 3), (2, 3), (3, 4), (3, 5), (4, 5)] slack 0 faces [(0, 3, 5), (1, 2, 3), (3, 4, 5)] twoF [(1, 2, 3)] partners {}
ROW ('F', 'F', 'F', 'O1b', 'O1b', 'O0') [(0, 4), (0, 5), (1, 2), (1, 3), (2, 3), (3, 4), (3, 5), (4, 5)] slack 0 faces [(0, 4, 5), (1, 2, 3), (3, 4, 5)] twoF [(1, 2, 3)] partners {}
ROW ('F', 'F', 'F', 'O1b', 'O1b', 'O0') [(0, 2), (0, 3), (1, 3), (1, 4), (2, 3), (3, 4), (3, 5), (4, 5)] slack 0 faces [(0, 2, 3), (1, 3, 4), (3, 4, 5)] twoF [(0, 2, 3)] partners {}
ROW ('F', 'F', 'F', 'O1b', 'O1b', 'O0') [(0, 2), (0, 3), (1, 3), (1, 5), (2, 3), (3, 4), (3, 5), (4, 5)] slack 0 faces [(0, 2, 3), (1, 3, 5), (3, 4, 5)] twoF [(0, 2, 3)] partners {}
ROW ('F', 'F', 'F', 'O1b', 'O1b', 'O0') [(0, 2), (0, 3), (1, 4), (1, 5), (2, 3), (3, 4), (3, 5), (4, 5)] slack 0 faces [(0, 2, 3), (1, 4, 5), (3, 4, 5)] twoF [(0, 2, 3)] partners {}
ROW ('F', 'F', 'F', 'O1b', 'O1b', 'O0') [(0, 3), (0, 4), (1, 2), (1, 4), (2, 4), (3, 4), (3, 5), (4, 5)] slack 0 faces [(0, 3, 4), (1, 2, 4), (3, 4, 5)] twoF [(1, 2, 4)] partners {}
ROW ('F', 'F', 'F', 'O1b', 'O1b', 'O0') [(0, 3), (0, 5), (1, 2), (1, 4), (2, 4), (3, 4), (3, 5), (4, 5)] slack 0 faces [(0, 3, 5), (1, 2, 4), (3, 4, 5)] twoF [(1, 2, 4)] partners {}
ROW ('F', 'F', 'F', 'O1b', 'O1b', 'O0') [(0, 4), (0, 5), (1, 2), (1, 4), (2, 4), (3, 4), (3, 5), (4, 5)] slack 0 faces [(0, 4, 5), (1, 2, 4), (3, 4, 5)] twoF [(1, 2, 4)] partners {}
ROW ('F', 'F', 'F', 'O1b', 'O1b', 'O0') [(0, 2), (0, 4), (1, 3), (1, 4), (2, 4), (3, 4), (3, 5), (4, 5)] slack 0 faces [(0, 2, 4), (1, 3, 4), (3, 4, 5)] twoF [(0, 2, 4)] partners {}
ROW ('F', 'F', 'F', 'O1b', 'O1b', 'O0') [(0, 2), (0, 4), (1, 3), (1, 5), (2, 4), (3, 4), (3, 5), (4, 5)] slack 0 faces [(0, 2, 4), (1, 3, 5), (3, 4, 5)] twoF [(0, 2, 4)] partners {}
ROW ('F', 'F', 'F', 'O1b', 'O1b', 'O0') [(0, 2), (0, 4), (1, 4), (1, 5), (2, 4), (3, 4), (3, 5), (4, 5)] slack 0 faces [(0, 2, 4), (1, 4, 5), (3, 4, 5)] twoF [(0, 2, 4)] partners {}
ROW ('F', 'F', 'F', 'O1b', 'O1b', 'O0') [(0, 1), (0, 3), (1, 3), (2, 3), (2, 4), (3, 4), (3, 5), (4, 5)] slack 0 faces [(0, 1, 3), (2, 3, 4), (3, 4, 5)] twoF [(0, 1, 3)] partners {}
ROW ('F', 'F', 'F', 'O1b', 'O1b', 'O0') [(0, 1), (0, 4), (1, 4), (2, 3), (2, 4), (3, 4), (3, 5), (4, 5)] slack 0 faces [(0, 1, 4), (2, 3, 4), (3, 4, 5)] twoF [(0, 1, 4)] partners {}
ROW ('F', 'F', 'F', 'O1b', 'O1b', 'O0') [(0, 1), (0, 5), (1, 5), (2, 3), (2, 4), (3, 4), (3, 5), (4, 5)] slack 0 faces [(0, 1, 5), (2, 3, 4), (3, 4, 5)] twoF [(0, 1, 5)] partners {}
ROW ('F', 'F', 'F', 'O1b', 'O1b', 'O0') [(0, 4), (0, 5), (1, 3), (1, 5), (2, 3), (2, 4), (3, 4), (3, 5), (4, 5)] slack 1 faces [(0, 4, 5), (1, 3, 5), (2, 3, 4), (3, 4, 5)] twoF [] partners {}
ROW ('F', 'F', 'F', 'O1b', 'O1b', 'O0') [(0, 3), (0, 5), (1, 4), (1, 5), (2, 3), (2, 4), (3, 4), (3, 5), (4, 5)] slack 1 faces [(0, 3, 5), (1, 4, 5), (2, 3, 4), (3, 4, 5)] twoF [] partners {}
ROW ('F', 'F', 'F', 'O1b', 'O1b', 'O0') [(0, 2), (0, 5), (1, 3), (1, 4), (2, 5), (3, 4), (3, 5), (4, 5)] slack 0 faces [(0, 2, 5), (1, 3, 4), (3, 4, 5)] twoF [(0, 2, 5)] partners {}
ROW ('F', 'F', 'F', 'O1b', 'O1b', 'O0') [(0, 3), (0, 4), (1, 2), (1, 5), (2, 5), (3, 4), (3, 5), (4, 5)] slack 0 faces [(0, 3, 4), (1, 2, 5), (3, 4, 5)] twoF [(1, 2, 5)] partners {}
ROW ('F', 'F', 'F', 'O1b', 'O1b', 'O0') [(0, 3), (0, 5), (1, 2), (1, 5), (2, 5), (3, 4), (3, 5), (4, 5)] slack 0 faces [(0, 3, 5), (1, 2, 5), (3, 4, 5)] twoF [(1, 2, 5)] partners {}
ROW ('F', 'F', 'F', 'O1b', 'O1b', 'O0') [(0, 4), (0, 5), (1, 2), (1, 5), (2, 5), (3, 4), (3, 5), (4, 5)] slack 0 faces [(0, 4, 5), (1, 2, 5), (3, 4, 5)] twoF [(1, 2, 5)] partners {}
ROW ('F', 'F', 'F', 'O1b', 'O1b', 'O0') [(0, 2), (0, 5), (1, 3), (1, 5), (2, 5), (3, 4), (3, 5), (4, 5)] slack 0 faces [(0, 2, 5), (1, 3, 5), (3, 4, 5)] twoF [(0, 2, 5)] partners {}
ROW ('F', 'F', 'F', 'O1b', 'O1b', 'O0') [(0, 2), (0, 5), (1, 4), (1, 5), (2, 5), (3, 4), (3, 5), (4, 5)] slack 0 faces [(0, 2, 5), (1, 4, 5), (3, 4, 5)] twoF [(0, 2, 5)] partners {}
ROW ('F', 'F', 'F', 'O1b', 'O1b', 'O0') [(0, 1), (0, 3), (1, 3), (2, 3), (2, 5), (3, 4), (3, 5), (4, 5)] slack 0 faces [(0, 1, 3), (2, 3, 5), (3, 4, 5)] twoF [(0, 1, 3)] partners {}
ROW ('F', 'F', 'F', 'O1b', 'O1b', 'O0') [(0, 1), (0, 4), (1, 4), (2, 3), (2, 5), (3, 4), (3, 5), (4, 5)] slack 0 faces [(0, 1, 4), (2, 3, 5), (3, 4, 5)] twoF [(0, 1, 4)] partners {}
ROW ('F', 'F', 'F', 'O1b', 'O1b', 'O0') [(0, 4), (0, 5), (1, 3), (1, 4), (2, 3), (2, 5), (3, 4), (3, 5), (4, 5)] slack 1 faces [(0, 4, 5), (1, 3, 4), (2, 3, 5), (3, 4, 5)] twoF [] partners {}
ROW ('F', 'F', 'F', 'O1b', 'O1b', 'O0') [(0, 1), (0, 5), (1, 5), (2, 3), (2, 5), (3, 4), (3, 5), (4, 5)] slack 0 faces [(0, 1, 5), (2, 3, 5), (3, 4, 5)] twoF [(0, 1, 5)] partners {}
ROW ('F', 'F', 'F', 'O1b', 'O1b', 'O0') [(0, 3), (0, 4), (1, 4), (1, 5), (2, 3), (2, 5), (3, 4), (3, 5), (4, 5)] slack 1 faces [(0, 3, 4), (1, 4, 5), (2, 3, 5), (3, 4, 5)] twoF [] partners {}
ROW ('F', 'F', 'F', 'O1b', 'O1b', 'O0') [(0, 1), (0, 3), (1, 3), (2, 4), (2, 5), (3, 4), (3, 5), (4, 5)] slack 0 faces [(0, 1, 3), (2, 4, 5), (3, 4, 5)] twoF [(0, 1, 3)] partners {}
ROW ('F', 'F', 'F', 'O1b', 'O1b', 'O0') [(0, 1), (0, 4), (1, 4), (2, 4), (2, 5), (3, 4), (3, 5), (4, 5)] slack 0 faces [(0, 1, 4), (2, 4, 5), (3, 4, 5)] twoF [(0, 1, 4)] partners {}
ROW ('F', 'F', 'F', 'O1b', 'O1b', 'O0') [(0, 3), (0, 5), (1, 3), (1, 4), (2, 4), (2, 5), (3, 4), (3, 5), (4, 5)] slack 1 faces [(0, 3, 5), (1, 3, 4), (2, 4, 5), (3, 4, 5)] twoF [] partners {}
ROW ('F', 'F', 'F', 'O1b', 'O1b', 'O0') [(0, 1), (0, 5), (1, 5), (2, 4), (2, 5), (3, 4), (3, 5), (4, 5)] slack 0 faces [(0, 1, 5), (2, 4, 5), (3, 4, 5)] twoF [(0, 1, 5)] partners {}
ROW ('F', 'F', 'F', 'O1b', 'O1b', 'O0') [(0, 3), (0, 4), (1, 3), (1, 5), (2, 4), (2, 5), (3, 4), (3, 5), (4, 5)] slack 1 faces [(0, 3, 4), (1, 3, 5), (2, 4, 5), (3, 4, 5)] twoF [] partners {}
ROW ('F', 'F', 'V', 'V', 'O1', 'O1') [(0, 2), (0, 3), (1, 2), (1, 3), (2, 3), (2, 5), (3, 4)] slack 1 faces [(0, 2, 3), (1, 2, 3)] twoF [] partners {2: 5, 3: 4}
ROW ('F', 'F', 'V', 'V', 'O1', 'O1') [(0, 2), (0, 3), (1, 2), (1, 3), (2, 3), (2, 4), (3, 5)] slack 1 faces [(0, 2, 3), (1, 2, 3)] twoF [] partners {2: 4, 3: 5}
ROW ('F', 'F', 'V', 'V', 'O1', 'O1b') [(0, 3), (0, 5), (1, 3), (1, 5), (2, 3), (2, 5), (3, 4)] slack 0 faces [(0, 3, 5), (1, 3, 5)] twoF [] partners {2: 5, 3: 4}
ROW ('F', 'F', 'V', 'V', 'O1', 'O1b') [(0, 2), (0, 5), (1, 2), (1, 5), (2, 3), (2, 4), (3, 5)] slack 0 faces [(0, 2, 5), (1, 2, 5)] twoF [] partners {2: 4, 3: 5}
ROW ('F', 'F', 'V', 'V', 'O1', 'O1b') [(0, 2), (0, 5), (1, 2), (1, 3), (2, 4), (2, 5), (3, 5)] slack 0 faces [(0, 2, 5), (1, 2, 3)] twoF [] partners {2: 4, 3: 5}
ROW ('F', 'F', 'V', 'V', 'O1', 'O1b') [(0, 2), (0, 3), (1, 2), (1, 5), (2, 4), (2, 5), (3, 5)] slack 0 faces [(0, 2, 3), (1, 2, 5)] twoF [] partners {2: 4, 3: 5}
ROW ('F', 'F', 'V', 'V', 'O1', 'O1b') [(0, 2), (0, 5), (1, 2), (1, 5), (2, 4), (2, 5), (3, 5)] slack 2 faces [(0, 2, 5), (1, 2, 5)] twoF [] partners {2: 4, 3: 5}
ROW ('F', 'F', 'V', 'V', 'O1', 'O1b') [(0, 3), (0, 5), (1, 2), (1, 3), (2, 5), (3, 4), (3, 5)] slack 0 faces [(0, 3, 5), (1, 2, 3)] twoF [] partners {2: 5, 3: 4}
ROW ('F', 'F', 'V', 'V', 'O1', 'O1b') [(0, 2), (0, 3), (1, 3), (1, 5), (2, 5), (3, 4), (3, 5)] slack 0 faces [(0, 2, 3), (1, 3, 5)] twoF [] partners {2: 5, 3: 4}
ROW ('F', 'F', 'V', 'V', 'O1', 'O1b') [(0, 3), (0, 5), (1, 3), (1, 5), (2, 5), (3, 4), (3, 5)] slack 2 faces [(0, 3, 5), (1, 3, 5)] twoF [] partners {2: 5, 3: 4}
ROW ('F', 'F', 'V', 'V', 'O1', 'O0') [(0, 1), (0, 5), (1, 5), (2, 5), (3, 4)] slack 0 faces [(0, 1, 5)] twoF [(0, 1, 5)] partners {2: 5, 3: 4}
ROW ('F', 'F', 'V', 'V', 'O1', 'O0') [(0, 1), (0, 5), (1, 5), (2, 4), (3, 5)] slack 0 faces [(0, 1, 5)] twoF [(0, 1, 5)] partners {2: 4, 3: 5}
ROW ('F', 'F', 'V', 'V', 'O1', 'O0') [(0, 1), (0, 5), (1, 5), (2, 5), (3, 5)] slack 0 faces [(0, 1, 5)] twoF [(0, 1, 5)] partners {2: 5, 3: 5}
ROW ('F', 'F', 'V', 'V', 'O1', 'O0') [(0, 1), (0, 5), (1, 5), (2, 4), (2, 5), (3, 5)] slack 0 faces [(0, 1, 5)] twoF [(0, 1, 5)] partners {2: 4, 3: 5}
ROW ('F', 'F', 'V', 'V', 'O1', 'O0') [(0, 2), (0, 5), (1, 2), (1, 5), (2, 4), (2, 5), (3, 5)] slack 0 faces [(0, 2, 5), (1, 2, 5)] twoF [] partners {2: 4, 3: 5}
ROW ('F', 'F', 'V', 'V', 'O1', 'O0') [(0, 1), (0, 5), (1, 5), (2, 5), (3, 4), (3, 5)] slack 0 faces [(0, 1, 5)] twoF [(0, 1, 5)] partners {2: 5, 3: 4}
ROW ('F', 'F', 'V', 'V', 'O1', 'O0') [(0, 3), (0, 5), (1, 3), (1, 5), (2, 5), (3, 4), (3, 5)] slack 0 faces [(0, 3, 5), (1, 3, 5)] twoF [] partners {2: 5, 3: 4}
ROW ('F', 'F', 'V', 'V', 'O1', 'O0') [(0, 1), (0, 5), (1, 5), (2, 5), (3, 5), (4, 5)] slack 1 faces [(0, 1, 5)] twoF [(0, 1, 5)] partners {2: 5, 3: 5}
ROW ('F', 'F', 'V', 'V', 'O1b', 'O1b') [(0, 4), (0, 5), (1, 4), (1, 5), (2, 5), (3, 4)] slack 1 faces [(0, 4, 5), (1, 4, 5)] twoF [] partners {2: 5, 3: 4}
ROW ('F', 'F', 'V', 'V', 'O1b', 'O1b') [(0, 4), (0, 5), (1, 4), (1, 5), (2, 3), (2, 5), (3, 4)] slack 0 faces [(0, 4, 5), (1, 4, 5)] twoF [] partners {2: 5, 3: 4}
ROW ('F', 'F', 'V', 'V', 'O1b', 'O1b') [(0, 2), (0, 4), (1, 2), (1, 4), (2, 4), (2, 5), (3, 4)] slack 0 faces [(0, 2, 4), (1, 2, 4)] twoF [] partners {2: 5, 3: 4}
ROW ('F', 'F', 'V', 'V', 'O1b', 'O1b') [(0, 4), (0, 5), (1, 4), (1, 5), (2, 4), (2, 5), (3, 4)] slack 1 faces [(0, 4, 5), (1, 4, 5)] twoF [] partners {2: 5, 3: 4}
ROW ('F', 'F', 'V', 'V', 'O1b', 'O1b') [(0, 4), (0, 5), (1, 4), (1, 5), (2, 4), (3, 5)] slack 1 faces [(0, 4, 5), (1, 4, 5)] twoF [] partners {2: 4, 3: 5}
ROW ('F', 'F', 'V', 'V', 'O1b', 'O1b') [(0, 4), (0, 5), (1, 4), (1, 5), (2, 3), (2, 4), (3, 5)] slack 0 faces [(0, 4, 5), (1, 4, 5)] twoF [] partners {2: 4, 3: 5}
ROW ('F', 'F', 'V', 'V', 'O1b', 'O1b') [(0, 2), (0, 5), (1, 2), (1, 5), (2, 4), (2, 5), (3, 5)] slack 0 faces [(0, 2, 5), (1, 2, 5)] twoF [] partners {2: 4, 3: 5}
ROW ('F', 'F', 'V', 'V', 'O1b', 'O1b') [(0, 4), (0, 5), (1, 4), (1, 5), (2, 4), (2, 5), (3, 5)] slack 1 faces [(0, 4, 5), (1, 4, 5)] twoF [] partners {2: 4, 3: 5}
ROW ('F', 'F', 'V', 'V', 'O1b', 'O1b') [(0, 3), (0, 4), (1, 3), (1, 4), (2, 4), (3, 4), (3, 5)] slack 0 faces [(0, 3, 4), (1, 3, 4)] twoF [] partners {2: 4, 3: 5}
ROW ('F', 'F', 'V', 'V', 'O1b', 'O1b') [(0, 4), (0, 5), (1, 4), (1, 5), (2, 4), (3, 4), (3, 5)] slack 1 faces [(0, 4, 5), (1, 4, 5)] twoF [] partners {2: 4, 3: 5}
ROW ('F', 'F', 'V', 'V', 'O1b', 'O1b') [(0, 3), (0, 5), (1, 3), (1, 5), (2, 5), (3, 4), (3, 5)] slack 0 faces [(0, 3, 5), (1, 3, 5)] twoF [] partners {2: 5, 3: 4}
ROW ('F', 'F', 'V', 'V', 'O1b', 'O1b') [(0, 4), (0, 5), (1, 4), (1, 5), (2, 5), (3, 4), (3, 5)] slack 1 faces [(0, 4, 5), (1, 4, 5)] twoF [] partners {2: 5, 3: 4}
ROW ('F', 'F', 'V', 'V', 'O1b', 'O1b') [(0, 2), (0, 3), (1, 2), (1, 3), (2, 4), (2, 5), (3, 4), (3, 5)] slack 0 faces [(0, 2, 3), (1, 2, 3)] twoF [] partners {2: 4, 3: 5}
ROW ('F', 'F', 'V', 'V', 'O1b', 'O1b') [(0, 2), (0, 4), (1, 2), (1, 4), (2, 4), (2, 5), (3, 4), (3, 5)] slack 2 faces [(0, 2, 4), (1, 2, 4)] twoF [] partners {2: 5, 3: 4}
ROW ('F', 'F', 'V', 'V', 'O1b', 'O1b') [(0, 3), (0, 4), (1, 3), (1, 4), (2, 4), (2, 5), (3, 4), (3, 5)] slack 2 faces [(0, 3, 4), (1, 3, 4)] twoF [] partners {2: 4, 3: 5}
ROW ('F', 'F', 'V', 'V', 'O1b', 'O1b') [(0, 2), (0, 5), (1, 2), (1, 5), (2, 4), (2, 5), (3, 4), (3, 5)] slack 2 faces [(0, 2, 5), (1, 2, 5)] twoF [] partners {2: 4, 3: 5}
ROW ('F', 'F', 'V', 'V', 'O1b', 'O1b') [(0, 3), (0, 5), (1, 3), (1, 5), (2, 4), (2, 5), (3, 4), (3, 5)] slack 2 faces [(0, 3, 5), (1, 3, 5)] twoF [] partners {2: 5, 3: 4}
ROW ('F', 'F', 'V', 'V', 'O1b', 'O1b') [(0, 4), (0, 5), (1, 4), (1, 5), (2, 4), (2, 5), (3, 4), (3, 5)] slack 2 faces [(0, 4, 5), (1, 4, 5)] twoF [] partners {2: 4, 3: 5}
ROW ('F', 'F', 'V', 'V', 'O1b', 'O1b') [(0, 4), (0, 5), (1, 2), (1, 3), (2, 5), (3, 4), (4, 5)] slack 0 faces [(0, 4, 5), (1, 2, 3)] twoF [] partners {2: 5, 3: 4}
ROW ('F', 'F', 'V', 'V', 'O1b', 'O1b') [(0, 4), (0, 5), (1, 2), (1, 4), (2, 5), (3, 4), (4, 5)] slack 1 faces [(0, 4, 5), (1, 2, 4)] twoF [] partners {2: 5, 3: 4}
ROW ('F', 'F', 'V', 'V', 'O1b', 'O1b') [(0, 4), (0, 5), (1, 3), (1, 5), (2, 5), (3, 4), (4, 5)] slack 1 faces [(0, 4, 5), (1, 3, 5)] twoF [] partners {2: 5, 3: 4}
ROW ('F', 'F', 'V', 'V', 'O1b', 'O1b') [(0, 2), (0, 3), (1, 4), (1, 5), (2, 5), (3, 4), (4, 5)] slack 0 faces [(0, 2, 3), (1, 4, 5)] twoF [] partners {2: 5, 3: 4}
ROW ('F', 'F', 'V', 'V', 'O1b', 'O1b') [(0, 2), (0, 4), (1, 4), (1, 5), (2, 5), (3, 4), (4, 5)] slack 1 faces [(0, 2, 4), (1, 4, 5)] twoF [] partners {2: 5, 3: 4}
ROW ('F', 'F', 'V', 'V', 'O1b', 'O1b') [(0, 3), (0, 5), (1, 4), (1, 5), (2, 5), (3, 4), (4, 5)] slack 1 faces [(0, 3, 5), (1, 4, 5)] twoF [] partners {2: 5, 3: 4}
ROW ('F', 'F', 'V', 'V', 'O1b', 'O1b') [(0, 4), (0, 5), (1, 4), (1, 5), (2, 5), (3, 4), (4, 5)] slack 3 faces [(0, 4, 5), (1, 4, 5)] twoF [] partners {2: 5, 3: 4}
ROW ('F', 'F', 'V', 'V', 'O1b', 'O1b') [(0, 2), (0, 3), (1, 2), (1, 3), (2, 3), (2, 5), (3, 4), (4, 5)] slack 0 faces [(0, 2, 3), (1, 2, 3)] twoF [] partners {2: 5, 3: 4}
ROW ('F', 'F', 'V', 'V', 'O1b', 'O1b') [(0, 2), (0, 4), (1, 2), (1, 4), (2, 3), (2, 5), (3, 4), (4, 5)] slack 0 faces [(0, 2, 4), (1, 2, 4)] twoF [] partners {2: 5, 3: 4}
ROW ('F', 'F', 'V', 'V', 'O1b', 'O1b') [(0, 3), (0, 5), (1, 3), (1, 5), (2, 3), (2, 5), (3, 4), (4, 5)] slack 0 faces [(0, 3, 5), (1, 3, 5)] twoF [] partners {2: 5, 3: 4}
ROW ('F', 'F', 'V', 'V', 'O1b', 'O1b') [(0, 4), (0, 5), (1, 4), (1, 5), (2, 3), (2, 5), (3, 4), (4, 5)] slack 2 faces [(0, 4, 5), (1, 4, 5)] twoF [] partners {2: 5, 3: 4}
ROW ('F', 'F', 'V', 'V', 'O1b', 'O1b') [(0, 4), (0, 5), (1, 2), (1, 3), (2, 4), (3, 5), (4, 5)] slack 0 faces [(0, 4, 5), (1, 2, 3)] twoF [] partners {2: 4, 3: 5}
ROW ('F', 'F', 'V', 'V', 'O1b', 'O1b') [(0, 4), (0, 5), (1, 3), (1, 4), (2, 4), (3, 5), (4, 5)] slack 1 faces [(0, 4, 5), (1, 3, 4)] twoF [] partners {2: 4, 3: 5}
ROW ('F', 'F', 'V', 'V', 'O1b', 'O1b') [(0, 4), (0, 5), (1, 2), (1, 5), (2, 4), (3, 5), (4, 5)] slack 1 faces [(0, 4, 5), (1, 2, 5)] twoF [] partners {2: 4, 3: 5}
ROW ('F', 'F', 'V', 'V', 'O1b', 'O1b') [(0, 2), (0, 3), (1, 4), (1, 5), (2, 4), (3, 5), (4, 5)] slack 0 faces [(0, 2, 3), (1, 4, 5)] twoF [] partners {2: 4, 3: 5}
ROW ('F', 'F', 'V', 'V', 'O1b', 'O1b') [(0, 3), (0, 4), (1, 4), (1, 5), (2, 4), (3, 5), (4, 5)] slack 1 faces [(0, 3, 4), (1, 4, 5)] twoF [] partners {2: 4, 3: 5}
ROW ('F', 'F', 'V', 'V', 'O1b', 'O1b') [(0, 2), (0, 5), (1, 4), (1, 5), (2, 4), (3, 5), (4, 5)] slack 1 faces [(0, 2, 5), (1, 4, 5)] twoF [] partners {2: 4, 3: 5}
ROW ('F', 'F', 'V', 'V', 'O1b', 'O1b') [(0, 4), (0, 5), (1, 4), (1, 5), (2, 4), (3, 5), (4, 5)] slack 3 faces [(0, 4, 5), (1, 4, 5)] twoF [] partners {2: 4, 3: 5}
ROW ('F', 'F', 'V', 'V', 'O1b', 'O1b') [(0, 2), (0, 3), (1, 2), (1, 3), (2, 3), (2, 4), (3, 5), (4, 5)] slack 0 faces [(0, 2, 3), (1, 2, 3)] twoF [] partners {2: 4, 3: 5}
ROW ('F', 'F', 'V', 'V', 'O1b', 'O1b') [(0, 3), (0, 4), (1, 3), (1, 4), (2, 3), (2, 4), (3, 5), (4, 5)] slack 0 faces [(0, 3, 4), (1, 3, 4)] twoF [] partners {2: 4, 3: 5}
ROW ('F', 'F', 'V', 'V', 'O1b', 'O1b') [(0, 2), (0, 5), (1, 2), (1, 5), (2, 3), (2, 4), (3, 5), (4, 5)] slack 0 faces [(0, 2, 5), (1, 2, 5)] twoF [] partners {2: 4, 3: 5}
ROW ('F', 'F', 'V', 'V', 'O1b', 'O1b') [(0, 4), (0, 5), (1, 4), (1, 5), (2, 3), (2, 4), (3, 5), (4, 5)] slack 2 faces [(0, 4, 5), (1, 4, 5)] twoF [] partners {2: 4, 3: 5}
ROW ('F', 'F', 'V', 'V', 'O1b', 'O0') [(0, 1), (0, 4), (1, 4), (2, 4), (2, 5), (3, 4), (3, 5)] slack 0 faces [(0, 1, 4)] twoF [(0, 1, 4)] partners {2: 5, 3: 5}
ROW ('F', 'F', 'V', 'V', 'O1b', 'O0') [(0, 2), (0, 4), (1, 2), (1, 4), (2, 4), (2, 5), (3, 4), (3, 5)] slack 0 faces [(0, 2, 4), (1, 2, 4)] twoF [] partners {2: 5, 3: 4}
ROW ('F', 'F', 'V', 'V', 'O1b', 'O0') [(0, 3), (0, 4), (1, 3), (1, 4), (2, 4), (2, 5), (3, 4), (3, 5)] slack 0 faces [(0, 3, 4), (1, 3, 4)] twoF [] partners {2: 4, 3: 5}
ROW ('F', 'F', 'V', 'V', 'O1b', 'O0') [(0, 1), (0, 5), (1, 5), (2, 4), (2, 5), (3, 4), (3, 5)] slack 0 faces [(0, 1, 5)] twoF [(0, 1, 5)] partners {2: 4, 3: 5}
ROW ('F', 'F', 'V', 'V', 'O1b', 'O0') [(0, 2), (0, 5), (1, 2), (1, 5), (2, 4), (2, 5), (3, 4), (3, 5)] slack 0 faces [(0, 2, 5), (1, 2, 5)] twoF [] partners {2: 4, 3: 5}
ROW ('F', 'F', 'V', 'V', 'O1b', 'O0') [(0, 3), (0, 5), (1, 3), (1, 5), (2, 4), (2, 5), (3, 4), (3, 5)] slack 0 faces [(0, 3, 5), (1, 3, 5)] twoF [] partners {2: 5, 3: 4}
ROW ('F', 'F', 'V', 'V', 'O1b', 'O0') [(0, 4), (0, 5), (1, 4), (1, 5), (2, 4), (2, 5), (3, 4), (3, 5)] slack 0 faces [(0, 4, 5), (1, 4, 5)] twoF [] partners {2: 4, 3: 5}
ROW ('F', 'F', 'V', 'V', 'O1b', 'O0') [(0, 1), (0, 5), (1, 5), (2, 5), (3, 4), (4, 5)] slack 0 faces [(0, 1, 5)] twoF [(0, 1, 5)] partners {2: 5, 3: 4}
ROW ('F', 'F', 'V', 'V', 'O1b', 'O0') [(0, 4), (0, 5), (1, 4), (1, 5), (2, 5), (3, 4), (4, 5)] slack 1 faces [(0, 4, 5), (1, 4, 5)] twoF [] partners {2: 5, 3: 4}
ROW ('F', 'F', 'V', 'V', 'O1b', 'O0') [(0, 4), (0, 5), (1, 4), (1, 5), (2, 3), (2, 5), (3, 4), (4, 5)] slack 0 faces [(0, 4, 5), (1, 4, 5)] twoF [] partners {2: 5, 3: 4}
ROW ('F', 'F', 'V', 'V', 'O1b', 'O0') [(0, 1), (0, 5), (1, 5), (2, 4), (3, 5), (4, 5)] slack 0 faces [(0, 1, 5)] twoF [(0, 1, 5)] partners {2: 4, 3: 5}
ROW ('F', 'F', 'V', 'V', 'O1b', 'O0') [(0, 4), (0, 5), (1, 4), (1, 5), (2, 4), (3, 5), (4, 5)] slack 1 faces [(0, 4, 5), (1, 4, 5)] twoF [] partners {2: 4, 3: 5}
ROW ('F', 'F', 'V', 'V', 'O1b', 'O0') [(0, 4), (0, 5), (1, 4), (1, 5), (2, 3), (2, 4), (3, 5), (4, 5)] slack 0 faces [(0, 4, 5), (1, 4, 5)] twoF [] partners {2: 4, 3: 5}
ROW ('F', 'F', 'V', 'V', 'O1b', 'O0') [(0, 1), (0, 4), (1, 4), (2, 5), (3, 5), (4, 5)] slack 0 faces [(0, 1, 4)] twoF [(0, 1, 4)] partners {2: 5, 3: 5}
ROW ('F', 'F', 'V', 'V', 'O1b', 'O0') [(0, 1), (0, 5), (1, 5), (2, 5), (3, 5), (4, 5)] slack 0 faces [(0, 1, 5)] twoF [(0, 1, 5)] partners {2: 5, 3: 5}
ROW ('F', 'F', 'V', 'V', 'O1b', 'O0') [(0, 4), (0, 5), (1, 4), (1, 5), (2, 5), (3, 5), (4, 5)] slack 1 faces [(0, 4, 5), (1, 4, 5)] twoF [] partners {2: 5, 3: 5}
ROW ('F', 'F', 'V', 'O1', 'O1', 'O1b') [(0, 1), (0, 5), (1, 5), (2, 3), (2, 5)] slack 0 faces [(0, 1, 5)] twoF [(0, 1, 5)] partners {2: 3}
ROW ('F', 'F', 'V', 'O1', 'O1', 'O1b') [(0, 2), (0, 5), (1, 2), (1, 5), (2, 3), (2, 5)] slack 0 faces [(0, 2, 5), (1, 2, 5)] twoF [] partners {2: 3}
ROW ('F', 'F', 'V', 'O1', 'O1', 'O1b') [(0, 1), (0, 5), (1, 5), (2, 4), (2, 5)] slack 0 faces [(0, 1, 5)] twoF [(0, 1, 5)] partners {2: 4}
ROW ('F', 'F', 'V', 'O1', 'O1', 'O1b') [(0, 2), (0, 5), (1, 2), (1, 5), (2, 4), (2, 5)] slack 0 faces [(0, 2, 5), (1, 2, 5)] twoF [] partners {2: 4}
ROW ('F', 'F', 'V', 'O1', 'O1', 'O1b') [(0, 1), (0, 5), (1, 5), (2, 4), (3, 5)] slack 1 faces [(0, 1, 5)] twoF [(0, 1, 5)] partners {2: 4}
ROW ('F', 'F', 'V', 'O1', 'O1', 'O1b') [(0, 1), (0, 5), (1, 5), (2, 4), (2, 5), (3, 5)] slack 1 faces [(0, 1, 5)] twoF [(0, 1, 5)] partners {2: 4}
ROW ('F', 'F', 'V', 'O1', 'O1', 'O1b') [(0, 2), (0, 5), (1, 2), (1, 5), (2, 4), (2, 5), (3, 5)] slack 1 faces [(0, 2, 5), (1, 2, 5)] twoF [] partners {2: 4}
ROW ('F', 'F', 'V', 'O1', 'O1', 'O1b') [(0, 1), (0, 5), (1, 5), (2, 3), (4, 5)] slack 1 faces [(0, 1, 5)] twoF [(0, 1, 5)] partners {2: 3}
ROW ('F', 'F', 'V', 'O1', 'O1', 'O1b') [(0, 1), (0, 5), (1, 5), (2, 3), (2, 5), (4, 5)] slack 1 faces [(0, 1, 5)] twoF [(0, 1, 5)] partners {2: 3}
ROW ('F', 'F', 'V', 'O1', 'O1', 'O1b') [(0, 2), (0, 5), (1, 2), (1, 5), (2, 3), (2, 5), (4, 5)] slack 1 faces [(0, 2, 5), (1, 2, 5)] twoF [] partners {2: 3}
ROW ('F', 'F', 'V', 'O1', 'O1', 'O0') [(0, 1), (0, 5), (1, 5), (2, 5), (3, 5), (4, 5)] slack 0 faces [(0, 1, 5)] twoF [(0, 1, 5)] partners {2: 5}
ROW ('F', 'F', 'V', 'O1', 'O1b', 'O1b') [(0, 4), (0, 5), (1, 4), (1, 5), (2, 4), (3, 4)] slack 0 faces [(0, 4, 5), (1, 4, 5)] twoF [] partners {2: 4}
ROW ('F', 'F', 'V', 'O1', 'O1b', 'O1b') [(0, 4), (0, 5), (1, 4), (1, 5), (2, 5), (3, 4)] slack 0 faces [(0, 4, 5), (1, 4, 5)] twoF [] partners {2: 5}
ROW ('F', 'F', 'V', 'O1', 'O1b', 'O1b') [(0, 1), (0, 5), (1, 5), (2, 4), (2, 5), (3, 4)] slack 0 faces [(0, 1, 5)] twoF [(0, 1, 5)] partners {2: 4}
ROW ('F', 'F', 'V', 'O1', 'O1b', 'O1b') [(0, 2), (0, 5), (1, 2), (1, 5), (2, 4), (2, 5), (3, 4)] slack 0 faces [(0, 2, 5), (1, 2, 5)] twoF [] partners {2: 4}
ROW ('F', 'F', 'V', 'O1', 'O1b', 'O1b') [(0, 4), (0, 5), (1, 4), (1, 5), (2, 4), (2, 5), (3, 4)] slack 0 faces [(0, 4, 5), (1, 4, 5)] twoF [] partners {2: 4}
ROW ('F', 'F', 'V', 'O1', 'O1b', 'O1b') [(0, 4), (0, 5), (1, 4), (1, 5), (2, 4), (3, 5)] slack 0 faces [(0, 4, 5), (1, 4, 5)] twoF [] partners {2: 4}
ROW ('F', 'F', 'V', 'O1', 'O1b', 'O1b') [(0, 4), (0, 5), (1, 4), (1, 5), (2, 5), (3, 5)] slack 0 faces [(0, 4, 5), (1, 4, 5)] twoF [] partners {2: 5}
ROW ('F', 'F', 'V', 'O1', 'O1b', 'O1b') [(0, 1), (0, 4), (1, 4), (2, 4), (2, 5), (3, 5)] slack 0 faces [(0, 1, 4)] twoF [(0, 1, 4)] partners {2: 5}
ROW ('F', 'F', 'V', 'O1', 'O1b', 'O1b') [(0, 2), (0, 4), (1, 2), (1, 4), (2, 4), (2, 5), (3, 5)] slack 0 faces [(0, 2, 4), (1, 2, 4)] twoF [] partners {2: 5}
ROW ('F', 'F', 'V', 'O1', 'O1b', 'O1b') [(0, 4), (0, 5), (1, 4), (1, 5), (2, 4), (2, 5), (3, 5)] slack 0 faces [(0, 4, 5), (1, 4, 5)] twoF [] partners {2: 4}
ROW ('F', 'F', 'V', 'O1', 'O1b', 'O1b') [(0, 1), (0, 4), (1, 4), (2, 3), (4, 5)] slack 0 faces [(0, 1, 4)] twoF [(0, 1, 4)] partners {2: 3}
ROW ('F', 'F', 'V', 'O1', 'O1b', 'O1b') [(0, 1), (0, 5), (1, 5), (2, 3), (4, 5)] slack 0 faces [(0, 1, 5)] twoF [(0, 1, 5)] partners {2: 3}
ROW ('F', 'F', 'V', 'O1', 'O1b', 'O1b') [(0, 4), (0, 5), (1, 4), (1, 5), (2, 3), (4, 5)] slack 1 faces [(0, 4, 5), (1, 4, 5)] twoF [] partners {2: 3}
ROW ('F', 'F', 'V', 'O1', 'O1b', 'O1b') [(0, 4), (0, 5), (1, 3), (1, 4), (2, 4), (4, 5)] slack 0 faces [(0, 4, 5), (1, 3, 4)] twoF [] partners {2: 4}
ROW ('F', 'F', 'V', 'O1', 'O1b', 'O1b') [(0, 1), (0, 5), (1, 5), (2, 4), (4, 5)] slack 0 faces [(0, 1, 5)] twoF [(0, 1, 5)] partners {2: 4}
ROW ('F', 'F', 'V', 'O1', 'O1b', 'O1b') [(0, 4), (0, 5), (1, 3), (1, 5), (2, 4), (4, 5)] slack 0 faces [(0, 4, 5), (1, 3, 5)] twoF [] partners {2: 4}
ROW ('F', 'F', 'V', 'O1', 'O1b', 'O1b') [(0, 3), (0, 4), (1, 4), (1, 5), (2, 4), (4, 5)] slack 0 faces [(0, 3, 4), (1, 4, 5)] twoF [] partners {2: 4}
ROW ('F', 'F', 'V', 'O1', 'O1b', 'O1b') [(0, 3), (0, 5), (1, 4), (1, 5), (2, 4), (4, 5)] slack 0 faces [(0, 3, 5), (1, 4, 5)] twoF [] partners {2: 4}
ROW ('F', 'F', 'V', 'O1', 'O1b', 'O1b') [(0, 4), (0, 5), (1, 4), (1, 5), (2, 4), (4, 5)] slack 1 faces [(0, 4, 5), (1, 4, 5)] twoF [] partners {2: 4}
ROW ('F', 'F', 'V', 'O1', 'O1b', 'O1b') [(0, 1), (0, 4), (1, 4), (2, 3), (2, 4), (4, 5)] slack 0 faces [(0, 1, 4)] twoF [(0, 1, 4)] partners {2: 3}
ROW ('F', 'F', 'V', 'O1', 'O1b', 'O1b') [(0, 2), (0, 4), (1, 2), (1, 4), (2, 3), (2, 4), (4, 5)] slack 0 faces [(0, 2, 4), (1, 2, 4)] twoF [] partners {2: 3}
ROW ('F', 'F', 'V', 'O1', 'O1b', 'O1b') [(0, 1), (0, 5), (1, 5), (2, 3), (2, 4), (4, 5)] slack 0 faces [(0, 1, 5)] twoF [(0, 1, 5)] partners {2: 3}
ROW ('F', 'F', 'V', 'O1', 'O1b', 'O1b') [(0, 4), (0, 5), (1, 4), (1, 5), (2, 3), (2, 4), (4, 5)] slack 1 faces [(0, 4, 5), (1, 4, 5)] twoF [] partners {2: 3}
ROW ('F', 'F', 'V', 'O1', 'O1b', 'O1b') [(0, 1), (0, 4), (1, 4), (2, 5), (4, 5)] slack 0 faces [(0, 1, 4)] twoF [(0, 1, 4)] partners {2: 5}
ROW ('F', 'F', 'V', 'O1', 'O1b', 'O1b') [(0, 4), (0, 5), (1, 3), (1, 4), (2, 5), (4, 5)] slack 0 faces [(0, 4, 5), (1, 3, 4)] twoF [] partners {2: 5}
ROW ('F', 'F', 'V', 'O1', 'O1b', 'O1b') [(0, 4), (0, 5), (1, 3), (1, 5), (2, 5), (4, 5)] slack 0 faces [(0, 4, 5), (1, 3, 5)] twoF [] partners {2: 5}
ROW ('F', 'F', 'V', 'O1', 'O1b', 'O1b') [(0, 3), (0, 4), (1, 4), (1, 5), (2, 5), (4, 5)] slack 0 faces [(0, 3, 4), (1, 4, 5)] twoF [] partners {2: 5}
ROW ('F', 'F', 'V', 'O1', 'O1b', 'O1b') [(0, 3), (0, 5), (1, 4), (1, 5), (2, 5), (4, 5)] slack 0 faces [(0, 3, 5), (1, 4, 5)] twoF [] partners {2: 5}
ROW ('F', 'F', 'V', 'O1', 'O1b', 'O1b') [(0, 4), (0, 5), (1, 4), (1, 5), (2, 5), (4, 5)] slack 1 faces [(0, 4, 5), (1, 4, 5)] twoF [] partners {2: 5}
ROW ('F', 'F', 'V', 'O1', 'O1b', 'O1b') [(0, 1), (0, 4), (1, 4), (2, 3), (2, 5), (4, 5)] slack 0 faces [(0, 1, 4)] twoF [(0, 1, 4)] partners {2: 3}
ROW ('F', 'F', 'V', 'O1', 'O1b', 'O1b') [(0, 1), (0, 5), (1, 5), (2, 3), (2, 5), (4, 5)] slack 0 faces [(0, 1, 5)] twoF [(0, 1, 5)] partners {2: 3}
ROW ('F', 'F', 'V', 'O1', 'O1b', 'O1b') [(0, 2), (0, 5), (1, 2), (1, 5), (2, 3), (2, 5), (4, 5)] slack 0 faces [(0, 2, 5), (1, 2, 5)] twoF [] partners {2: 3}
ROW ('F', 'F', 'V', 'O1', 'O1b', 'O1b') [(0, 4), (0, 5), (1, 4), (1, 5), (2, 3), (2, 5), (4, 5)] slack 1 faces [(0, 4, 5), (1, 4, 5)] twoF [] partners {2: 3}
ROW ('F', 'F', 'V', 'O1', 'O1b', 'O1b') [(0, 4), (0, 5), (1, 2), (1, 4), (2, 3), (2, 4), (2, 5), (4, 5)] slack 1 faces [(0, 4, 5), (1, 2, 4), (2, 4, 5)] twoF [] partners {2: 3}
ROW ('F', 'F', 'V', 'O1', 'O1b', 'O1b') [(0, 4), (0, 5), (1, 2), (1, 5), (2, 3), (2, 4), (2, 5), (4, 5)] slack 1 faces [(0, 4, 5), (1, 2, 5), (2, 4, 5)] twoF [] partners {2: 3}
ROW ('F', 'F', 'V', 'O1', 'O1b', 'O1b') [(0, 2), (0, 4), (1, 4), (1, 5), (2, 3), (2, 4), (2, 5), (4, 5)] slack 1 faces [(0, 2, 4), (1, 4, 5), (2, 4, 5)] twoF [] partners {2: 3}
ROW ('F', 'F', 'V', 'O1', 'O1b', 'O1b') [(0, 2), (0, 5), (1, 4), (1, 5), (2, 3), (2, 4), (2, 5), (4, 5)] slack 1 faces [(0, 2, 5), (1, 4, 5), (2, 4, 5)] twoF [] partners {2: 3}
ROW ('F', 'F', 'V', 'O1', 'O1b', 'O1b') [(0, 1), (0, 5), (1, 5), (2, 4), (3, 4), (4, 5)] slack 1 faces [(0, 1, 5)] twoF [(0, 1, 5)] partners {2: 4}
ROW ('F', 'F', 'V', 'O1', 'O1b', 'O1b') [(0, 4), (0, 5), (1, 2), (1, 5), (2, 4), (3, 4), (4, 5)] slack 0 faces [(0, 4, 5), (1, 2, 5)] twoF [] partners {2: 4}
ROW ('F', 'F', 'V', 'O1', 'O1b', 'O1b') [(0, 2), (0, 5), (1, 4), (1, 5), (2, 4), (3, 4), (4, 5)] slack 0 faces [(0, 2, 5), (1, 4, 5)] twoF [] partners {2: 4}
ROW ('F', 'F', 'V', 'O1', 'O1b', 'O1b') [(0, 4), (0, 5), (1, 4), (1, 5), (2, 4), (3, 4), (4, 5)] slack 2 faces [(0, 4, 5), (1, 4, 5)] twoF [] partners {2: 4}
ROW ('F', 'F', 'V', 'O1', 'O1b', 'O1b') [(0, 1), (0, 4), (1, 4), (2, 5), (3, 4), (4, 5)] slack 1 faces [(0, 1, 4)] twoF [(0, 1, 4)] partners {2: 5}
ROW ('F', 'F', 'V', 'O1', 'O1b', 'O1b') [(0, 4), (0, 5), (1, 2), (1, 4), (2, 5), (3, 4), (4, 5)] slack 0 faces [(0, 4, 5), (1, 2, 4)] twoF [] partners {2: 5}
ROW ('F', 'F', 'V', 'O1', 'O1b', 'O1b') [(0, 2), (0, 4), (1, 4), (1, 5), (2, 5), (3, 4), (4, 5)] slack 0 faces [(0, 2, 4), (1, 4, 5)] twoF [] partners {2: 5}
ROW ('F', 'F', 'V', 'O1', 'O1b', 'O1b') [(0, 4), (0, 5), (1, 4), (1, 5), (2, 5), (3, 4), (4, 5)] slack 2 faces [(0, 4, 5), (1, 4, 5)] twoF [] partners {2: 5}
ROW ('F', 'F', 'V', 'O1', 'O1b', 'O1b') [(0, 1), (0, 5), (1, 5), (2, 4), (3, 5), (4, 5)] slack 1 faces [(0, 1, 5)] twoF [(0, 1, 5)] partners {2: 4}
ROW ('F', 'F', 'V', 'O1', 'O1b', 'O1b') [(0, 4), (0, 5), (1, 2), (1, 5), (2, 4), (3, 5), (4, 5)] slack 0 faces [(0, 4, 5), (1, 2, 5)] twoF [] partners {2: 4}
ROW ('F', 'F', 'V', 'O1', 'O1b', 'O1b') [(0, 2), (0, 5), (1, 4), (1, 5), (2, 4), (3, 5), (4, 5)] slack 0 faces [(0, 2, 5), (1, 4, 5)] twoF [] partners {2: 4}
ROW ('F', 'F', 'V', 'O1', 'O1b', 'O1b') [(0, 4), (0, 5), (1, 4), (1, 5), (2, 4), (3, 5), (4, 5)] slack 2 faces [(0, 4, 5), (1, 4, 5)] twoF [] partners {2: 4}
ROW ('F', 'F', 'V', 'O1', 'O1b', 'O1b') [(0, 1), (0, 4), (1, 4), (2, 5), (3, 5), (4, 5)] slack 1 faces [(0, 1, 4)] twoF [(0, 1, 4)] partners {2: 5}
ROW ('F', 'F', 'V', 'O1', 'O1b', 'O1b') [(0, 4), (0, 5), (1, 2), (1, 4), (2, 5), (3, 5), (4, 5)] slack 0 faces [(0, 4, 5), (1, 2, 4)] twoF [] partners {2: 5}
ROW ('F', 'F', 'V', 'O1', 'O1b', 'O1b') [(0, 2), (0, 4), (1, 4), (1, 5), (2, 5), (3, 5), (4, 5)] slack 0 faces [(0, 2, 4), (1, 4, 5)] twoF [] partners {2: 5}
ROW ('F', 'F', 'V', 'O1', 'O1b', 'O1b') [(0, 4), (0, 5), (1, 4), (1, 5), (2, 5), (3, 5), (4, 5)] slack 2 faces [(0, 4, 5), (1, 4, 5)] twoF [] partners {2: 5}
ROW ('F', 'F', 'V', 'O1', 'O1b', 'O0') [(0, 4), (0, 5), (1, 4), (1, 5), (2, 4), (3, 4), (4, 5)] slack 0 faces [(0, 4, 5), (1, 4, 5)] twoF [] partners {2: 4}
ROW ('F', 'F', 'V', 'O1', 'O1b', 'O0') [(0, 4), (0, 5), (1, 4), (1, 5), (2, 5), (3, 4), (4, 5)] slack 0 faces [(0, 4, 5), (1, 4, 5)] twoF [] partners {2: 5}
ROW ('F', 'F', 'V', 'O1', 'O1b', 'O0') [(0, 4), (0, 5), (1, 4), (1, 5), (2, 4), (3, 5), (4, 5)] slack 0 faces [(0, 4, 5), (1, 4, 5)] twoF [] partners {2: 4}
ROW ('F', 'F', 'V', 'O1', 'O1b', 'O0') [(0, 4), (0, 5), (1, 4), (1, 5), (2, 5), (3, 5), (4, 5)] slack 0 faces [(0, 4, 5), (1, 4, 5)] twoF [] partners {2: 5}
ROW ('F', 'F', 'V', 'O1b', 'O1b', 'O1b') [(0, 3), (0, 4), (1, 3), (1, 4), (2, 3), (2, 5), (3, 4)] slack 0 faces [(0, 3, 4), (1, 3, 4)] twoF [] partners {2: 3}
ROW ('F', 'F', 'V', 'O1b', 'O1b', 'O1b') [(0, 1), (0, 3), (0, 4), (0, 5), (1, 5), (2, 3), (2, 5), (3, 4)] slack 0 faces [(0, 1, 5), (0, 3, 4)] twoF [(0, 1, 5)] partners {2: 3}
ROW ('F', 'F', 'V', 'O1b', 'O1b', 'O1b') [(0, 1), (0, 5), (1, 3), (1, 4), (1, 5), (2, 3), (2, 5), (3, 4)] slack 0 faces [(0, 1, 5), (1, 3, 4)] twoF [(0, 1, 5)] partners {2: 3}
ROW ('F', 'F', 'V', 'O1b', 'O1b', 'O1b') [(0, 3), (0, 4), (1, 3), (1, 4), (2, 4), (2, 5), (3, 4)] slack 0 faces [(0, 3, 4), (1, 3, 4)] twoF [] partners {2: 4}
ROW ('F', 'F', 'V', 'O1b', 'O1b', 'O1b') [(0, 1), (0, 3), (0, 4), (0, 5), (1, 5), (2, 4), (2, 5), (3, 4)] slack 0 faces [(0, 1, 5), (0, 3, 4)] twoF [(0, 1, 5)] partners {2: 4}
ROW ('F', 'F', 'V', 'O1b', 'O1b', 'O1b') [(0, 1), (0, 5), (1, 3), (1, 4), (1, 5), (2, 4), (2, 5), (3, 4)] slack 0 faces [(0, 1, 5), (1, 3, 4)] twoF [(0, 1, 5)] partners {2: 4}
ROW ('F', 'F', 'V', 'O1b', 'O1b', 'O1b') [(0, 1), (0, 3), (0, 4), (0, 5), (1, 4), (2, 3), (2, 4), (3, 5)] slack 0 faces [(0, 1, 4), (0, 3, 5)] twoF [(0, 1, 4)] partners {2: 3}
ROW ('F', 'F', 'V', 'O1b', 'O1b', 'O1b') [(0, 3), (0, 5), (1, 3), (1, 5), (2, 3), (2, 4), (3, 5)] slack 0 faces [(0, 3, 5), (1, 3, 5)] twoF [] partners {2: 3}
ROW ('F', 'F', 'V', 'O1b', 'O1b', 'O1b') [(0, 1), (0, 4), (1, 3), (1, 4), (1, 5), (2, 3), (2, 4), (3, 5)] slack 0 faces [(0, 1, 4), (1, 3, 5)] twoF [(0, 1, 4)] partners {2: 3}
ROW ('F', 'F', 'V', 'O1b', 'O1b', 'O1b') [(0, 1), (0, 3), (0, 4), (0, 5), (1, 4), (2, 4), (2, 5), (3, 5)] slack 0 faces [(0, 1, 4), (0, 3, 5)] twoF [(0, 1, 4)] partners {2: 4}
ROW ('F', 'F', 'V', 'O1b', 'O1b', 'O1b') [(0, 3), (0, 5), (1, 3), (1, 5), (2, 4), (2, 5), (3, 5)] slack 0 faces [(0, 3, 5), (1, 3, 5)] twoF [] partners {2: 5}
ROW ('F', 'F', 'V', 'O1b', 'O1b', 'O1b') [(0, 1), (0, 4), (1, 3), (1, 4), (1, 5), (2, 4), (2, 5), (3, 5)] slack 0 faces [(0, 1, 4), (1, 3, 5)] twoF [(0, 1, 4)] partners {2: 4}
ROW ('F', 'F', 'V', 'O1b', 'O1b', 'O1b') [(0, 1), (0, 4), (1, 4), (2, 3), (3, 4), (3, 5)] slack 0 faces [(0, 1, 4)] twoF [(0, 1, 4)] partners {2: 3}
ROW ('F', 'F', 'V', 'O1b', 'O1b', 'O1b') [(0, 3), (0, 4), (1, 3), (1, 4), (2, 3), (3, 4), (3, 5)] slack 1 faces [(0, 3, 4), (1, 3, 4)] twoF [] partners {2: 3}
ROW ('F', 'F', 'V', 'O1b', 'O1b', 'O1b') [(0, 3), (0, 5), (1, 3), (1, 4), (2, 3), (3, 4), (3, 5)] slack 1 faces [(0, 3, 5), (1, 3, 4)] twoF [] partners {2: 3}
ROW ('F', 'F', 'V', 'O1b', 'O1b', 'O1b') [(0, 4), (0, 5), (1, 3), (1, 4), (2, 3), (3, 4), (3, 5)] slack 0 faces [(0, 4, 5), (1, 3, 4)] twoF [] partners {2: 3}
ROW ('F', 'F', 'V', 'O1b', 'O1b', 'O1b') [(0, 1), (0, 5), (1, 5), (2, 3), (3, 4), (3, 5)] slack 0 faces [(0, 1, 5)] twoF [(0, 1, 5)] partners {2: 3}
ROW ('F', 'F', 'V', 'O1b', 'O1b', 'O1b') [(0, 3), (0, 4), (1, 3), (1, 5), (2, 3), (3, 4), (3, 5)] slack 1 faces [(0, 3, 4), (1, 3, 5)] twoF [] partners {2: 3}
ROW ('F', 'F', 'V', 'O1b', 'O1b', 'O1b') [(0, 3), (0, 5), (1, 3), (1, 5), (2, 3), (3, 4), (3, 5)] slack 1 faces [(0, 3, 5), (1, 3, 5)] twoF [] partners {2: 3}
ROW ('F', 'F', 'V', 'O1b', 'O1b', 'O1b') [(0, 4), (0, 5), (1, 3), (1, 5), (2, 3), (3, 4), (3, 5)] slack 0 faces [(0, 4, 5), (1, 3, 5)] twoF [] partners {2: 3}
ROW ('F', 'F', 'V', 'O1b', 'O1b', 'O1b') [(0, 3), (0, 4), (1, 4), (1, 5), (2, 3), (3, 4), (3, 5)] slack 0 faces [(0, 3, 4), (1, 4, 5)] twoF [] partners {2: 3}
ROW ('F', 'F', 'V', 'O1b', 'O1b', 'O1b') [(0, 3), (0, 5), (1, 4), (1, 5), (2, 3), (3, 4), (3, 5)] slack 0 faces [(0, 3, 5), (1, 4, 5)] twoF [] partners {2: 3}
ROW ('F', 'F', 'V', 'O1b', 'O1b', 'O1b') [(0, 4), (0, 5), (1, 4), (1, 5), (2, 3), (3, 4), (3, 5)] slack 0 faces [(0, 4, 5), (1, 4, 5)] twoF [] partners {2: 3}
ROW ('F', 'F', 'V', 'O1b', 'O1b', 'O1b') [(0, 1), (0, 3), (1, 3), (2, 4), (3, 4), (3, 5)] slack 0 faces [(0, 1, 3)] twoF [(0, 1, 3)] partners {2: 4}
ROW ('F', 'F', 'V', 'O1b', 'O1b', 'O1b') [(0, 3), (0, 4), (1, 3), (1, 4), (2, 4), (3, 4), (3, 5)] slack 1 faces [(0, 3, 4), (1, 3, 4)] twoF [] partners {2: 4}
ROW ('F', 'F', 'V', 'O1b', 'O1b', 'O1b') [(0, 3), (0, 5), (1, 3), (1, 4), (2, 4), (3, 4), (3, 5)] slack 1 faces [(0, 3, 5), (1, 3, 4)] twoF [] partners {2: 4}
ROW ('F', 'F', 'V', 'O1b', 'O1b', 'O1b') [(0, 4), (0, 5), (1, 3), (1, 4), (2, 4), (3, 4), (3, 5)] slack 0 faces [(0, 4, 5), (1, 3, 4)] twoF [] partners {2: 4}
ROW ('F', 'F', 'V', 'O1b', 'O1b', 'O1b') [(0, 1), (0, 5), (1, 5), (2, 4), (3, 4), (3, 5)] slack 0 faces [(0, 1, 5)] twoF [(0, 1, 5)] partners {2: 4}
ROW ('F', 'F', 'V', 'O1b', 'O1b', 'O1b') [(0, 3), (0, 4), (1, 3), (1, 5), (2, 4), (3, 4), (3, 5)] slack 1 faces [(0, 3, 4), (1, 3, 5)] twoF [] partners {2: 4}
ROW ('F', 'F', 'V', 'O1b', 'O1b', 'O1b') [(0, 3), (0, 5), (1, 3), (1, 5), (2, 4), (3, 4), (3, 5)] slack 1 faces [(0, 3, 5), (1, 3, 5)] twoF [] partners {2: 4}
ROW ('F', 'F', 'V', 'O1b', 'O1b', 'O1b') [(0, 4), (0, 5), (1, 3), (1, 5), (2, 4), (3, 4), (3, 5)] slack 0 faces [(0, 4, 5), (1, 3, 5)] twoF [] partners {2: 4}
ROW ('F', 'F', 'V', 'O1b', 'O1b', 'O1b') [(0, 3), (0, 4), (1, 4), (1, 5), (2, 4), (3, 4), (3, 5)] slack 0 faces [(0, 3, 4), (1, 4, 5)] twoF [] partners {2: 4}
ROW ('F', 'F', 'V', 'O1b', 'O1b', 'O1b') [(0, 3), (0, 5), (1, 4), (1, 5), (2, 4), (3, 4), (3, 5)] slack 0 faces [(0, 3, 5), (1, 4, 5)] twoF [] partners {2: 4}
ROW ('F', 'F', 'V', 'O1b', 'O1b', 'O1b') [(0, 4), (0, 5), (1, 4), (1, 5), (2, 4), (3, 4), (3, 5)] slack 0 faces [(0, 4, 5), (1, 4, 5)] twoF [] partners {2: 4}
ROW ('F', 'F', 'V', 'O1b', 'O1b', 'O1b') [(0, 1), (0, 3), (1, 3), (2, 5), (3, 4), (3, 5)] slack 0 faces [(0, 1, 3)] twoF [(0, 1, 3)] partners {2: 5}
ROW ('F', 'F', 'V', 'O1b', 'O1b', 'O1b') [(0, 1), (0, 4), (1, 4), (2, 5), (3, 4), (3, 5)] slack 0 faces [(0, 1, 4)] twoF [(0, 1, 4)] partners {2: 5}
ROW ('F', 'F', 'V', 'O1b', 'O1b', 'O1b') [(0, 3), (0, 4), (1, 3), (1, 4), (2, 5), (3, 4), (3, 5)] slack 1 faces [(0, 3, 4), (1, 3, 4)] twoF [] partners {2: 5}
ROW ('F', 'F', 'V', 'O1b', 'O1b', 'O1b') [(0, 3), (0, 5), (1, 3), (1, 4), (2, 5), (3, 4), (3, 5)] slack 1 faces [(0, 3, 5), (1, 3, 4)] twoF [] partners {2: 5}
ROW ('F', 'F', 'V', 'O1b', 'O1b', 'O1b') [(0, 4), (0, 5), (1, 3), (1, 4), (2, 5), (3, 4), (3, 5)] slack 0 faces [(0, 4, 5), (1, 3, 4)] twoF [] partners {2: 5}
ROW ('F', 'F', 'V', 'O1b', 'O1b', 'O1b') [(0, 3), (0, 4), (1, 3), (1, 5), (2, 5), (3, 4), (3, 5)] slack 1 faces [(0, 3, 4), (1, 3, 5)] twoF [] partners {2: 5}
ROW ('F', 'F', 'V', 'O1b', 'O1b', 'O1b') [(0, 3), (0, 5), (1, 3), (1, 5), (2, 5), (3, 4), (3, 5)] slack 1 faces [(0, 3, 5), (1, 3, 5)] twoF [] partners {2: 5}
ROW ('F', 'F', 'V', 'O1b', 'O1b', 'O1b') [(0, 4), (0, 5), (1, 3), (1, 5), (2, 5), (3, 4), (3, 5)] slack 0 faces [(0, 4, 5), (1, 3, 5)] twoF [] partners {2: 5}
ROW ('F', 'F', 'V', 'O1b', 'O1b', 'O1b') [(0, 3), (0, 4), (1, 4), (1, 5), (2, 5), (3, 4), (3, 5)] slack 0 faces [(0, 3, 4), (1, 4, 5)] twoF [] partners {2: 5}
ROW ('F', 'F', 'V', 'O1b', 'O1b', 'O1b') [(0, 3), (0, 5), (1, 4), (1, 5), (2, 5), (3, 4), (3, 5)] slack 0 faces [(0, 3, 5), (1, 4, 5)] twoF [] partners {2: 5}
ROW ('F', 'F', 'V', 'O1b', 'O1b', 'O1b') [(0, 4), (0, 5), (1, 4), (1, 5), (2, 5), (3, 4), (3, 5)] slack 0 faces [(0, 4, 5), (1, 4, 5)] twoF [] partners {2: 5}
ROW ('F', 'F', 'V', 'O1b', 'O1b', 'O1b') [(0, 1), (0, 3), (1, 3), (2, 4), (2, 5), (3, 4), (3, 5)] slack 0 faces [(0, 1, 3)] twoF [(0, 1, 3)] partners {2: 4}
ROW ('F', 'F', 'V', 'O1b', 'O1b', 'O1b') [(0, 1), (0, 4), (1, 4), (2, 4), (2, 5), (3, 4), (3, 5)] slack 0 faces [(0, 1, 4)] twoF [(0, 1, 4)] partners {2: 5}
ROW ('F', 'F', 'V', 'O1b', 'O1b', 'O1b') [(0, 2), (0, 4), (1, 2), (1, 4), (2, 4), (2, 5), (3, 4), (3, 5)] slack 0 faces [(0, 2, 4), (1, 2, 4)] twoF [] partners {2: 5}
ROW ('F', 'F', 'V', 'O1b', 'O1b', 'O1b') [(0, 3), (0, 4), (1, 3), (1, 4), (2, 4), (2, 5), (3, 4), (3, 5)] slack 1 faces [(0, 3, 4), (1, 3, 4)] twoF [] partners {2: 4}
ROW ('F', 'F', 'V', 'O1b', 'O1b', 'O1b') [(0, 3), (0, 5), (1, 3), (1, 4), (2, 4), (2, 5), (3, 4), (3, 5)] slack 1 faces [(0, 3, 5), (1, 3, 4)] twoF [] partners {2: 4}
ROW ('F', 'F', 'V', 'O1b', 'O1b', 'O1b') [(0, 4), (0, 5), (1, 3), (1, 4), (2, 4), (2, 5), (3, 4), (3, 5)] slack 0 faces [(0, 4, 5), (1, 3, 4)] twoF [] partners {2: 4}
ROW ('F', 'F', 'V', 'O1b', 'O1b', 'O1b') [(0, 1), (0, 5), (1, 5), (2, 4), (2, 5), (3, 4), (3, 5)] slack 0 faces [(0, 1, 5)] twoF [(0, 1, 5)] partners {2: 4}
ROW ('F', 'F', 'V', 'O1b', 'O1b', 'O1b') [(0, 2), (0, 5), (1, 2), (1, 5), (2, 4), (2, 5), (3, 4), (3, 5)] slack 0 faces [(0, 2, 5), (1, 2, 5)] twoF [] partners {2: 4}
ROW ('F', 'F', 'V', 'O1b', 'O1b', 'O1b') [(0, 3), (0, 4), (1, 3), (1, 5), (2, 4), (2, 5), (3, 4), (3, 5)] slack 1 faces [(0, 3, 4), (1, 3, 5)] twoF [] partners {2: 4}
ROW ('F', 'F', 'V', 'O1b', 'O1b', 'O1b') [(0, 3), (0, 5), (1, 3), (1, 5), (2, 4), (2, 5), (3, 4), (3, 5)] slack 1 faces [(0, 3, 5), (1, 3, 5)] twoF [] partners {2: 4}
ROW ('F', 'F', 'V', 'O1b', 'O1b', 'O1b') [(0, 4), (0, 5), (1, 3), (1, 5), (2, 4), (2, 5), (3, 4), (3, 5)] slack 0 faces [(0, 4, 5), (1, 3, 5)] twoF [] partners {2: 4}
ROW ('F', 'F', 'V', 'O1b', 'O1b', 'O1b') [(0, 3), (0, 4), (1, 4), (1, 5), (2, 4), (2, 5), (3, 4), (3, 5)] slack 0 faces [(0, 3, 4), (1, 4, 5)] twoF [] partners {2: 4}
ROW ('F', 'F', 'V', 'O1b', 'O1b', 'O1b') [(0, 3), (0, 5), (1, 4), (1, 5), (2, 4), (2, 5), (3, 4), (3, 5)] slack 0 faces [(0, 3, 5), (1, 4, 5)] twoF [] partners {2: 4}
ROW ('F', 'F', 'V', 'O1b', 'O1b', 'O1b') [(0, 4), (0, 5), (1, 4), (1, 5), (2, 4), (2, 5), (3, 4), (3, 5)] slack 0 faces [(0, 4, 5), (1, 4, 5)] twoF [] partners {2: 4}
ROW ('F', 'F', 'V', 'O1b', 'O1b', 'O1b') [(0, 1), (0, 3), (0, 4), (0, 5), (1, 3), (2, 3), (2, 4), (4, 5)] slack 0 faces [(0, 1, 3), (0, 4, 5)] twoF [(0, 1, 3)] partners {2: 3}
ROW ('F', 'F', 'V', 'O1b', 'O1b', 'O1b') [(0, 4), (0, 5), (1, 4), (1, 5), (2, 3), (2, 4), (4, 5)] slack 0 faces [(0, 4, 5), (1, 4, 5)] twoF [] partners {2: 4}
ROW ('F', 'F', 'V', 'O1b', 'O1b', 'O1b') [(0, 1), (0, 3), (1, 3), (1, 4), (1, 5), (2, 3), (2, 4), (4, 5)] slack 0 faces [(0, 1, 3), (1, 4, 5)] twoF [(0, 1, 3)] partners {2: 3}
ROW ('F', 'F', 'V', 'O1b', 'O1b', 'O1b') [(0, 1), (0, 3), (0, 4), (0, 5), (1, 3), (2, 3), (2, 5), (4, 5)] slack 0 faces [(0, 1, 3), (0, 4, 5)] twoF [(0, 1, 3)] partners {2: 3}
ROW ('F', 'F', 'V', 'O1b', 'O1b', 'O1b') [(0, 4), (0, 5), (1, 4), (1, 5), (2, 3), (2, 5), (4, 5)] slack 0 faces [(0, 4, 5), (1, 4, 5)] twoF [] partners {2: 5}
ROW ('F', 'F', 'V', 'O1b', 'O1b', 'O1b') [(0, 1), (0, 3), (1, 3), (1, 4), (1, 5), (2, 3), (2, 5), (4, 5)] slack 0 faces [(0, 1, 3), (1, 4, 5)] twoF [(0, 1, 3)] partners {2: 3}
ROW ('F', 'F', 'V', 'O1b', 'O1b', 'O1b') [(0, 1), (0, 4), (1, 4), (2, 3), (3, 4), (4, 5)] slack 0 faces [(0, 1, 4)] twoF [(0, 1, 4)] partners {2: 3}
ROW ('F', 'F', 'V', 'O1b', 'O1b', 'O1b') [(0, 3), (0, 4), (1, 3), (1, 4), (2, 3), (3, 4), (4, 5)] slack 1 faces [(0, 3, 4), (1, 3, 4)] twoF [] partners {2: 3}
ROW ('F', 'F', 'V', 'O1b', 'O1b', 'O1b') [(0, 3), (0, 5), (1, 3), (1, 4), (2, 3), (3, 4), (4, 5)] slack 0 faces [(0, 3, 5), (1, 3, 4)] twoF [] partners {2: 3}
ROW ('F', 'F', 'V', 'O1b', 'O1b', 'O1b') [(0, 4), (0, 5), (1, 3), (1, 4), (2, 3), (3, 4), (4, 5)] slack 1 faces [(0, 4, 5), (1, 3, 4)] twoF [] partners {2: 3}
ROW ('F', 'F', 'V', 'O1b', 'O1b', 'O1b') [(0, 1), (0, 5), (1, 5), (2, 3), (3, 4), (4, 5)] slack 0 faces [(0, 1, 5)] twoF [(0, 1, 5)] partners {2: 3}
ROW ('F', 'F', 'V', 'O1b', 'O1b', 'O1b') [(0, 3), (0, 4), (1, 3), (1, 5), (2, 3), (3, 4), (4, 5)] slack 0 faces [(0, 3, 4), (1, 3, 5)] twoF [] partners {2: 3}
ROW ('F', 'F', 'V', 'O1b', 'O1b', 'O1b') [(0, 3), (0, 5), (1, 3), (1, 5), (2, 3), (3, 4), (4, 5)] slack 0 faces [(0, 3, 5), (1, 3, 5)] twoF [] partners {2: 3}
ROW ('F', 'F', 'V', 'O1b', 'O1b', 'O1b') [(0, 4), (0, 5), (1, 3), (1, 5), (2, 3), (3, 4), (4, 5)] slack 0 faces [(0, 4, 5), (1, 3, 5)] twoF [] partners {2: 3}
ROW ('F', 'F', 'V', 'O1b', 'O1b', 'O1b') [(0, 3), (0, 4), (1, 4), (1, 5), (2, 3), (3, 4), (4, 5)] slack 1 faces [(0, 3, 4), (1, 4, 5)] twoF [] partners {2: 3}
ROW ('F', 'F', 'V', 'O1b', 'O1b', 'O1b') [(0, 3), (0, 5), (1, 4), (1, 5), (2, 3), (3, 4), (4, 5)] slack 0 faces [(0, 3, 5), (1, 4, 5)] twoF [] partners {2: 3}
ROW ('F', 'F', 'V', 'O1b', 'O1b', 'O1b') [(0, 4), (0, 5), (1, 4), (1, 5), (2, 3), (3, 4), (4, 5)] slack 1 faces [(0, 4, 5), (1, 4, 5)] twoF [] partners {2: 3}
ROW ('F', 'F', 'V', 'O1b', 'O1b', 'O1b') [(0, 1), (0, 3), (1, 3), (2, 4), (3, 4), (4, 5)] slack 0 faces [(0, 1, 3)] twoF [(0, 1, 3)] partners {2: 4}
ROW ('F', 'F', 'V', 'O1b', 'O1b', 'O1b') [(0, 3), (0, 4), (1, 3), (1, 4), (2, 4), (3, 4), (4, 5)] slack 1 faces [(0, 3, 4), (1, 3, 4)] twoF [] partners {2: 4}
ROW ('F', 'F', 'V', 'O1b', 'O1b', 'O1b') [(0, 3), (0, 5), (1, 3), (1, 4), (2, 4), (3, 4), (4, 5)] slack 0 faces [(0, 3, 5), (1, 3, 4)] twoF [] partners {2: 4}
ROW ('F', 'F', 'V', 'O1b', 'O1b', 'O1b') [(0, 4), (0, 5), (1, 3), (1, 4), (2, 4), (3, 4), (4, 5)] slack 1 faces [(0, 4, 5), (1, 3, 4)] twoF [] partners {2: 4}
ROW ('F', 'F', 'V', 'O1b', 'O1b', 'O1b') [(0, 1), (0, 5), (1, 5), (2, 4), (3, 4), (4, 5)] slack 0 faces [(0, 1, 5)] twoF [(0, 1, 5)] partners {2: 4}
ROW ('F', 'F', 'V', 'O1b', 'O1b', 'O1b') [(0, 3), (0, 4), (1, 3), (1, 5), (2, 4), (3, 4), (4, 5)] slack 0 faces [(0, 3, 4), (1, 3, 5)] twoF [] partners {2: 4}
ROW ('F', 'F', 'V', 'O1b', 'O1b', 'O1b') [(0, 3), (0, 5), (1, 3), (1, 5), (2, 4), (3, 4), (4, 5)] slack 0 faces [(0, 3, 5), (1, 3, 5)] twoF [] partners {2: 4}
ROW ('F', 'F', 'V', 'O1b', 'O1b', 'O1b') [(0, 4), (0, 5), (1, 3), (1, 5), (2, 4), (3, 4), (4, 5)] slack 0 faces [(0, 4, 5), (1, 3, 5)] twoF [] partners {2: 4}
ROW ('F', 'F', 'V', 'O1b', 'O1b', 'O1b') [(0, 3), (0, 4), (1, 4), (1, 5), (2, 4), (3, 4), (4, 5)] slack 1 faces [(0, 3, 4), (1, 4, 5)] twoF [] partners {2: 4}
ROW ('F', 'F', 'V', 'O1b', 'O1b', 'O1b') [(0, 3), (0, 5), (1, 4), (1, 5), (2, 4), (3, 4), (4, 5)] slack 0 faces [(0, 3, 5), (1, 4, 5)] twoF [] partners {2: 4}
ROW ('F', 'F', 'V', 'O1b', 'O1b', 'O1b') [(0, 4), (0, 5), (1, 4), (1, 5), (2, 4), (3, 4), (4, 5)] slack 1 faces [(0, 4, 5), (1, 4, 5)] twoF [] partners {2: 4}
ROW ('F', 'F', 'V', 'O1b', 'O1b', 'O1b') [(0, 1), (0, 3), (1, 3), (2, 5), (3, 4), (4, 5)] slack 0 faces [(0, 1, 3)] twoF [(0, 1, 3)] partners {2: 5}
ROW ('F', 'F', 'V', 'O1b', 'O1b', 'O1b') [(0, 1), (0, 4), (1, 4), (2, 5), (3, 4), (4, 5)] slack 0 faces [(0, 1, 4)] twoF [(0, 1, 4)] partners {2: 5}
ROW ('F', 'F', 'V', 'O1b', 'O1b', 'O1b') [(0, 3), (0, 4), (1, 3), (1, 4), (2, 5), (3, 4), (4, 5)] slack 1 faces [(0, 3, 4), (1, 3, 4)] twoF [] partners {2: 5}
ROW ('F', 'F', 'V', 'O1b', 'O1b', 'O1b') [(0, 3), (0, 5), (1, 3), (1, 4), (2, 5), (3, 4), (4, 5)] slack 0 faces [(0, 3, 5), (1, 3, 4)] twoF [] partners {2: 5}
ROW ('F', 'F', 'V', 'O1b', 'O1b', 'O1b') [(0, 4), (0, 5), (1, 3), (1, 4), (2, 5), (3, 4), (4, 5)] slack 1 faces [(0, 4, 5), (1, 3, 4)] twoF [] partners {2: 5}
ROW ('F', 'F', 'V', 'O1b', 'O1b', 'O1b') [(0, 3), (0, 4), (1, 3), (1, 5), (2, 5), (3, 4), (4, 5)] slack 0 faces [(0, 3, 4), (1, 3, 5)] twoF [] partners {2: 5}
ROW ('F', 'F', 'V', 'O1b', 'O1b', 'O1b') [(0, 3), (0, 5), (1, 3), (1, 5), (2, 5), (3, 4), (4, 5)] slack 0 faces [(0, 3, 5), (1, 3, 5)] twoF [] partners {2: 5}
ROW ('F', 'F', 'V', 'O1b', 'O1b', 'O1b') [(0, 4), (0, 5), (1, 3), (1, 5), (2, 5), (3, 4), (4, 5)] slack 0 faces [(0, 4, 5), (1, 3, 5)] twoF [] partners {2: 5}
ROW ('F', 'F', 'V', 'O1b', 'O1b', 'O1b') [(0, 3), (0, 4), (1, 4), (1, 5), (2, 5), (3, 4), (4, 5)] slack 1 faces [(0, 3, 4), (1, 4, 5)] twoF [] partners {2: 5}
ROW ('F', 'F', 'V', 'O1b', 'O1b', 'O1b') [(0, 3), (0, 5), (1, 4), (1, 5), (2, 5), (3, 4), (4, 5)] slack 0 faces [(0, 3, 5), (1, 4, 5)] twoF [] partners {2: 5}
ROW ('F', 'F', 'V', 'O1b', 'O1b', 'O1b') [(0, 4), (0, 5), (1, 4), (1, 5), (2, 5), (3, 4), (4, 5)] slack 1 faces [(0, 4, 5), (1, 4, 5)] twoF [] partners {2: 5}
ROW ('F', 'F', 'V', 'O1b', 'O1b', 'O1b') [(0, 1), (0, 3), (1, 3), (2, 3), (2, 5), (3, 4), (4, 5)] slack 0 faces [(0, 1, 3)] twoF [(0, 1, 3)] partners {2: 5}
ROW ('F', 'F', 'V', 'O1b', 'O1b', 'O1b') [(0, 2), (0, 3), (1, 2), (1, 3), (2, 3), (2, 5), (3, 4), (4, 5)] slack 0 faces [(0, 2, 3), (1, 2, 3)] twoF [] partners {2: 5}
ROW ('F', 'F', 'V', 'O1b', 'O1b', 'O1b') [(0, 1), (0, 4), (1, 4), (2, 3), (2, 5), (3, 4), (4, 5)] slack 0 faces [(0, 1, 4)] twoF [(0, 1, 4)] partners {2: 3}
ROW ('F', 'F', 'V', 'O1b', 'O1b', 'O1b') [(0, 3), (0, 4), (1, 3), (1, 4), (2, 3), (2, 5), (3, 4), (4, 5)] slack 1 faces [(0, 3, 4), (1, 3, 4)] twoF [] partners {2: 3}
ROW ('F', 'F', 'V', 'O1b', 'O1b', 'O1b') [(0, 3), (0, 5), (1, 3), (1, 4), (2, 3), (2, 5), (3, 4), (4, 5)] slack 0 faces [(0, 3, 5), (1, 3, 4)] twoF [] partners {2: 3}
ROW ('F', 'F', 'V', 'O1b', 'O1b', 'O1b') [(0, 4), (0, 5), (1, 3), (1, 4), (2, 3), (2, 5), (3, 4), (4, 5)] slack 1 faces [(0, 4, 5), (1, 3, 4)] twoF [] partners {2: 3}
ROW ('F', 'F', 'V', 'O1b', 'O1b', 'O1b') [(0, 1), (0, 5), (1, 5), (2, 3), (2, 5), (3, 4), (4, 5)] slack 0 faces [(0, 1, 5)] twoF [(0, 1, 5)] partners {2: 3}
ROW ('F', 'F', 'V', 'O1b', 'O1b', 'O1b') [(0, 2), (0, 5), (1, 2), (1, 5), (2, 3), (2, 5), (3, 4), (4, 5)] slack 0 faces [(0, 2, 5), (1, 2, 5)] twoF [] partners {2: 3}
ROW ('F', 'F', 'V', 'O1b', 'O1b', 'O1b') [(0, 3), (0, 4), (1, 3), (1, 5), (2, 3), (2, 5), (3, 4), (4, 5)] slack 0 faces [(0, 3, 4), (1, 3, 5)] twoF [] partners {2: 3}
ROW ('F', 'F', 'V', 'O1b', 'O1b', 'O1b') [(0, 3), (0, 5), (1, 3), (1, 5), (2, 3), (2, 5), (3, 4), (4, 5)] slack 0 faces [(0, 3, 5), (1, 3, 5)] twoF [] partners {2: 3}
ROW ('F', 'F', 'V', 'O1b', 'O1b', 'O1b') [(0, 4), (0, 5), (1, 3), (1, 5), (2, 3), (2, 5), (3, 4), (4, 5)] slack 0 faces [(0, 4, 5), (1, 3, 5)] twoF [] partners {2: 3}
ROW ('F', 'F', 'V', 'O1b', 'O1b', 'O1b') [(0, 3), (0, 4), (1, 4), (1, 5), (2, 3), (2, 5), (3, 4), (4, 5)] slack 1 faces [(0, 3, 4), (1, 4, 5)] twoF [] partners {2: 3}
ROW ('F', 'F', 'V', 'O1b', 'O1b', 'O1b') [(0, 3), (0, 5), (1, 4), (1, 5), (2, 3), (2, 5), (3, 4), (4, 5)] slack 0 faces [(0, 3, 5), (1, 4, 5)] twoF [] partners {2: 3}
ROW ('F', 'F', 'V', 'O1b', 'O1b', 'O1b') [(0, 4), (0, 5), (1, 4), (1, 5), (2, 3), (2, 5), (3, 4), (4, 5)] slack 1 faces [(0, 4, 5), (1, 4, 5)] twoF [] partners {2: 3}
ROW ('F', 'F', 'V', 'O1b', 'O1b', 'O1b') [(0, 1), (0, 4), (1, 4), (2, 3), (3, 5), (4, 5)] slack 0 faces [(0, 1, 4)] twoF [(0, 1, 4)] partners {2: 3}
ROW ('F', 'F', 'V', 'O1b', 'O1b', 'O1b') [(0, 3), (0, 4), (1, 3), (1, 4), (2, 3), (3, 5), (4, 5)] slack 0 faces [(0, 3, 4), (1, 3, 4)] twoF [] partners {2: 3}
ROW ('F', 'F', 'V', 'O1b', 'O1b', 'O1b') [(0, 3), (0, 5), (1, 3), (1, 4), (2, 3), (3, 5), (4, 5)] slack 0 faces [(0, 3, 5), (1, 3, 4)] twoF [] partners {2: 3}
ROW ('F', 'F', 'V', 'O1b', 'O1b', 'O1b') [(0, 4), (0, 5), (1, 3), (1, 4), (2, 3), (3, 5), (4, 5)] slack 0 faces [(0, 4, 5), (1, 3, 4)] twoF [] partners {2: 3}
ROW ('F', 'F', 'V', 'O1b', 'O1b', 'O1b') [(0, 1), (0, 5), (1, 5), (2, 3), (3, 5), (4, 5)] slack 0 faces [(0, 1, 5)] twoF [(0, 1, 5)] partners {2: 3}
ROW ('F', 'F', 'V', 'O1b', 'O1b', 'O1b') [(0, 3), (0, 4), (1, 3), (1, 5), (2, 3), (3, 5), (4, 5)] slack 0 faces [(0, 3, 4), (1, 3, 5)] twoF [] partners {2: 3}
ROW ('F', 'F', 'V', 'O1b', 'O1b', 'O1b') [(0, 3), (0, 5), (1, 3), (1, 5), (2, 3), (3, 5), (4, 5)] slack 1 faces [(0, 3, 5), (1, 3, 5)] twoF [] partners {2: 3}
ROW ('F', 'F', 'V', 'O1b', 'O1b', 'O1b') [(0, 4), (0, 5), (1, 3), (1, 5), (2, 3), (3, 5), (4, 5)] slack 1 faces [(0, 4, 5), (1, 3, 5)] twoF [] partners {2: 3}
ROW ('F', 'F', 'V', 'O1b', 'O1b', 'O1b') [(0, 3), (0, 4), (1, 4), (1, 5), (2, 3), (3, 5), (4, 5)] slack 0 faces [(0, 3, 4), (1, 4, 5)] twoF [] partners {2: 3}
ROW ('F', 'F', 'V', 'O1b', 'O1b', 'O1b') [(0, 3), (0, 5), (1, 4), (1, 5), (2, 3), (3, 5), (4, 5)] slack 1 faces [(0, 3, 5), (1, 4, 5)] twoF [] partners {2: 3}
ROW ('F', 'F', 'V', 'O1b', 'O1b', 'O1b') [(0, 4), (0, 5), (1, 4), (1, 5), (2, 3), (3, 5), (4, 5)] slack 1 faces [(0, 4, 5), (1, 4, 5)] twoF [] partners {2: 3}
ROW ('F', 'F', 'V', 'O1b', 'O1b', 'O1b') [(0, 1), (0, 3), (1, 3), (2, 4), (3, 5), (4, 5)] slack 0 faces [(0, 1, 3)] twoF [(0, 1, 3)] partners {2: 4}
ROW ('F', 'F', 'V', 'O1b', 'O1b', 'O1b') [(0, 3), (0, 4), (1, 3), (1, 4), (2, 4), (3, 5), (4, 5)] slack 0 faces [(0, 3, 4), (1, 3, 4)] twoF [] partners {2: 4}
ROW ('F', 'F', 'V', 'O1b', 'O1b', 'O1b') [(0, 3), (0, 5), (1, 3), (1, 4), (2, 4), (3, 5), (4, 5)] slack 0 faces [(0, 3, 5), (1, 3, 4)] twoF [] partners {2: 4}
ROW ('F', 'F', 'V', 'O1b', 'O1b', 'O1b') [(0, 4), (0, 5), (1, 3), (1, 4), (2, 4), (3, 5), (4, 5)] slack 0 faces [(0, 4, 5), (1, 3, 4)] twoF [] partners {2: 4}
ROW ('F', 'F', 'V', 'O1b', 'O1b', 'O1b') [(0, 1), (0, 5), (1, 5), (2, 4), (3, 5), (4, 5)] slack 0 faces [(0, 1, 5)] twoF [(0, 1, 5)] partners {2: 4}
ROW ('F', 'F', 'V', 'O1b', 'O1b', 'O1b') [(0, 3), (0, 4), (1, 3), (1, 5), (2, 4), (3, 5), (4, 5)] slack 0 faces [(0, 3, 4), (1, 3, 5)] twoF [] partners {2: 4}
ROW ('F', 'F', 'V', 'O1b', 'O1b', 'O1b') [(0, 3), (0, 5), (1, 3), (1, 5), (2, 4), (3, 5), (4, 5)] slack 1 faces [(0, 3, 5), (1, 3, 5)] twoF [] partners {2: 4}
ROW ('F', 'F', 'V', 'O1b', 'O1b', 'O1b') [(0, 4), (0, 5), (1, 3), (1, 5), (2, 4), (3, 5), (4, 5)] slack 1 faces [(0, 4, 5), (1, 3, 5)] twoF [] partners {2: 4}
ROW ('F', 'F', 'V', 'O1b', 'O1b', 'O1b') [(0, 3), (0, 4), (1, 4), (1, 5), (2, 4), (3, 5), (4, 5)] slack 0 faces [(0, 3, 4), (1, 4, 5)] twoF [] partners {2: 4}
ROW ('F', 'F', 'V', 'O1b', 'O1b', 'O1b') [(0, 3), (0, 5), (1, 4), (1, 5), (2, 4), (3, 5), (4, 5)] slack 1 faces [(0, 3, 5), (1, 4, 5)] twoF [] partners {2: 4}
ROW ('F', 'F', 'V', 'O1b', 'O1b', 'O1b') [(0, 4), (0, 5), (1, 4), (1, 5), (2, 4), (3, 5), (4, 5)] slack 1 faces [(0, 4, 5), (1, 4, 5)] twoF [] partners {2: 4}
ROW ('F', 'F', 'V', 'O1b', 'O1b', 'O1b') [(0, 1), (0, 3), (1, 3), (2, 3), (2, 4), (3, 5), (4, 5)] slack 0 faces [(0, 1, 3)] twoF [(0, 1, 3)] partners {2: 4}
ROW ('F', 'F', 'V', 'O1b', 'O1b', 'O1b') [(0, 2), (0, 3), (1, 2), (1, 3), (2, 3), (2, 4), (3, 5), (4, 5)] slack 0 faces [(0, 2, 3), (1, 2, 3)] twoF [] partners {2: 4}
ROW ('F', 'F', 'V', 'O1b', 'O1b', 'O1b') [(0, 1), (0, 4), (1, 4), (2, 3), (2, 4), (3, 5), (4, 5)] slack 0 faces [(0, 1, 4)] twoF [(0, 1, 4)] partners {2: 3}
ROW ('F', 'F', 'V', 'O1b', 'O1b', 'O1b') [(0, 2), (0, 4), (1, 2), (1, 4), (2, 3), (2, 4), (3, 5), (4, 5)] slack 0 faces [(0, 2, 4), (1, 2, 4)] twoF [] partners {2: 3}
ROW ('F', 'F', 'V', 'O1b', 'O1b', 'O1b') [(0, 3), (0, 4), (1, 3), (1, 4), (2, 3), (2, 4), (3, 5), (4, 5)] slack 0 faces [(0, 3, 4), (1, 3, 4)] twoF [] partners {2: 3}
ROW ('F', 'F', 'V', 'O1b', 'O1b', 'O1b') [(0, 3), (0, 5), (1, 3), (1, 4), (2, 3), (2, 4), (3, 5), (4, 5)] slack 0 faces [(0, 3, 5), (1, 3, 4)] twoF [] partners {2: 3}
ROW ('F', 'F', 'V', 'O1b', 'O1b', 'O1b') [(0, 4), (0, 5), (1, 3), (1, 4), (2, 3), (2, 4), (3, 5), (4, 5)] slack 0 faces [(0, 4, 5), (1, 3, 4)] twoF [] partners {2: 3}
ROW ('F', 'F', 'V', 'O1b', 'O1b', 'O1b') [(0, 1), (0, 5), (1, 5), (2, 3), (2, 4), (3, 5), (4, 5)] slack 0 faces [(0, 1, 5)] twoF [(0, 1, 5)] partners {2: 3}
ROW ('F', 'F', 'V', 'O1b', 'O1b', 'O1b') [(0, 3), (0, 4), (1, 3), (1, 5), (2, 3), (2, 4), (3, 5), (4, 5)] slack 0 faces [(0, 3, 4), (1, 3, 5)] twoF [] partners {2: 3}
ROW ('F', 'F', 'V', 'O1b', 'O1b', 'O1b') [(0, 3), (0, 5), (1, 3), (1, 5), (2, 3), (2, 4), (3, 5), (4, 5)] slack 1 faces [(0, 3, 5), (1, 3, 5)] twoF [] partners {2: 3}
ROW ('F', 'F', 'V', 'O1b', 'O1b', 'O1b') [(0, 4), (0, 5), (1, 3), (1, 5), (2, 3), (2, 4), (3, 5), (4, 5)] slack 1 faces [(0, 4, 5), (1, 3, 5)] twoF [] partners {2: 3}
ROW ('F', 'F', 'V', 'O1b', 'O1b', 'O1b') [(0, 3), (0, 4), (1, 4), (1, 5), (2, 3), (2, 4), (3, 5), (4, 5)] slack 0 faces [(0, 3, 4), (1, 4, 5)] twoF [] partners {2: 3}
ROW ('F', 'F', 'V', 'O1b', 'O1b', 'O1b') [(0, 3), (0, 5), (1, 4), (1, 5), (2, 3), (2, 4), (3, 5), (4, 5)] slack 1 faces [(0, 3, 5), (1, 4, 5)] twoF [] partners {2: 3}
ROW ('F', 'F', 'V', 'O1b', 'O1b', 'O1b') [(0, 4), (0, 5), (1, 4), (1, 5), (2, 3), (2, 4), (3, 5), (4, 5)] slack 1 faces [(0, 4, 5), (1, 4, 5)] twoF [] partners {2: 3}
ROW ('F', 'F', 'V', 'O1b', 'O1b', 'O1b') [(0, 1), (0, 3), (1, 3), (2, 5), (3, 5), (4, 5)] slack 0 faces [(0, 1, 3)] twoF [(0, 1, 3)] partners {2: 5}
ROW ('F', 'F', 'V', 'O1b', 'O1b', 'O1b') [(0, 1), (0, 4), (1, 4), (2, 5), (3, 5), (4, 5)] slack 0 faces [(0, 1, 4)] twoF [(0, 1, 4)] partners {2: 5}
ROW ('F', 'F', 'V', 'O1b', 'O1b', 'O1b') [(0, 3), (0, 4), (1, 3), (1, 4), (2, 5), (3, 5), (4, 5)] slack 0 faces [(0, 3, 4), (1, 3, 4)] twoF [] partners {2: 5}
ROW ('F', 'F', 'V', 'O1b', 'O1b', 'O1b') [(0, 3), (0, 5), (1, 3), (1, 4), (2, 5), (3, 5), (4, 5)] slack 0 faces [(0, 3, 5), (1, 3, 4)] twoF [] partners {2: 5}
ROW ('F', 'F', 'V', 'O1b', 'O1b', 'O1b') [(0, 4), (0, 5), (1, 3), (1, 4), (2, 5), (3, 5), (4, 5)] slack 0 faces [(0, 4, 5), (1, 3, 4)] twoF [] partners {2: 5}
ROW ('F', 'F', 'V', 'O1b', 'O1b', 'O1b') [(0, 3), (0, 4), (1, 3), (1, 5), (2, 5), (3, 5), (4, 5)] slack 0 faces [(0, 3, 4), (1, 3, 5)] twoF [] partners {2: 5}
ROW ('F', 'F', 'V', 'O1b', 'O1b', 'O1b') [(0, 3), (0, 5), (1, 3), (1, 5), (2, 5), (3, 5), (4, 5)] slack 1 faces [(0, 3, 5), (1, 3, 5)] twoF [] partners {2: 5}
ROW ('F', 'F', 'V', 'O1b', 'O1b', 'O1b') [(0, 4), (0, 5), (1, 3), (1, 5), (2, 5), (3, 5), (4, 5)] slack 1 faces [(0, 4, 5), (1, 3, 5)] twoF [] partners {2: 5}
ROW ('F', 'F', 'V', 'O1b', 'O1b', 'O1b') [(0, 3), (0, 4), (1, 4), (1, 5), (2, 5), (3, 5), (4, 5)] slack 0 faces [(0, 3, 4), (1, 4, 5)] twoF [] partners {2: 5}
ROW ('F', 'F', 'V', 'O1b', 'O1b', 'O1b') [(0, 3), (0, 5), (1, 4), (1, 5), (2, 5), (3, 5), (4, 5)] slack 1 faces [(0, 3, 5), (1, 4, 5)] twoF [] partners {2: 5}
ROW ('F', 'F', 'V', 'O1b', 'O1b', 'O1b') [(0, 4), (0, 5), (1, 4), (1, 5), (2, 5), (3, 5), (4, 5)] slack 1 faces [(0, 4, 5), (1, 4, 5)] twoF [] partners {2: 5}
ROW ('F', 'F', 'V', 'O1b', 'O1b', 'O1b') [(0, 1), (0, 4), (1, 4), (2, 3), (3, 4), (3, 5), (4, 5)] slack 1 faces [(0, 1, 4), (3, 4, 5)] twoF [(0, 1, 4)] partners {2: 3}
ROW ('F', 'F', 'V', 'O1b', 'O1b', 'O1b') [(0, 3), (0, 4), (1, 2), (1, 4), (2, 3), (3, 4), (3, 5), (4, 5)] slack 0 faces [(0, 3, 4), (1, 2, 4), (3, 4, 5)] twoF [] partners {2: 3}
ROW ('F', 'F', 'V', 'O1b', 'O1b', 'O1b') [(0, 3), (0, 5), (1, 2), (1, 4), (2, 3), (3, 4), (3, 5), (4, 5)] slack 0 faces [(0, 3, 5), (1, 2, 4), (3, 4, 5)] twoF [] partners {2: 3}
ROW ('F', 'F', 'V', 'O1b', 'O1b', 'O1b') [(0, 4), (0, 5), (1, 2), (1, 4), (2, 3), (3, 4), (3, 5), (4, 5)] slack 0 faces [(0, 4, 5), (1, 2, 4), (3, 4, 5)] twoF [] partners {2: 3}
ROW ('F', 'F', 'V', 'O1b', 'O1b', 'O1b') [(0, 2), (0, 4), (1, 3), (1, 4), (2, 3), (3, 4), (3, 5), (4, 5)] slack 0 faces [(0, 2, 4), (1, 3, 4), (3, 4, 5)] twoF [] partners {2: 3}
ROW ('F', 'F', 'V', 'O1b', 'O1b', 'O1b') [(0, 2), (0, 5), (1, 3), (1, 4), (2, 3), (3, 4), (3, 5), (4, 5)] slack 0 faces [(0, 2, 5), (1, 3, 4), (3, 4, 5)] twoF [] partners {2: 3}
ROW ('F', 'F', 'V', 'O1b', 'O1b', 'O1b') [(0, 3), (0, 5), (1, 3), (1, 4), (2, 3), (3, 4), (3, 5), (4, 5)] slack 2 faces [(0, 3, 5), (1, 3, 4), (3, 4, 5)] twoF [] partners {2: 3}
ROW ('F', 'F', 'V', 'O1b', 'O1b', 'O1b') [(0, 4), (0, 5), (1, 3), (1, 4), (2, 3), (3, 4), (3, 5), (4, 5)] slack 2 faces [(0, 4, 5), (1, 3, 4), (3, 4, 5)] twoF [] partners {2: 3}
ROW ('F', 'F', 'V', 'O1b', 'O1b', 'O1b') [(0, 1), (0, 5), (1, 5), (2, 3), (3, 4), (3, 5), (4, 5)] slack 1 faces [(0, 1, 5), (3, 4, 5)] twoF [(0, 1, 5)] partners {2: 3}
ROW ('F', 'F', 'V', 'O1b', 'O1b', 'O1b') [(0, 3), (0, 4), (1, 2), (1, 5), (2, 3), (3, 4), (3, 5), (4, 5)] slack 0 faces [(0, 3, 4), (1, 2, 5), (3, 4, 5)] twoF [] partners {2: 3}
ROW ('F', 'F', 'V', 'O1b', 'O1b', 'O1b') [(0, 3), (0, 5), (1, 2), (1, 5), (2, 3), (3, 4), (3, 5), (4, 5)] slack 0 faces [(0, 3, 5), (1, 2, 5), (3, 4, 5)] twoF [] partners {2: 3}
ROW ('F', 'F', 'V', 'O1b', 'O1b', 'O1b') [(0, 4), (0, 5), (1, 2), (1, 5), (2, 3), (3, 4), (3, 5), (4, 5)] slack 0 faces [(0, 4, 5), (1, 2, 5), (3, 4, 5)] twoF [] partners {2: 3}
ROW ('F', 'F', 'V', 'O1b', 'O1b', 'O1b') [(0, 2), (0, 4), (1, 3), (1, 5), (2, 3), (3, 4), (3, 5), (4, 5)] slack 0 faces [(0, 2, 4), (1, 3, 5), (3, 4, 5)] twoF [] partners {2: 3}
ROW ('F', 'F', 'V', 'O1b', 'O1b', 'O1b') [(0, 3), (0, 4), (1, 3), (1, 5), (2, 3), (3, 4), (3, 5), (4, 5)] slack 2 faces [(0, 3, 4), (1, 3, 5), (3, 4, 5)] twoF [] partners {2: 3}
ROW ('F', 'F', 'V', 'O1b', 'O1b', 'O1b') [(0, 2), (0, 5), (1, 3), (1, 5), (2, 3), (3, 4), (3, 5), (4, 5)] slack 0 faces [(0, 2, 5), (1, 3, 5), (3, 4, 5)] twoF [] partners {2: 3}
ROW ('F', 'F', 'V', 'O1b', 'O1b', 'O1b') [(0, 4), (0, 5), (1, 3), (1, 5), (2, 3), (3, 4), (3, 5), (4, 5)] slack 2 faces [(0, 4, 5), (1, 3, 5), (3, 4, 5)] twoF [] partners {2: 3}
ROW ('F', 'F', 'V', 'O1b', 'O1b', 'O1b') [(0, 2), (0, 4), (1, 4), (1, 5), (2, 3), (3, 4), (3, 5), (4, 5)] slack 0 faces [(0, 2, 4), (1, 4, 5), (3, 4, 5)] twoF [] partners {2: 3}
ROW ('F', 'F', 'V', 'O1b', 'O1b', 'O1b') [(0, 3), (0, 4), (1, 4), (1, 5), (2, 3), (3, 4), (3, 5), (4, 5)] slack 2 faces [(0, 3, 4), (1, 4, 5), (3, 4, 5)] twoF [] partners {2: 3}
ROW ('F', 'F', 'V', 'O1b', 'O1b', 'O1b') [(0, 2), (0, 5), (1, 4), (1, 5), (2, 3), (3, 4), (3, 5), (4, 5)] slack 0 faces [(0, 2, 5), (1, 4, 5), (3, 4, 5)] twoF [] partners {2: 3}
ROW ('F', 'F', 'V', 'O1b', 'O1b', 'O1b') [(0, 3), (0, 5), (1, 4), (1, 5), (2, 3), (3, 4), (3, 5), (4, 5)] slack 2 faces [(0, 3, 5), (1, 4, 5), (3, 4, 5)] twoF [] partners {2: 3}
ROW ('F', 'F', 'V', 'O1b', 'O1b', 'O1b') [(0, 1), (0, 3), (1, 3), (2, 4), (3, 4), (3, 5), (4, 5)] slack 1 faces [(0, 1, 3), (3, 4, 5)] twoF [(0, 1, 3)] partners {2: 4}
ROW ('F', 'F', 'V', 'O1b', 'O1b', 'O1b') [(0, 3), (0, 4), (1, 2), (1, 3), (2, 4), (3, 4), (3, 5), (4, 5)] slack 0 faces [(0, 3, 4), (1, 2, 3), (3, 4, 5)] twoF [] partners {2: 4}
ROW ('F', 'F', 'V', 'O1b', 'O1b', 'O1b') [(0, 3), (0, 5), (1, 2), (1, 3), (2, 4), (3, 4), (3, 5), (4, 5)] slack 0 faces [(0, 3, 5), (1, 2, 3), (3, 4, 5)] twoF [] partners {2: 4}
ROW ('F', 'F', 'V', 'O1b', 'O1b', 'O1b') [(0, 4), (0, 5), (1, 2), (1, 3), (2, 4), (3, 4), (3, 5), (4, 5)] slack 0 faces [(0, 4, 5), (1, 2, 3), (3, 4, 5)] twoF [] partners {2: 4}
ROW ('F', 'F', 'V', 'O1b', 'O1b', 'O1b') [(0, 2), (0, 3), (1, 3), (1, 4), (2, 4), (3, 4), (3, 5), (4, 5)] slack 0 faces [(0, 2, 3), (1, 3, 4), (3, 4, 5)] twoF [] partners {2: 4}
ROW ('F', 'F', 'V', 'O1b', 'O1b', 'O1b') [(0, 2), (0, 5), (1, 3), (1, 4), (2, 4), (3, 4), (3, 5), (4, 5)] slack 0 faces [(0, 2, 5), (1, 3, 4), (3, 4, 5)] twoF [] partners {2: 4}
ROW ('F', 'F', 'V', 'O1b', 'O1b', 'O1b') [(0, 3), (0, 5), (1, 3), (1, 4), (2, 4), (3, 4), (3, 5), (4, 5)] slack 2 faces [(0, 3, 5), (1, 3, 4), (3, 4, 5)] twoF [] partners {2: 4}
ROW ('F', 'F', 'V', 'O1b', 'O1b', 'O1b') [(0, 4), (0, 5), (1, 3), (1, 4), (2, 4), (3, 4), (3, 5), (4, 5)] slack 2 faces [(0, 4, 5), (1, 3, 4), (3, 4, 5)] twoF [] partners {2: 4}
ROW ('F', 'F', 'V', 'O1b', 'O1b', 'O1b') [(0, 1), (0, 5), (1, 5), (2, 4), (3, 4), (3, 5), (4, 5)] slack 1 faces [(0, 1, 5), (3, 4, 5)] twoF [(0, 1, 5)] partners {2: 4}
ROW ('F', 'F', 'V', 'O1b', 'O1b', 'O1b') [(0, 3), (0, 4), (1, 2), (1, 5), (2, 4), (3, 4), (3, 5), (4, 5)] slack 0 faces [(0, 3, 4), (1, 2, 5), (3, 4, 5)] twoF [] partners {2: 4}
ROW ('F', 'F', 'V', 'O1b', 'O1b', 'O1b') [(0, 3), (0, 5), (1, 2), (1, 5), (2, 4), (3, 4), (3, 5), (4, 5)] slack 0 faces [(0, 3, 5), (1, 2, 5), (3, 4, 5)] twoF [] partners {2: 4}
ROW ('F', 'F', 'V', 'O1b', 'O1b', 'O1b') [(0, 4), (0, 5), (1, 2), (1, 5), (2, 4), (3, 4), (3, 5), (4, 5)] slack 0 faces [(0, 4, 5), (1, 2, 5), (3, 4, 5)] twoF [] partners {2: 4}
ROW ('F', 'F', 'V', 'O1b', 'O1b', 'O1b') [(0, 2), (0, 3), (1, 3), (1, 5), (2, 4), (3, 4), (3, 5), (4, 5)] slack 0 faces [(0, 2, 3), (1, 3, 5), (3, 4, 5)] twoF [] partners {2: 4}
ROW ('F', 'F', 'V', 'O1b', 'O1b', 'O1b') [(0, 3), (0, 4), (1, 3), (1, 5), (2, 4), (3, 4), (3, 5), (4, 5)] slack 2 faces [(0, 3, 4), (1, 3, 5), (3, 4, 5)] twoF [] partners {2: 4}
ROW ('F', 'F', 'V', 'O1b', 'O1b', 'O1b') [(0, 2), (0, 5), (1, 3), (1, 5), (2, 4), (3, 4), (3, 5), (4, 5)] slack 0 faces [(0, 2, 5), (1, 3, 5), (3, 4, 5)] twoF [] partners {2: 4}
ROW ('F', 'F', 'V', 'O1b', 'O1b', 'O1b') [(0, 4), (0, 5), (1, 3), (1, 5), (2, 4), (3, 4), (3, 5), (4, 5)] slack 2 faces [(0, 4, 5), (1, 3, 5), (3, 4, 5)] twoF [] partners {2: 4}
ROW ('F', 'F', 'V', 'O1b', 'O1b', 'O1b') [(0, 2), (0, 3), (1, 4), (1, 5), (2, 4), (3, 4), (3, 5), (4, 5)] slack 0 faces [(0, 2, 3), (1, 4, 5), (3, 4, 5)] twoF [] partners {2: 4}
ROW ('F', 'F', 'V', 'O1b', 'O1b', 'O1b') [(0, 3), (0, 4), (1, 4), (1, 5), (2, 4), (3, 4), (3, 5), (4, 5)] slack 2 faces [(0, 3, 4), (1, 4, 5), (3, 4, 5)] twoF [] partners {2: 4}
ROW ('F', 'F', 'V', 'O1b', 'O1b', 'O1b') [(0, 2), (0, 5), (1, 4), (1, 5), (2, 4), (3, 4), (3, 5), (4, 5)] slack 0 faces [(0, 2, 5), (1, 4, 5), (3, 4, 5)] twoF [] partners {2: 4}
ROW ('F', 'F', 'V', 'O1b', 'O1b', 'O1b') [(0, 3), (0, 5), (1, 4), (1, 5), (2, 4), (3, 4), (3, 5), (4, 5)] slack 2 faces [(0, 3, 5), (1, 4, 5), (3, 4, 5)] twoF [] partners {2: 4}
ROW ('F', 'F', 'V', 'O1b', 'O1b', 'O1b') [(0, 1), (0, 3), (1, 3), (2, 5), (3, 4), (3, 5), (4, 5)] slack 1 faces [(0, 1, 3), (3, 4, 5)] twoF [(0, 1, 3)] partners {2: 5}
ROW ('F', 'F', 'V', 'O1b', 'O1b', 'O1b') [(0, 3), (0, 4), (1, 2), (1, 3), (2, 5), (3, 4), (3, 5), (4, 5)] slack 0 faces [(0, 3, 4), (1, 2, 3), (3, 4, 5)] twoF [] partners {2: 5}
ROW ('F', 'F', 'V', 'O1b', 'O1b', 'O1b') [(0, 3), (0, 5), (1, 2), (1, 3), (2, 5), (3, 4), (3, 5), (4, 5)] slack 0 faces [(0, 3, 5), (1, 2, 3), (3, 4, 5)] twoF [] partners {2: 5}
ROW ('F', 'F', 'V', 'O1b', 'O1b', 'O1b') [(0, 4), (0, 5), (1, 2), (1, 3), (2, 5), (3, 4), (3, 5), (4, 5)] slack 0 faces [(0, 4, 5), (1, 2, 3), (3, 4, 5)] twoF [] partners {2: 5}
ROW ('F', 'F', 'V', 'O1b', 'O1b', 'O1b') [(0, 1), (0, 4), (1, 4), (2, 5), (3, 4), (3, 5), (4, 5)] slack 1 faces [(0, 1, 4), (3, 4, 5)] twoF [(0, 1, 4)] partners {2: 5}
ROW ('F', 'F', 'V', 'O1b', 'O1b', 'O1b') [(0, 3), (0, 4), (1, 2), (1, 4), (2, 5), (3, 4), (3, 5), (4, 5)] slack 0 faces [(0, 3, 4), (1, 2, 4), (3, 4, 5)] twoF [] partners {2: 5}
ROW ('F', 'F', 'V', 'O1b', 'O1b', 'O1b') [(0, 3), (0, 5), (1, 2), (1, 4), (2, 5), (3, 4), (3, 5), (4, 5)] slack 0 faces [(0, 3, 5), (1, 2, 4), (3, 4, 5)] twoF [] partners {2: 5}
ROW ('F', 'F', 'V', 'O1b', 'O1b', 'O1b') [(0, 4), (0, 5), (1, 2), (1, 4), (2, 5), (3, 4), (3, 5), (4, 5)] slack 0 faces [(0, 4, 5), (1, 2, 4), (3, 4, 5)] twoF [] partners {2: 5}
ROW ('F', 'F', 'V', 'O1b', 'O1b', 'O1b') [(0, 2), (0, 3), (1, 3), (1, 4), (2, 5), (3, 4), (3, 5), (4, 5)] slack 0 faces [(0, 2, 3), (1, 3, 4), (3, 4, 5)] twoF [] partners {2: 5}
ROW ('F', 'F', 'V', 'O1b', 'O1b', 'O1b') [(0, 2), (0, 4), (1, 3), (1, 4), (2, 5), (3, 4), (3, 5), (4, 5)] slack 0 faces [(0, 2, 4), (1, 3, 4), (3, 4, 5)] twoF [] partners {2: 5}
ROW ('F', 'F', 'V', 'O1b', 'O1b', 'O1b') [(0, 3), (0, 5), (1, 3), (1, 4), (2, 5), (3, 4), (3, 5), (4, 5)] slack 2 faces [(0, 3, 5), (1, 3, 4), (3, 4, 5)] twoF [] partners {2: 5}
ROW ('F', 'F', 'V', 'O1b', 'O1b', 'O1b') [(0, 4), (0, 5), (1, 3), (1, 4), (2, 5), (3, 4), (3, 5), (4, 5)] slack 2 faces [(0, 4, 5), (1, 3, 4), (3, 4, 5)] twoF [] partners {2: 5}
ROW ('F', 'F', 'V', 'O1b', 'O1b', 'O1b') [(0, 2), (0, 3), (1, 3), (1, 5), (2, 5), (3, 4), (3, 5), (4, 5)] slack 0 faces [(0, 2, 3), (1, 3, 5), (3, 4, 5)] twoF [] partners {2: 5}
ROW ('F', 'F', 'V', 'O1b', 'O1b', 'O1b') [(0, 2), (0, 4), (1, 3), (1, 5), (2, 5), (3, 4), (3, 5), (4, 5)] slack 0 faces [(0, 2, 4), (1, 3, 5), (3, 4, 5)] twoF [] partners {2: 5}
ROW ('F', 'F', 'V', 'O1b', 'O1b', 'O1b') [(0, 3), (0, 4), (1, 3), (1, 5), (2, 5), (3, 4), (3, 5), (4, 5)] slack 2 faces [(0, 3, 4), (1, 3, 5), (3, 4, 5)] twoF [] partners {2: 5}
ROW ('F', 'F', 'V', 'O1b', 'O1b', 'O1b') [(0, 4), (0, 5), (1, 3), (1, 5), (2, 5), (3, 4), (3, 5), (4, 5)] slack 2 faces [(0, 4, 5), (1, 3, 5), (3, 4, 5)] twoF [] partners {2: 5}
ROW ('F', 'F', 'V', 'O1b', 'O1b', 'O1b') [(0, 2), (0, 3), (1, 4), (1, 5), (2, 5), (3, 4), (3, 5), (4, 5)] slack 0 faces [(0, 2, 3), (1, 4, 5), (3, 4, 5)] twoF [] partners {2: 5}
ROW ('F', 'F', 'V', 'O1b', 'O1b', 'O1b') [(0, 2), (0, 4), (1, 4), (1, 5), (2, 5), (3, 4), (3, 5), (4, 5)] slack 0 faces [(0, 2, 4), (1, 4, 5), (3, 4, 5)] twoF [] partners {2: 5}
ROW ('F', 'F', 'V', 'O1b', 'O1b', 'O1b') [(0, 3), (0, 4), (1, 4), (1, 5), (2, 5), (3, 4), (3, 5), (4, 5)] slack 2 faces [(0, 3, 4), (1, 4, 5), (3, 4, 5)] twoF [] partners {2: 5}
ROW ('F', 'F', 'V', 'O1b', 'O1b', 'O1b') [(0, 3), (0, 5), (1, 4), (1, 5), (2, 5), (3, 4), (3, 5), (4, 5)] slack 2 faces [(0, 3, 5), (1, 4, 5), (3, 4, 5)] twoF [] partners {2: 5}
ROW ('F', 'F', 'V', 'O1b', 'O1b', 'O0') [(0, 3), (0, 5), (1, 3), (1, 4), (2, 3), (3, 4), (3, 5), (4, 5)] slack 0 faces [(0, 3, 5), (1, 3, 4), (3, 4, 5)] twoF [] partners {2: 3}
ROW ('F', 'F', 'V', 'O1b', 'O1b', 'O0') [(0, 4), (0, 5), (1, 3), (1, 4), (2, 3), (3, 4), (3, 5), (4, 5)] slack 0 faces [(0, 4, 5), (1, 3, 4), (3, 4, 5)] twoF [] partners {2: 3}
ROW ('F', 'F', 'V', 'O1b', 'O1b', 'O0') [(0, 3), (0, 4), (1, 3), (1, 5), (2, 3), (3, 4), (3, 5), (4, 5)] slack 0 faces [(0, 3, 4), (1, 3, 5), (3, 4, 5)] twoF [] partners {2: 3}
ROW ('F', 'F', 'V', 'O1b', 'O1b', 'O0') [(0, 4), (0, 5), (1, 3), (1, 5), (2, 3), (3, 4), (3, 5), (4, 5)] slack 0 faces [(0, 4, 5), (1, 3, 5), (3, 4, 5)] twoF [] partners {2: 3}
ROW ('F', 'F', 'V', 'O1b', 'O1b', 'O0') [(0, 3), (0, 4), (1, 4), (1, 5), (2, 3), (3, 4), (3, 5), (4, 5)] slack 0 faces [(0, 3, 4), (1, 4, 5), (3, 4, 5)] twoF [] partners {2: 3}
ROW ('F', 'F', 'V', 'O1b', 'O1b', 'O0') [(0, 3), (0, 5), (1, 4), (1, 5), (2, 3), (3, 4), (3, 5), (4, 5)] slack 0 faces [(0, 3, 5), (1, 4, 5), (3, 4, 5)] twoF [] partners {2: 3}
ROW ('F', 'F', 'V', 'O1b', 'O1b', 'O0') [(0, 3), (0, 5), (1, 3), (1, 4), (2, 4), (3, 4), (3, 5), (4, 5)] slack 0 faces [(0, 3, 5), (1, 3, 4), (3, 4, 5)] twoF [] partners {2: 4}
ROW ('F', 'F', 'V', 'O1b', 'O1b', 'O0') [(0, 4), (0, 5), (1, 3), (1, 4), (2, 4), (3, 4), (3, 5), (4, 5)] slack 0 faces [(0, 4, 5), (1, 3, 4), (3, 4, 5)] twoF [] partners {2: 4}
ROW ('F', 'F', 'V', 'O1b', 'O1b', 'O0') [(0, 3), (0, 4), (1, 3), (1, 5), (2, 4), (3, 4), (3, 5), (4, 5)] slack 0 faces [(0, 3, 4), (1, 3, 5), (3, 4, 5)] twoF [] partners {2: 4}
ROW ('F', 'F', 'V', 'O1b', 'O1b', 'O0') [(0, 4), (0, 5), (1, 3), (1, 5), (2, 4), (3, 4), (3, 5), (4, 5)] slack 0 faces [(0, 4, 5), (1, 3, 5), (3, 4, 5)] twoF [] partners {2: 4}
ROW ('F', 'F', 'V', 'O1b', 'O1b', 'O0') [(0, 3), (0, 4), (1, 4), (1, 5), (2, 4), (3, 4), (3, 5), (4, 5)] slack 0 faces [(0, 3, 4), (1, 4, 5), (3, 4, 5)] twoF [] partners {2: 4}
ROW ('F', 'F', 'V', 'O1b', 'O1b', 'O0') [(0, 3), (0, 5), (1, 4), (1, 5), (2, 4), (3, 4), (3, 5), (4, 5)] slack 0 faces [(0, 3, 5), (1, 4, 5), (3, 4, 5)] twoF [] partners {2: 4}
ROW ('F', 'F', 'V', 'O1b', 'O1b', 'O0') [(0, 3), (0, 5), (1, 3), (1, 4), (2, 5), (3, 4), (3, 5), (4, 5)] slack 0 faces [(0, 3, 5), (1, 3, 4), (3, 4, 5)] twoF [] partners {2: 5}
ROW ('F', 'F', 'V', 'O1b', 'O1b', 'O0') [(0, 4), (0, 5), (1, 3), (1, 4), (2, 5), (3, 4), (3, 5), (4, 5)] slack 0 faces [(0, 4, 5), (1, 3, 4), (3, 4, 5)] twoF [] partners {2: 5}
ROW ('F', 'F', 'V', 'O1b', 'O1b', 'O0') [(0, 3), (0, 4), (1, 3), (1, 5), (2, 5), (3, 4), (3, 5), (4, 5)] slack 0 faces [(0, 3, 4), (1, 3, 5), (3, 4, 5)] twoF [] partners {2: 5}
ROW ('F', 'F', 'V', 'O1b', 'O1b', 'O0') [(0, 4), (0, 5), (1, 3), (1, 5), (2, 5), (3, 4), (3, 5), (4, 5)] slack 0 faces [(0, 4, 5), (1, 3, 5), (3, 4, 5)] twoF [] partners {2: 5}
ROW ('F', 'F', 'V', 'O1b', 'O1b', 'O0') [(0, 3), (0, 4), (1, 4), (1, 5), (2, 5), (3, 4), (3, 5), (4, 5)] slack 0 faces [(0, 3, 4), (1, 4, 5), (3, 4, 5)] twoF [] partners {2: 5}
ROW ('F', 'F', 'V', 'O1b', 'O1b', 'O0') [(0, 3), (0, 5), (1, 4), (1, 5), (2, 5), (3, 4), (3, 5), (4, 5)] slack 0 faces [(0, 3, 5), (1, 4, 5), (3, 4, 5)] twoF [] partners {2: 5}
ROW ('F', 'F', 'O1', 'O1', 'O1', 'O1b') [(0, 1), (0, 5), (1, 5), (2, 5), (3, 4)] slack 0 faces [(0, 1, 5)] twoF [(0, 1, 5)] partners {}
ROW ('F', 'F', 'O1', 'O1', 'O1', 'O1b') [(0, 1), (0, 5), (1, 5), (2, 4), (3, 5)] slack 0 faces [(0, 1, 5)] twoF [(0, 1, 5)] partners {}
ROW ('F', 'F', 'O1', 'O1', 'O1', 'O1b') [(0, 1), (0, 5), (1, 5), (2, 5), (3, 5)] slack 0 faces [(0, 1, 5)] twoF [(0, 1, 5)] partners {}
ROW ('F', 'F', 'O1', 'O1', 'O1', 'O1b') [(0, 1), (0, 5), (1, 5), (2, 3), (4, 5)] slack 0 faces [(0, 1, 5)] twoF [(0, 1, 5)] partners {}
ROW ('F', 'F', 'O1', 'O1', 'O1', 'O1b') [(0, 1), (0, 5), (1, 5), (2, 5), (4, 5)] slack 0 faces [(0, 1, 5)] twoF [(0, 1, 5)] partners {}
ROW ('F', 'F', 'O1', 'O1', 'O1', 'O1b') [(0, 1), (0, 5), (1, 5), (3, 5), (4, 5)] slack 0 faces [(0, 1, 5)] twoF [(0, 1, 5)] partners {}
ROW ('F', 'F', 'O1', 'O1', 'O1', 'O1b') [(0, 1), (0, 5), (1, 5), (2, 5), (3, 5), (4, 5)] slack 1 faces [(0, 1, 5)] twoF [(0, 1, 5)] partners {}
ROW ('F', 'F', 'O1', 'O1', 'O1b', 'O1b') [(0, 4), (0, 5), (1, 4), (1, 5), (2, 3), (4, 5)] slack 0 faces [(0, 4, 5), (1, 4, 5)] twoF [] partners {}
ROW ('F', 'F', 'O1', 'O1', 'O1b', 'O1b') [(0, 4), (0, 5), (1, 4), (1, 5), (2, 4), (4, 5)] slack 0 faces [(0, 4, 5), (1, 4, 5)] twoF [] partners {}
ROW ('F', 'F', 'O1', 'O1', 'O1b', 'O1b') [(0, 4), (0, 5), (1, 4), (1, 5), (2, 5), (4, 5)] slack 0 faces [(0, 4, 5), (1, 4, 5)] twoF [] partners {}
ROW ('F', 'F', 'O1', 'O1', 'O1b', 'O1b') [(0, 4), (0, 5), (1, 4), (1, 5), (3, 4), (4, 5)] slack 0 faces [(0, 4, 5), (1, 4, 5)] twoF [] partners {}
ROW ('F', 'F', 'O1', 'O1', 'O1b', 'O1b') [(0, 1), (0, 4), (1, 4), (2, 4), (3, 4), (4, 5)] slack 0 faces [(0, 1, 4)] twoF [(0, 1, 4)] partners {}
ROW ('F', 'F', 'O1', 'O1', 'O1b', 'O1b') [(0, 1), (0, 5), (1, 5), (2, 4), (3, 4), (4, 5)] slack 0 faces [(0, 1, 5)] twoF [(0, 1, 5)] partners {}
ROW ('F', 'F', 'O1', 'O1', 'O1b', 'O1b') [(0, 4), (0, 5), (1, 4), (1, 5), (2, 4), (3, 4), (4, 5)] slack 1 faces [(0, 4, 5), (1, 4, 5)] twoF [] partners {}
ROW ('F', 'F', 'O1', 'O1', 'O1b', 'O1b') [(0, 1), (0, 4), (1, 4), (2, 5), (3, 4), (4, 5)] slack 0 faces [(0, 1, 4)] twoF [(0, 1, 4)] partners {}
ROW ('F', 'F', 'O1', 'O1', 'O1b', 'O1b') [(0, 1), (0, 5), (1, 5), (2, 5), (3, 4), (4, 5)] slack 0 faces [(0, 1, 5)] twoF [(0, 1, 5)] partners {}
ROW ('F', 'F', 'O1', 'O1', 'O1b', 'O1b') [(0, 4), (0, 5), (1, 4), (1, 5), (2, 5), (3, 4), (4, 5)] slack 1 faces [(0, 4, 5), (1, 4, 5)] twoF [] partners {}
ROW ('F', 'F', 'O1', 'O1', 'O1b', 'O1b') [(0, 4), (0, 5), (1, 4), (1, 5), (3, 5), (4, 5)] slack 0 faces [(0, 4, 5), (1, 4, 5)] twoF [] partners {}
ROW ('F', 'F', 'O1', 'O1', 'O1b', 'O1b') [(0, 1), (0, 4), (1, 4), (2, 4), (3, 5), (4, 5)] slack 0 faces [(0, 1, 4)] twoF [(0, 1, 4)] partners {}
ROW ('F', 'F', 'O1', 'O1', 'O1b', 'O1b') [(0, 1), (0, 5), (1, 5), (2, 4), (3, 5), (4, 5)] slack 0 faces [(0, 1, 5)] twoF [(0, 1, 5)] partners {}
ROW ('F', 'F', 'O1', 'O1', 'O1b', 'O1b') [(0, 4), (0, 5), (1, 4), (1, 5), (2, 4), (3, 5), (4, 5)] slack 1 faces [(0, 4, 5), (1, 4, 5)] twoF [] partners {}
ROW ('F', 'F', 'O1', 'O1', 'O1b', 'O1b') [(0, 1), (0, 4), (1, 4), (2, 5), (3, 5), (4, 5)] slack 0 faces [(0, 1, 4)] twoF [(0, 1, 4)] partners {}
ROW ('F', 'F', 'O1', 'O1', 'O1b', 'O1b') [(0, 1), (0, 5), (1, 5), (2, 5), (3, 5), (4, 5)] slack 0 faces [(0, 1, 5)] twoF [(0, 1, 5)] partners {}
ROW ('F', 'F', 'O1', 'O1', 'O1b', 'O1b') [(0, 4), (0, 5), (1, 4), (1, 5), (2, 5), (3, 5), (4, 5)] slack 1 faces [(0, 4, 5), (1, 4, 5)] twoF [] partners {}
ROW ('F', 'F', 'O1', 'O1b', 'O1b', 'O1b') [(0, 3), (0, 4), (1, 3), (1, 4), (2, 3), (3, 4), (3, 5)] slack 0 faces [(0, 3, 4), (1, 3, 4)] twoF [] partners {}
ROW ('F', 'F', 'O1', 'O1b', 'O1b', 'O1b') [(0, 3), (0, 5), (1, 3), (1, 4), (2, 3), (3, 4), (3, 5)] slack 0 faces [(0, 3, 5), (1, 3, 4)] twoF [] partners {}
ROW ('F', 'F', 'O1', 'O1b', 'O1b', 'O1b') [(0, 3), (0, 4), (1, 3), (1, 5), (2, 3), (3, 4), (3, 5)] slack 0 faces [(0, 3, 4), (1, 3, 5)] twoF [] partners {}
ROW ('F', 'F', 'O1', 'O1b', 'O1b', 'O1b') [(0, 3), (0, 5), (1, 3), (1, 5), (2, 3), (3, 4), (3, 5)] slack 0 faces [(0, 3, 5), (1, 3, 5)] twoF [] partners {}
ROW ('F', 'F', 'O1', 'O1b', 'O1b', 'O1b') [(0, 3), (0, 4), (1, 3), (1, 4), (2, 4), (3, 4), (3, 5)] slack 0 faces [(0, 3, 4), (1, 3, 4)] twoF [] partners {}
ROW ('F', 'F', 'O1', 'O1b', 'O1b', 'O1b') [(0, 3), (0, 5), (1, 3), (1, 4), (2, 4), (3, 4), (3, 5)] slack 0 faces [(0, 3, 5), (1, 3, 4)] twoF [] partners {}
ROW ('F', 'F', 'O1', 'O1b', 'O1b', 'O1b') [(0, 3), (0, 4), (1, 3), (1, 5), (2, 4), (3, 4), (3, 5)] slack 0 faces [(0, 3, 4), (1, 3, 5)] twoF [] partners {}
ROW ('F', 'F', 'O1', 'O1b', 'O1b', 'O1b') [(0, 3), (0, 5), (1, 3), (1, 5), (2, 4), (3, 4), (3, 5)] slack 0 faces [(0, 3, 5), (1, 3, 5)] twoF [] partners {}
ROW ('F', 'F', 'O1', 'O1b', 'O1b', 'O1b') [(0, 3), (0, 4), (1, 3), (1, 4), (2, 5), (3, 4), (3, 5)] slack 0 faces [(0, 3, 4), (1, 3, 4)] twoF [] partners {}
ROW ('F', 'F', 'O1', 'O1b', 'O1b', 'O1b') [(0, 3), (0, 5), (1, 3), (1, 4), (2, 5), (3, 4), (3, 5)] slack 0 faces [(0, 3, 5), (1, 3, 4)] twoF [] partners {}
ROW ('F', 'F', 'O1', 'O1b', 'O1b', 'O1b') [(0, 3), (0, 4), (1, 3), (1, 5), (2, 5), (3, 4), (3, 5)] slack 0 faces [(0, 3, 4), (1, 3, 5)] twoF [] partners {}
ROW ('F', 'F', 'O1', 'O1b', 'O1b', 'O1b') [(0, 3), (0, 5), (1, 3), (1, 5), (2, 5), (3, 4), (3, 5)] slack 0 faces [(0, 3, 5), (1, 3, 5)] twoF [] partners {}
ROW ('F', 'F', 'O1', 'O1b', 'O1b', 'O1b') [(0, 3), (0, 4), (1, 3), (1, 4), (2, 3), (3, 4), (4, 5)] slack 0 faces [(0, 3, 4), (1, 3, 4)] twoF [] partners {}
ROW ('F', 'F', 'O1', 'O1b', 'O1b', 'O1b') [(0, 4), (0, 5), (1, 3), (1, 4), (2, 3), (3, 4), (4, 5)] slack 0 faces [(0, 4, 5), (1, 3, 4)] twoF [] partners {}
ROW ('F', 'F', 'O1', 'O1b', 'O1b', 'O1b') [(0, 3), (0, 4), (1, 4), (1, 5), (2, 3), (3, 4), (4, 5)] slack 0 faces [(0, 3, 4), (1, 4, 5)] twoF [] partners {}
ROW ('F', 'F', 'O1', 'O1b', 'O1b', 'O1b') [(0, 4), (0, 5), (1, 4), (1, 5), (2, 3), (3, 4), (4, 5)] slack 0 faces [(0, 4, 5), (1, 4, 5)] twoF [] partners {}
ROW ('F', 'F', 'O1', 'O1b', 'O1b', 'O1b') [(0, 3), (0, 4), (1, 3), (1, 4), (2, 4), (3, 4), (4, 5)] slack 0 faces [(0, 3, 4), (1, 3, 4)] twoF [] partners {}
ROW ('F', 'F', 'O1', 'O1b', 'O1b', 'O1b') [(0, 4), (0, 5), (1, 3), (1, 4), (2, 4), (3, 4), (4, 5)] slack 0 faces [(0, 4, 5), (1, 3, 4)] twoF [] partners {}
ROW ('F', 'F', 'O1', 'O1b', 'O1b', 'O1b') [(0, 3), (0, 4), (1, 4), (1, 5), (2, 4), (3, 4), (4, 5)] slack 0 faces [(0, 3, 4), (1, 4, 5)] twoF [] partners {}
ROW ('F', 'F', 'O1', 'O1b', 'O1b', 'O1b') [(0, 4), (0, 5), (1, 4), (1, 5), (2, 4), (3, 4), (4, 5)] slack 0 faces [(0, 4, 5), (1, 4, 5)] twoF [] partners {}
ROW ('F', 'F', 'O1', 'O1b', 'O1b', 'O1b') [(0, 3), (0, 4), (1, 3), (1, 4), (2, 5), (3, 4), (4, 5)] slack 0 faces [(0, 3, 4), (1, 3, 4)] twoF [] partners {}
ROW ('F', 'F', 'O1', 'O1b', 'O1b', 'O1b') [(0, 4), (0, 5), (1, 3), (1, 4), (2, 5), (3, 4), (4, 5)] slack 0 faces [(0, 4, 5), (1, 3, 4)] twoF [] partners {}
ROW ('F', 'F', 'O1', 'O1b', 'O1b', 'O1b') [(0, 3), (0, 4), (1, 4), (1, 5), (2, 5), (3, 4), (4, 5)] slack 0 faces [(0, 3, 4), (1, 4, 5)] twoF [] partners {}
ROW ('F', 'F', 'O1', 'O1b', 'O1b', 'O1b') [(0, 4), (0, 5), (1, 4), (1, 5), (2, 5), (3, 4), (4, 5)] slack 0 faces [(0, 4, 5), (1, 4, 5)] twoF [] partners {}
ROW ('F', 'F', 'O1', 'O1b', 'O1b', 'O1b') [(0, 3), (0, 5), (1, 3), (1, 5), (2, 3), (3, 5), (4, 5)] slack 0 faces [(0, 3, 5), (1, 3, 5)] twoF [] partners {}
ROW ('F', 'F', 'O1', 'O1b', 'O1b', 'O1b') [(0, 4), (0, 5), (1, 3), (1, 5), (2, 3), (3, 5), (4, 5)] slack 0 faces [(0, 4, 5), (1, 3, 5)] twoF [] partners {}
ROW ('F', 'F', 'O1', 'O1b', 'O1b', 'O1b') [(0, 3), (0, 5), (1, 4), (1, 5), (2, 3), (3, 5), (4, 5)] slack 0 faces [(0, 3, 5), (1, 4, 5)] twoF [] partners {}
ROW ('F', 'F', 'O1', 'O1b', 'O1b', 'O1b') [(0, 4), (0, 5), (1, 4), (1, 5), (2, 3), (3, 5), (4, 5)] slack 0 faces [(0, 4, 5), (1, 4, 5)] twoF [] partners {}
ROW ('F', 'F', 'O1', 'O1b', 'O1b', 'O1b') [(0, 3), (0, 5), (1, 3), (1, 5), (2, 4), (3, 5), (4, 5)] slack 0 faces [(0, 3, 5), (1, 3, 5)] twoF [] partners {}
ROW ('F', 'F', 'O1', 'O1b', 'O1b', 'O1b') [(0, 4), (0, 5), (1, 3), (1, 5), (2, 4), (3, 5), (4, 5)] slack 0 faces [(0, 4, 5), (1, 3, 5)] twoF [] partners {}
ROW ('F', 'F', 'O1', 'O1b', 'O1b', 'O1b') [(0, 3), (0, 5), (1, 4), (1, 5), (2, 4), (3, 5), (4, 5)] slack 0 faces [(0, 3, 5), (1, 4, 5)] twoF [] partners {}
ROW ('F', 'F', 'O1', 'O1b', 'O1b', 'O1b') [(0, 4), (0, 5), (1, 4), (1, 5), (2, 4), (3, 5), (4, 5)] slack 0 faces [(0, 4, 5), (1, 4, 5)] twoF [] partners {}
ROW ('F', 'F', 'O1', 'O1b', 'O1b', 'O1b') [(0, 3), (0, 5), (1, 3), (1, 5), (2, 5), (3, 5), (4, 5)] slack 0 faces [(0, 3, 5), (1, 3, 5)] twoF [] partners {}
ROW ('F', 'F', 'O1', 'O1b', 'O1b', 'O1b') [(0, 4), (0, 5), (1, 3), (1, 5), (2, 5), (3, 5), (4, 5)] slack 0 faces [(0, 4, 5), (1, 3, 5)] twoF [] partners {}
ROW ('F', 'F', 'O1', 'O1b', 'O1b', 'O1b') [(0, 3), (0, 5), (1, 4), (1, 5), (2, 5), (3, 5), (4, 5)] slack 0 faces [(0, 3, 5), (1, 4, 5)] twoF [] partners {}
ROW ('F', 'F', 'O1', 'O1b', 'O1b', 'O1b') [(0, 4), (0, 5), (1, 4), (1, 5), (2, 5), (3, 5), (4, 5)] slack 0 faces [(0, 4, 5), (1, 4, 5)] twoF [] partners {}
ROW ('F', 'F', 'O1', 'O1b', 'O1b', 'O1b') [(0, 3), (0, 5), (1, 3), (1, 4), (3, 4), (3, 5), (4, 5)] slack 0 faces [(0, 3, 5), (1, 3, 4), (3, 4, 5)] twoF [] partners {}
ROW ('F', 'F', 'O1', 'O1b', 'O1b', 'O1b') [(0, 4), (0, 5), (1, 3), (1, 4), (3, 4), (3, 5), (4, 5)] slack 0 faces [(0, 4, 5), (1, 3, 4), (3, 4, 5)] twoF [] partners {}
ROW ('F', 'F', 'O1', 'O1b', 'O1b', 'O1b') [(0, 3), (0, 4), (1, 3), (1, 5), (3, 4), (3, 5), (4, 5)] slack 0 faces [(0, 3, 4), (1, 3, 5), (3, 4, 5)] twoF [] partners {}
ROW ('F', 'F', 'O1', 'O1b', 'O1b', 'O1b') [(0, 4), (0, 5), (1, 3), (1, 5), (3, 4), (3, 5), (4, 5)] slack 0 faces [(0, 4, 5), (1, 3, 5), (3, 4, 5)] twoF [] partners {}
ROW ('F', 'F', 'O1', 'O1b', 'O1b', 'O1b') [(0, 3), (0, 4), (1, 4), (1, 5), (3, 4), (3, 5), (4, 5)] slack 0 faces [(0, 3, 4), (1, 4, 5), (3, 4, 5)] twoF [] partners {}
ROW ('F', 'F', 'O1', 'O1b', 'O1b', 'O1b') [(0, 3), (0, 5), (1, 4), (1, 5), (3, 4), (3, 5), (4, 5)] slack 0 faces [(0, 3, 5), (1, 4, 5), (3, 4, 5)] twoF [] partners {}
ROW ('F', 'F', 'O1', 'O1b', 'O1b', 'O1b') [(0, 1), (0, 3), (1, 3), (2, 3), (3, 4), (3, 5), (4, 5)] slack 0 faces [(0, 1, 3), (3, 4, 5)] twoF [(0, 1, 3)] partners {}
ROW ('F', 'F', 'O1', 'O1b', 'O1b', 'O1b') [(0, 1), (0, 4), (1, 4), (2, 3), (3, 4), (3, 5), (4, 5)] slack 0 faces [(0, 1, 4), (3, 4, 5)] twoF [(0, 1, 4)] partners {}
ROW ('F', 'F', 'O1', 'O1b', 'O1b', 'O1b') [(0, 3), (0, 5), (1, 3), (1, 4), (2, 3), (3, 4), (3, 5), (4, 5)] slack 1 faces [(0, 3, 5), (1, 3, 4), (3, 4, 5)] twoF [] partners {}
ROW ('F', 'F', 'O1', 'O1b', 'O1b', 'O1b') [(0, 4), (0, 5), (1, 3), (1, 4), (2, 3), (3, 4), (3, 5), (4, 5)] slack 1 faces [(0, 4, 5), (1, 3, 4), (3, 4, 5)] twoF [] partners {}
ROW ('F', 'F', 'O1', 'O1b', 'O1b', 'O1b') [(0, 1), (0, 5), (1, 5), (2, 3), (3, 4), (3, 5), (4, 5)] slack 0 faces [(0, 1, 5), (3, 4, 5)] twoF [(0, 1, 5)] partners {}
ROW ('F', 'F', 'O1', 'O1b', 'O1b', 'O1b') [(0, 3), (0, 4), (1, 3), (1, 5), (2, 3), (3, 4), (3, 5), (4, 5)] slack 1 faces [(0, 3, 4), (1, 3, 5), (3, 4, 5)] twoF [] partners {}
ROW ('F', 'F', 'O1', 'O1b', 'O1b', 'O1b') [(0, 4), (0, 5), (1, 3), (1, 5), (2, 3), (3, 4), (3, 5), (4, 5)] slack 1 faces [(0, 4, 5), (1, 3, 5), (3, 4, 5)] twoF [] partners {}
ROW ('F', 'F', 'O1', 'O1b', 'O1b', 'O1b') [(0, 3), (0, 4), (1, 4), (1, 5), (2, 3), (3, 4), (3, 5), (4, 5)] slack 1 faces [(0, 3, 4), (1, 4, 5), (3, 4, 5)] twoF [] partners {}
ROW ('F', 'F', 'O1', 'O1b', 'O1b', 'O1b') [(0, 3), (0, 5), (1, 4), (1, 5), (2, 3), (3, 4), (3, 5), (4, 5)] slack 1 faces [(0, 3, 5), (1, 4, 5), (3, 4, 5)] twoF [] partners {}
ROW ('F', 'F', 'O1', 'O1b', 'O1b', 'O1b') [(0, 1), (0, 3), (1, 3), (2, 4), (3, 4), (3, 5), (4, 5)] slack 0 faces [(0, 1, 3), (3, 4, 5)] twoF [(0, 1, 3)] partners {}
ROW ('F', 'F', 'O1', 'O1b', 'O1b', 'O1b') [(0, 1), (0, 4), (1, 4), (2, 4), (3, 4), (3, 5), (4, 5)] slack 0 faces [(0, 1, 4), (3, 4, 5)] twoF [(0, 1, 4)] partners {}
ROW ('F', 'F', 'O1', 'O1b', 'O1b', 'O1b') [(0, 3), (0, 5), (1, 3), (1, 4), (2, 4), (3, 4), (3, 5), (4, 5)] slack 1 faces [(0, 3, 5), (1, 3, 4), (3, 4, 5)] twoF [] partners {}
ROW ('F', 'F', 'O1', 'O1b', 'O1b', 'O1b') [(0, 4), (0, 5), (1, 3), (1, 4), (2, 4), (3, 4), (3, 5), (4, 5)] slack 1 faces [(0, 4, 5), (1, 3, 4), (3, 4, 5)] twoF [] partners {}
ROW ('F', 'F', 'O1', 'O1b', 'O1b', 'O1b') [(0, 1), (0, 5), (1, 5), (2, 4), (3, 4), (3, 5), (4, 5)] slack 0 faces [(0, 1, 5), (3, 4, 5)] twoF [(0, 1, 5)] partners {}
ROW ('F', 'F', 'O1', 'O1b', 'O1b', 'O1b') [(0, 3), (0, 4), (1, 3), (1, 5), (2, 4), (3, 4), (3, 5), (4, 5)] slack 1 faces [(0, 3, 4), (1, 3, 5), (3, 4, 5)] twoF [] partners {}
ROW ('F', 'F', 'O1', 'O1b', 'O1b', 'O1b') [(0, 4), (0, 5), (1, 3), (1, 5), (2, 4), (3, 4), (3, 5), (4, 5)] slack 1 faces [(0, 4, 5), (1, 3, 5), (3, 4, 5)] twoF [] partners {}
ROW ('F', 'F', 'O1', 'O1b', 'O1b', 'O1b') [(0, 3), (0, 4), (1, 4), (1, 5), (2, 4), (3, 4), (3, 5), (4, 5)] slack 1 faces [(0, 3, 4), (1, 4, 5), (3, 4, 5)] twoF [] partners {}
ROW ('F', 'F', 'O1', 'O1b', 'O1b', 'O1b') [(0, 3), (0, 5), (1, 4), (1, 5), (2, 4), (3, 4), (3, 5), (4, 5)] slack 1 faces [(0, 3, 5), (1, 4, 5), (3, 4, 5)] twoF [] partners {}
ROW ('F', 'F', 'O1', 'O1b', 'O1b', 'O1b') [(0, 1), (0, 3), (1, 3), (2, 5), (3, 4), (3, 5), (4, 5)] slack 0 faces [(0, 1, 3), (3, 4, 5)] twoF [(0, 1, 3)] partners {}
ROW ('F', 'F', 'O1', 'O1b', 'O1b', 'O1b') [(0, 1), (0, 4), (1, 4), (2, 5), (3, 4), (3, 5), (4, 5)] slack 0 faces [(0, 1, 4), (3, 4, 5)] twoF [(0, 1, 4)] partners {}
ROW ('F', 'F', 'O1', 'O1b', 'O1b', 'O1b') [(0, 3), (0, 5), (1, 3), (1, 4), (2, 5), (3, 4), (3, 5), (4, 5)] slack 1 faces [(0, 3, 5), (1, 3, 4), (3, 4, 5)] twoF [] partners {}
ROW ('F', 'F', 'O1', 'O1b', 'O1b', 'O1b') [(0, 4), (0, 5), (1, 3), (1, 4), (2, 5), (3, 4), (3, 5), (4, 5)] slack 1 faces [(0, 4, 5), (1, 3, 4), (3, 4, 5)] twoF [] partners {}
ROW ('F', 'F', 'O1', 'O1b', 'O1b', 'O1b') [(0, 1), (0, 5), (1, 5), (2, 5), (3, 4), (3, 5), (4, 5)] slack 0 faces [(0, 1, 5), (3, 4, 5)] twoF [(0, 1, 5)] partners {}
ROW ('F', 'F', 'O1', 'O1b', 'O1b', 'O1b') [(0, 3), (0, 4), (1, 3), (1, 5), (2, 5), (3, 4), (3, 5), (4, 5)] slack 1 faces [(0, 3, 4), (1, 3, 5), (3, 4, 5)] twoF [] partners {}
ROW ('F', 'F', 'O1', 'O1b', 'O1b', 'O1b') [(0, 4), (0, 5), (1, 3), (1, 5), (2, 5), (3, 4), (3, 5), (4, 5)] slack 1 faces [(0, 4, 5), (1, 3, 5), (3, 4, 5)] twoF [] partners {}
ROW ('F', 'F', 'O1', 'O1b', 'O1b', 'O1b') [(0, 3), (0, 4), (1, 4), (1, 5), (2, 5), (3, 4), (3, 5), (4, 5)] slack 1 faces [(0, 3, 4), (1, 4, 5), (3, 4, 5)] twoF [] partners {}
ROW ('F', 'F', 'O1', 'O1b', 'O1b', 'O1b') [(0, 3), (0, 5), (1, 4), (1, 5), (2, 5), (3, 4), (3, 5), (4, 5)] slack 1 faces [(0, 3, 5), (1, 4, 5), (3, 4, 5)] twoF [] partners {}
ROW ('F', 'F', 'O1b', 'O1b', 'O1b', 'O1b') [(0, 2), (0, 3), (0, 4), (0, 5), (1, 2), (1, 3), (1, 4), (1, 5), (2, 5), (3, 4)] slack 0 faces [(0, 2, 5), (0, 3, 4), (1, 2, 5), (1, 3, 4)] twoF [] partners {}
ROW ('F', 'F', 'O1b', 'O1b', 'O1b', 'O1b') [(0, 2), (0, 4), (1, 2), (1, 3), (2, 3), (2, 4), (2, 5), (3, 4)] slack 0 faces [(0, 2, 4), (1, 2, 3), (2, 3, 4)] twoF [] partners {}
ROW ('F', 'F', 'O1b', 'O1b', 'O1b', 'O1b') [(0, 3), (0, 4), (1, 2), (1, 3), (2, 3), (2, 4), (2, 5), (3, 4)] slack 0 faces [(0, 3, 4), (1, 2, 3), (2, 3, 4)] twoF [] partners {}
ROW ('F', 'F', 'O1b', 'O1b', 'O1b', 'O1b') [(0, 2), (0, 5), (1, 2), (1, 3), (2, 3), (2, 4), (2, 5), (3, 4)] slack 0 faces [(0, 2, 5), (1, 2, 3), (2, 3, 4)] twoF [] partners {}
ROW ('F', 'F', 'O1b', 'O1b', 'O1b', 'O1b') [(0, 2), (0, 3), (1, 2), (1, 4), (2, 3), (2, 4), (2, 5), (3, 4)] slack 0 faces [(0, 2, 3), (1, 2, 4), (2, 3, 4)] twoF [] partners {}
ROW ('F', 'F', 'O1b', 'O1b', 'O1b', 'O1b') [(0, 3), (0, 4), (1, 2), (1, 4), (2, 3), (2, 4), (2, 5), (3, 4)] slack 0 faces [(0, 3, 4), (1, 2, 4), (2, 3, 4)] twoF [] partners {}
ROW ('F', 'F', 'O1b', 'O1b', 'O1b', 'O1b') [(0, 2), (0, 5), (1, 2), (1, 4), (2, 3), (2, 4), (2, 5), (3, 4)] slack 0 faces [(0, 2, 5), (1, 2, 4), (2, 3, 4)] twoF [] partners {}
ROW ('F', 'F', 'O1b', 'O1b', 'O1b', 'O1b') [(0, 2), (0, 3), (1, 3), (1, 4), (2, 3), (2, 4), (2, 5), (3, 4)] slack 0 faces [(0, 2, 3), (1, 3, 4), (2, 3, 4)] twoF [] partners {}
ROW ('F', 'F', 'O1b', 'O1b', 'O1b', 'O1b') [(0, 2), (0, 4), (1, 3), (1, 4), (2, 3), (2, 4), (2, 5), (3, 4)] slack 0 faces [(0, 2, 4), (1, 3, 4), (2, 3, 4)] twoF [] partners {}
ROW ('F', 'F', 'O1b', 'O1b', 'O1b', 'O1b') [(0, 2), (0, 5), (1, 3), (1, 4), (2, 3), (2, 4), (2, 5), (3, 4)] slack 0 faces [(0, 2, 5), (1, 3, 4), (2, 3, 4)] twoF [] partners {}
ROW ('F', 'F', 'O1b', 'O1b', 'O1b', 'O1b') [(0, 2), (0, 3), (1, 2), (1, 5), (2, 3), (2, 4), (2, 5), (3, 4)] slack 0 faces [(0, 2, 3), (1, 2, 5), (2, 3, 4)] twoF [] partners {}
ROW ('F', 'F', 'O1b', 'O1b', 'O1b', 'O1b') [(0, 2), (0, 4), (1, 2), (1, 5), (2, 3), (2, 4), (2, 5), (3, 4)] slack 0 faces [(0, 2, 4), (1, 2, 5), (2, 3, 4)] twoF [] partners {}
ROW ('F', 'F', 'O1b', 'O1b', 'O1b', 'O1b') [(0, 3), (0, 4), (1, 2), (1, 5), (2, 3), (2, 4), (2, 5), (3, 4)] slack 0 faces [(0, 3, 4), (1, 2, 5), (2, 3, 4)] twoF [] partners {}
ROW ('F', 'F', 'O1b', 'O1b', 'O1b', 'O1b') [(0, 2), (0, 5), (1, 2), (1, 5), (2, 3), (2, 4), (2, 5), (3, 4)] slack 0 faces [(0, 2, 5), (1, 2, 5), (2, 3, 4)] twoF [] partners {}
ROW ('F', 'F', 'O1b', 'O1b', 'O1b', 'O1b') [(0, 2), (0, 3), (0, 4), (0, 5), (1, 2), (1, 3), (1, 4), (1, 5), (2, 4), (3, 5)] slack 0 faces [(0, 2, 4), (0, 3, 5), (1, 2, 4), (1, 3, 5)] twoF [] partners {}
ROW ('F', 'F', 'O1b', 'O1b', 'O1b', 'O1b') [(0, 2), (0, 4), (1, 2), (1, 3), (2, 3), (2, 4), (2, 5), (3, 5)] slack 0 faces [(0, 2, 4), (1, 2, 3), (2, 3, 5)] twoF [] partners {}
ROW ('F', 'F', 'O1b', 'O1b', 'O1b', 'O1b') [(0, 2), (0, 5), (1, 2), (1, 3), (2, 3), (2, 4), (2, 5), (3, 5)] slack 0 faces [(0, 2, 5), (1, 2, 3), (2, 3, 5)] twoF [] partners {}
ROW ('F', 'F', 'O1b', 'O1b', 'O1b', 'O1b') [(0, 3), (0, 5), (1, 2), (1, 3), (2, 3), (2, 4), (2, 5), (3, 5)] slack 0 faces [(0, 3, 5), (1, 2, 3), (2, 3, 5)] twoF [] partners {}
ROW ('F', 'F', 'O1b', 'O1b', 'O1b', 'O1b') [(0, 2), (0, 3), (1, 2), (1, 4), (2, 3), (2, 4), (2, 5), (3, 5)] slack 0 faces [(0, 2, 3), (1, 2, 4), (2, 3, 5)] twoF [] partners {}
ROW ('F', 'F', 'O1b', 'O1b', 'O1b', 'O1b') [(0, 2), (0, 4), (1, 2), (1, 4), (2, 3), (2, 4), (2, 5), (3, 5)] slack 0 faces [(0, 2, 4), (1, 2, 4), (2, 3, 5)] twoF [] partners {}
ROW ('F', 'F', 'O1b', 'O1b', 'O1b', 'O1b') [(0, 2), (0, 5), (1, 2), (1, 4), (2, 3), (2, 4), (2, 5), (3, 5)] slack 0 faces [(0, 2, 5), (1, 2, 4), (2, 3, 5)] twoF [] partners {}
ROW ('F', 'F', 'O1b', 'O1b', 'O1b', 'O1b') [(0, 3), (0, 5), (1, 2), (1, 4), (2, 3), (2, 4), (2, 5), (3, 5)] slack 0 faces [(0, 3, 5), (1, 2, 4), (2, 3, 5)] twoF [] partners {}
ROW ('F', 'F', 'O1b', 'O1b', 'O1b', 'O1b') [(0, 2), (0, 3), (1, 2), (1, 5), (2, 3), (2, 4), (2, 5), (3, 5)] slack 0 faces [(0, 2, 3), (1, 2, 5), (2, 3, 5)] twoF [] partners {}
ROW ('F', 'F', 'O1b', 'O1b', 'O1b', 'O1b') [(0, 2), (0, 4), (1, 2), (1, 5), (2, 3), (2, 4), (2, 5), (3, 5)] slack 0 faces [(0, 2, 4), (1, 2, 5), (2, 3, 5)] twoF [] partners {}
ROW ('F', 'F', 'O1b', 'O1b', 'O1b', 'O1b') [(0, 3), (0, 5), (1, 2), (1, 5), (2, 3), (2, 4), (2, 5), (3, 5)] slack 0 faces [(0, 3, 5), (1, 2, 5), (2, 3, 5)] twoF [] partners {}
ROW ('F', 'F', 'O1b', 'O1b', 'O1b', 'O1b') [(0, 2), (0, 3), (1, 3), (1, 5), (2, 3), (2, 4), (2, 5), (3, 5)] slack 0 faces [(0, 2, 3), (1, 3, 5), (2, 3, 5)] twoF [] partners {}
ROW ('F', 'F', 'O1b', 'O1b', 'O1b', 'O1b') [(0, 2), (0, 4), (1, 3), (1, 5), (2, 3), (2, 4), (2, 5), (3, 5)] slack 0 faces [(0, 2, 4), (1, 3, 5), (2, 3, 5)] twoF [] partners {}
ROW ('F', 'F', 'O1b', 'O1b', 'O1b', 'O1b') [(0, 2), (0, 5), (1, 3), (1, 5), (2, 3), (2, 4), (2, 5), (3, 5)] slack 0 faces [(0, 2, 5), (1, 3, 5), (2, 3, 5)] twoF [] partners {}
ROW ('F', 'F', 'O1b', 'O1b', 'O1b', 'O1b') [(0, 2), (0, 4), (1, 2), (1, 3), (2, 3), (2, 4), (3, 4), (3, 5)] slack 0 faces [(0, 2, 4), (1, 2, 3), (2, 3, 4)] twoF [] partners {}
ROW ('F', 'F', 'O1b', 'O1b', 'O1b', 'O1b') [(0, 3), (0, 4), (1, 2), (1, 3), (2, 3), (2, 4), (3, 4), (3, 5)] slack 0 faces [(0, 3, 4), (1, 2, 3), (2, 3, 4)] twoF [] partners {}
ROW ('F', 'F', 'O1b', 'O1b', 'O1b', 'O1b') [(0, 3), (0, 5), (1, 2), (1, 3), (2, 3), (2, 4), (3, 4), (3, 5)] slack 0 faces [(0, 3, 5), (1, 2, 3), (2, 3, 4)] twoF [] partners {}
ROW ('F', 'F', 'O1b', 'O1b', 'O1b', 'O1b') [(0, 2), (0, 3), (1, 2), (1, 4), (2, 3), (2, 4), (3, 4), (3, 5)] slack 0 faces [(0, 2, 3), (1, 2, 4), (2, 3, 4)] twoF [] partners {}
ROW ('F', 'F', 'O1b', 'O1b', 'O1b', 'O1b') [(0, 3), (0, 4), (1, 2), (1, 4), (2, 3), (2, 4), (3, 4), (3, 5)] slack 0 faces [(0, 3, 4), (1, 2, 4), (2, 3, 4)] twoF [] partners {}
ROW ('F', 'F', 'O1b', 'O1b', 'O1b', 'O1b') [(0, 3), (0, 5), (1, 2), (1, 4), (2, 3), (2, 4), (3, 4), (3, 5)] slack 0 faces [(0, 3, 5), (1, 2, 4), (2, 3, 4)] twoF [] partners {}
ROW ('F', 'F', 'O1b', 'O1b', 'O1b', 'O1b') [(0, 2), (0, 3), (1, 3), (1, 4), (2, 3), (2, 4), (3, 4), (3, 5)] slack 0 faces [(0, 2, 3), (1, 3, 4), (2, 3, 4)] twoF [] partners {}
ROW ('F', 'F', 'O1b', 'O1b', 'O1b', 'O1b') [(0, 2), (0, 4), (1, 3), (1, 4), (2, 3), (2, 4), (3, 4), (3, 5)] slack 0 faces [(0, 2, 4), (1, 3, 4), (2, 3, 4)] twoF [] partners {}
ROW ('F', 'F', 'O1b', 'O1b', 'O1b', 'O1b') [(0, 3), (0, 5), (1, 3), (1, 4), (2, 3), (2, 4), (3, 4), (3, 5)] slack 0 faces [(0, 3, 5), (1, 3, 4), (2, 3, 4)] twoF [] partners {}
ROW ('F', 'F', 'O1b', 'O1b', 'O1b', 'O1b') [(0, 2), (0, 3), (1, 3), (1, 5), (2, 3), (2, 4), (3, 4), (3, 5)] slack 0 faces [(0, 2, 3), (1, 3, 5), (2, 3, 4)] twoF [] partners {}
ROW ('F', 'F', 'O1b', 'O1b', 'O1b', 'O1b') [(0, 2), (0, 4), (1, 3), (1, 5), (2, 3), (2, 4), (3, 4), (3, 5)] slack 0 faces [(0, 2, 4), (1, 3, 5), (2, 3, 4)] twoF [] partners {}
ROW ('F', 'F', 'O1b', 'O1b', 'O1b', 'O1b') [(0, 3), (0, 4), (1, 3), (1, 5), (2, 3), (2, 4), (3, 4), (3, 5)] slack 0 faces [(0, 3, 4), (1, 3, 5), (2, 3, 4)] twoF [] partners {}
ROW ('F', 'F', 'O1b', 'O1b', 'O1b', 'O1b') [(0, 3), (0, 5), (1, 3), (1, 5), (2, 3), (2, 4), (3, 4), (3, 5)] slack 0 faces [(0, 3, 5), (1, 3, 5), (2, 3, 4)] twoF [] partners {}
ROW ('F', 'F', 'O1b', 'O1b', 'O1b', 'O1b') [(0, 3), (0, 4), (1, 2), (1, 3), (2, 3), (2, 5), (3, 4), (3, 5)] slack 0 faces [(0, 3, 4), (1, 2, 3), (2, 3, 5)] twoF [] partners {}
ROW ('F', 'F', 'O1b', 'O1b', 'O1b', 'O1b') [(0, 2), (0, 5), (1, 2), (1, 3), (2, 3), (2, 5), (3, 4), (3, 5)] slack 0 faces [(0, 2, 5), (1, 2, 3), (2, 3, 5)] twoF [] partners {}
ROW ('F', 'F', 'O1b', 'O1b', 'O1b', 'O1b') [(0, 3), (0, 5), (1, 2), (1, 3), (2, 3), (2, 5), (3, 4), (3, 5)] slack 0 faces [(0, 3, 5), (1, 2, 3), (2, 3, 5)] twoF [] partners {}
ROW ('F', 'F', 'O1b', 'O1b', 'O1b', 'O1b') [(0, 2), (0, 3), (1, 3), (1, 4), (2, 3), (2, 5), (3, 4), (3, 5)] slack 0 faces [(0, 2, 3), (1, 3, 4), (2, 3, 5)] twoF [] partners {}
ROW ('F', 'F', 'O1b', 'O1b', 'O1b', 'O1b') [(0, 3), (0, 4), (1, 3), (1, 4), (2, 3), (2, 5), (3, 4), (3, 5)] slack 0 faces [(0, 3, 4), (1, 3, 4), (2, 3, 5)] twoF [] partners {}
ROW ('F', 'F', 'O1b', 'O1b', 'O1b', 'O1b') [(0, 2), (0, 5), (1, 3), (1, 4), (2, 3), (2, 5), (3, 4), (3, 5)] slack 0 faces [(0, 2, 5), (1, 3, 4), (2, 3, 5)] twoF [] partners {}
ROW ('F', 'F', 'O1b', 'O1b', 'O1b', 'O1b') [(0, 3), (0, 5), (1, 3), (1, 4), (2, 3), (2, 5), (3, 4), (3, 5)] slack 0 faces [(0, 3, 5), (1, 3, 4), (2, 3, 5)] twoF [] partners {}
ROW ('F', 'F', 'O1b', 'O1b', 'O1b', 'O1b') [(0, 2), (0, 3), (1, 2), (1, 5), (2, 3), (2, 5), (3, 4), (3, 5)] slack 0 faces [(0, 2, 3), (1, 2, 5), (2, 3, 5)] twoF [] partners {}
ROW ('F', 'F', 'O1b', 'O1b', 'O1b', 'O1b') [(0, 3), (0, 4), (1, 2), (1, 5), (2, 3), (2, 5), (3, 4), (3, 5)] slack 0 faces [(0, 3, 4), (1, 2, 5), (2, 3, 5)] twoF [] partners {}
ROW ('F', 'F', 'O1b', 'O1b', 'O1b', 'O1b') [(0, 3), (0, 5), (1, 2), (1, 5), (2, 3), (2, 5), (3, 4), (3, 5)] slack 0 faces [(0, 3, 5), (1, 2, 5), (2, 3, 5)] twoF [] partners {}
ROW ('F', 'F', 'O1b', 'O1b', 'O1b', 'O1b') [(0, 2), (0, 3), (1, 3), (1, 5), (2, 3), (2, 5), (3, 4), (3, 5)] slack 0 faces [(0, 2, 3), (1, 3, 5), (2, 3, 5)] twoF [] partners {}
ROW ('F', 'F', 'O1b', 'O1b', 'O1b', 'O1b') [(0, 3), (0, 4), (1, 3), (1, 5), (2, 3), (2, 5), (3, 4), (3, 5)] slack 0 faces [(0, 3, 4), (1, 3, 5), (2, 3, 5)] twoF [] partners {}
ROW ('F', 'F', 'O1b', 'O1b', 'O1b', 'O1b') [(0, 2), (0, 5), (1, 3), (1, 5), (2, 3), (2, 5), (3, 4), (3, 5)] slack 0 faces [(0, 2, 5), (1, 3, 5), (2, 3, 5)] twoF [] partners {}
ROW ('F', 'F', 'O1b', 'O1b', 'O1b', 'O1b') [(0, 2), (0, 4), (1, 2), (1, 4), (2, 4), (2, 5), (3, 4), (3, 5)] slack 0 faces [(0, 2, 4), (1, 2, 4)] twoF [] partners {}
ROW ('F', 'F', 'O1b', 'O1b', 'O1b', 'O1b') [(0, 3), (0, 4), (1, 2), (1, 4), (2, 4), (2, 5), (3, 4), (3, 5)] slack 0 faces [(0, 3, 4), (1, 2, 4)] twoF [] partners {}
ROW ('F', 'F', 'O1b', 'O1b', 'O1b', 'O1b') [(0, 2), (0, 5), (1, 2), (1, 4), (2, 4), (2, 5), (3, 4), (3, 5)] slack 0 faces [(0, 2, 5), (1, 2, 4)] twoF [] partners {}
ROW ('F', 'F', 'O1b', 'O1b', 'O1b', 'O1b') [(0, 3), (0, 5), (1, 2), (1, 4), (2, 4), (2, 5), (3, 4), (3, 5)] slack 0 faces [(0, 3, 5), (1, 2, 4)] twoF [] partners {}
ROW ('F', 'F', 'O1b', 'O1b', 'O1b', 'O1b') [(0, 2), (0, 4), (1, 3), (1, 4), (2, 4), (2, 5), (3, 4), (3, 5)] slack 0 faces [(0, 2, 4), (1, 3, 4)] twoF [] partners {}
ROW ('F', 'F', 'O1b', 'O1b', 'O1b', 'O1b') [(0, 3), (0, 4), (1, 3), (1, 4), (2, 4), (2, 5), (3, 4), (3, 5)] slack 0 faces [(0, 3, 4), (1, 3, 4)] twoF [] partners {}
ROW ('F', 'F', 'O1b', 'O1b', 'O1b', 'O1b') [(0, 2), (0, 5), (1, 3), (1, 4), (2, 4), (2, 5), (3, 4), (3, 5)] slack 0 faces [(0, 2, 5), (1, 3, 4)] twoF [] partners {}
ROW ('F', 'F', 'O1b', 'O1b', 'O1b', 'O1b') [(0, 3), (0, 5), (1, 3), (1, 4), (2, 4), (2, 5), (3, 4), (3, 5)] slack 0 faces [(0, 3, 5), (1, 3, 4)] twoF [] partners {}
ROW ('F', 'F', 'O1b', 'O1b', 'O1b', 'O1b') [(0, 2), (0, 4), (1, 2), (1, 5), (2, 4), (2, 5), (3, 4), (3, 5)] slack 0 faces [(0, 2, 4), (1, 2, 5)] twoF [] partners {}
ROW ('F', 'F', 'O1b', 'O1b', 'O1b', 'O1b') [(0, 3), (0, 4), (1, 2), (1, 5), (2, 4), (2, 5), (3, 4), (3, 5)] slack 0 faces [(0, 3, 4), (1, 2, 5)] twoF [] partners {}
ROW ('F', 'F', 'O1b', 'O1b', 'O1b', 'O1b') [(0, 2), (0, 5), (1, 2), (1, 5), (2, 4), (2, 5), (3, 4), (3, 5)] slack 0 faces [(0, 2, 5), (1, 2, 5)] twoF [] partners {}
ROW ('F', 'F', 'O1b', 'O1b', 'O1b', 'O1b') [(0, 3), (0, 5), (1, 2), (1, 5), (2, 4), (2, 5), (3, 4), (3, 5)] slack 0 faces [(0, 3, 5), (1, 2, 5)] twoF [] partners {}
ROW ('F', 'F', 'O1b', 'O1b', 'O1b', 'O1b') [(0, 2), (0, 4), (1, 3), (1, 5), (2, 4), (2, 5), (3, 4), (3, 5)] slack 0 faces [(0, 2, 4), (1, 3, 5)] twoF [] partners {}
ROW ('F', 'F', 'O1b', 'O1b', 'O1b', 'O1b') [(0, 3), (0, 4), (1, 3), (1, 5), (2, 4), (2, 5), (3, 4), (3, 5)] slack 0 faces [(0, 3, 4), (1, 3, 5)] twoF [] partners {}
ROW ('F', 'F', 'O1b', 'O1b', 'O1b', 'O1b') [(0, 2), (0, 5), (1, 3), (1, 5), (2, 4), (2, 5), (3, 4), (3, 5)] slack 0 faces [(0, 2, 5), (1, 3, 5)] twoF [] partners {}
ROW ('F', 'F', 'O1b', 'O1b', 'O1b', 'O1b') [(0, 3), (0, 5), (1, 3), (1, 5), (2, 4), (2, 5), (3, 4), (3, 5)] slack 0 faces [(0, 3, 5), (1, 3, 5)] twoF [] partners {}
ROW ('F', 'F', 'O1b', 'O1b', 'O1b', 'O1b') [(0, 1), (0, 2), (1, 2), (2, 3), (2, 4), (2, 5), (3, 4), (3, 5)] slack 0 faces [(0, 1, 2), (2, 3, 4), (2, 3, 5)] twoF [(0, 1, 2)] partners {}
ROW ('F', 'F', 'O1b', 'O1b', 'O1b', 'O1b') [(0, 1), (0, 3), (1, 3), (2, 3), (2, 4), (2, 5), (3, 4), (3, 5)] slack 0 faces [(0, 1, 3), (2, 3, 4), (2, 3, 5)] twoF [(0, 1, 3)] partners {}
ROW ('F', 'F', 'O1b', 'O1b', 'O1b', 'O1b') [(0, 1), (0, 4), (1, 4), (2, 3), (2, 4), (2, 5), (3, 4), (3, 5)] slack 0 faces [(0, 1, 4), (2, 3, 4), (2, 3, 5)] twoF [(0, 1, 4)] partners {}
ROW ('F', 'F', 'O1b', 'O1b', 'O1b', 'O1b') [(0, 3), (0, 4), (1, 2), (1, 4), (2, 3), (2, 4), (2, 5), (3, 4), (3, 5)] slack 1 faces [(0, 3, 4), (1, 2, 4), (2, 3, 4), (2, 3, 5)] twoF [] partners {}
ROW ('F', 'F', 'O1b', 'O1b', 'O1b', 'O1b') [(0, 2), (0, 5), (1, 2), (1, 4), (2, 3), (2, 4), (2, 5), (3, 4), (3, 5)] slack 1 faces [(0, 2, 5), (1, 2, 4), (2, 3, 4), (2, 3, 5)] twoF [] partners {}
ROW ('F', 'F', 'O1b', 'O1b', 'O1b', 'O1b') [(0, 3), (0, 5), (1, 2), (1, 4), (2, 3), (2, 4), (2, 5), (3, 4), (3, 5)] slack 1 faces [(0, 3, 5), (1, 2, 4), (2, 3, 4), (2, 3, 5)] twoF [] partners {}
ROW ('F', 'F', 'O1b', 'O1b', 'O1b', 'O1b') [(0, 4), (0, 5), (1, 2), (1, 4), (2, 3), (2, 4), (2, 5), (3, 4), (3, 5)] slack 0 faces [(0, 4, 5), (1, 2, 4), (2, 3, 4), (2, 3, 5)] twoF [] partners {}
ROW ('F', 'F', 'O1b', 'O1b', 'O1b', 'O1b') [(0, 2), (0, 4), (1, 3), (1, 4), (2, 3), (2, 4), (2, 5), (3, 4), (3, 5)] slack 1 faces [(0, 2, 4), (1, 3, 4), (2, 3, 4), (2, 3, 5)] twoF [] partners {}
ROW ('F', 'F', 'O1b', 'O1b', 'O1b', 'O1b') [(0, 2), (0, 5), (1, 3), (1, 4), (2, 3), (2, 4), (2, 5), (3, 4), (3, 5)] slack 1 faces [(0, 2, 5), (1, 3, 4), (2, 3, 4), (2, 3, 5)] twoF [] partners {}
ROW ('F', 'F', 'O1b', 'O1b', 'O1b', 'O1b') [(0, 3), (0, 5), (1, 3), (1, 4), (2, 3), (2, 4), (2, 5), (3, 4), (3, 5)] slack 1 faces [(0, 3, 5), (1, 3, 4), (2, 3, 4), (2, 3, 5)] twoF [] partners {}
ROW ('F', 'F', 'O1b', 'O1b', 'O1b', 'O1b') [(0, 4), (0, 5), (1, 3), (1, 4), (2, 3), (2, 4), (2, 5), (3, 4), (3, 5)] slack 0 faces [(0, 4, 5), (1, 3, 4), (2, 3, 4), (2, 3, 5)] twoF [] partners {}
ROW ('F', 'F', 'O1b', 'O1b', 'O1b', 'O1b') [(0, 1), (0, 5), (1, 5), (2, 3), (2, 4), (2, 5), (3, 4), (3, 5)] slack 0 faces [(0, 1, 5), (2, 3, 4), (2, 3, 5)] twoF [(0, 1, 5)] partners {}
ROW ('F', 'F', 'O1b', 'O1b', 'O1b', 'O1b') [(0, 2), (0, 4), (1, 2), (1, 5), (2, 3), (2, 4), (2, 5), (3, 4), (3, 5)] slack 1 faces [(0, 2, 4), (1, 2, 5), (2, 3, 4), (2, 3, 5)] twoF [] partners {}
ROW ('F', 'F', 'O1b', 'O1b', 'O1b', 'O1b') [(0, 3), (0, 4), (1, 2), (1, 5), (2, 3), (2, 4), (2, 5), (3, 4), (3, 5)] slack 1 faces [(0, 3, 4), (1, 2, 5), (2, 3, 4), (2, 3, 5)] twoF [] partners {}
ROW ('F', 'F', 'O1b', 'O1b', 'O1b', 'O1b') [(0, 3), (0, 5), (1, 2), (1, 5), (2, 3), (2, 4), (2, 5), (3, 4), (3, 5)] slack 1 faces [(0, 3, 5), (1, 2, 5), (2, 3, 4), (2, 3, 5)] twoF [] partners {}
ROW ('F', 'F', 'O1b', 'O1b', 'O1b', 'O1b') [(0, 4), (0, 5), (1, 2), (1, 5), (2, 3), (2, 4), (2, 5), (3, 4), (3, 5)] slack 0 faces [(0, 4, 5), (1, 2, 5), (2, 3, 4), (2, 3, 5)] twoF [] partners {}
ROW ('F', 'F', 'O1b', 'O1b', 'O1b', 'O1b') [(0, 2), (0, 4), (1, 3), (1, 5), (2, 3), (2, 4), (2, 5), (3, 4), (3, 5)] slack 1 faces [(0, 2, 4), (1, 3, 5), (2, 3, 4), (2, 3, 5)] twoF [] partners {}
ROW ('F', 'F', 'O1b', 'O1b', 'O1b', 'O1b') [(0, 3), (0, 4), (1, 3), (1, 5), (2, 3), (2, 4), (2, 5), (3, 4), (3, 5)] slack 1 faces [(0, 3, 4), (1, 3, 5), (2, 3, 4), (2, 3, 5)] twoF [] partners {}
ROW ('F', 'F', 'O1b', 'O1b', 'O1b', 'O1b') [(0, 2), (0, 5), (1, 3), (1, 5), (2, 3), (2, 4), (2, 5), (3, 4), (3, 5)] slack 1 faces [(0, 2, 5), (1, 3, 5), (2, 3, 4), (2, 3, 5)] twoF [] partners {}
ROW ('F', 'F', 'O1b', 'O1b', 'O1b', 'O1b') [(0, 4), (0, 5), (1, 3), (1, 5), (2, 3), (2, 4), (2, 5), (3, 4), (3, 5)] slack 0 faces [(0, 4, 5), (1, 3, 5), (2, 3, 4), (2, 3, 5)] twoF [] partners {}
ROW ('F', 'F', 'O1b', 'O1b', 'O1b', 'O1b') [(0, 2), (0, 4), (1, 4), (1, 5), (2, 3), (2, 4), (2, 5), (3, 4), (3, 5)] slack 0 faces [(0, 2, 4), (1, 4, 5), (2, 3, 4), (2, 3, 5)] twoF [] partners {}
ROW ('F', 'F', 'O1b', 'O1b', 'O1b', 'O1b') [(0, 3), (0, 4), (1, 4), (1, 5), (2, 3), (2, 4), (2, 5), (3, 4), (3, 5)] slack 0 faces [(0, 3, 4), (1, 4, 5), (2, 3, 4), (2, 3, 5)] twoF [] partners {}
ROW ('F', 'F', 'O1b', 'O1b', 'O1b', 'O1b') [(0, 2), (0, 5), (1, 4), (1, 5), (2, 3), (2, 4), (2, 5), (3, 4), (3, 5)] slack 0 faces [(0, 2, 5), (1, 4, 5), (2, 3, 4), (2, 3, 5)] twoF [] partners {}
ROW ('F', 'F', 'O1b', 'O1b', 'O1b', 'O1b') [(0, 3), (0, 5), (1, 4), (1, 5), (2, 3), (2, 4), (2, 5), (3, 4), (3, 5)] slack 0 faces [(0, 3, 5), (1, 4, 5), (2, 3, 4), (2, 3, 5)] twoF [] partners {}
ROW ('F', 'F', 'O1b', 'O1b', 'O1b', 'O1b') [(0, 4), (0, 5), (1, 4), (1, 5), (2, 3), (2, 4), (2, 5), (3, 4), (3, 5)] slack 0 faces [(0, 4, 5), (1, 4, 5), (2, 3, 4), (2, 3, 5)] twoF [] partners {}
ROW ('F', 'F', 'O1b', 'O1b', 'O1b', 'O1b') [(0, 2), (0, 3), (0, 4), (0, 5), (1, 2), (1, 3), (1, 4), (1, 5), (2, 3), (4, 5)] slack 0 faces [(0, 2, 3), (0, 4, 5), (1, 2, 3), (1, 4, 5)] twoF [] partners {}
ROW ('F', 'F', 'O1b', 'O1b', 'O1b', 'O1b') [(0, 2), (0, 3), (1, 2), (1, 3), (2, 3), (2, 4), (2, 5), (4, 5)] slack 0 faces [(0, 2, 3), (1, 2, 3), (2, 4, 5)] twoF [] partners {}
ROW ('F', 'F', 'O1b', 'O1b', 'O1b', 'O1b') [(0, 2), (0, 4), (1, 2), (1, 3), (2, 3), (2, 4), (2, 5), (4, 5)] slack 0 faces [(0, 2, 4), (1, 2, 3), (2, 4, 5)] twoF [] partners {}
ROW ('F', 'F', 'O1b', 'O1b', 'O1b', 'O1b') [(0, 2), (0, 5), (1, 2), (1, 3), (2, 3), (2, 4), (2, 5), (4, 5)] slack 0 faces [(0, 2, 5), (1, 2, 3), (2, 4, 5)] twoF [] partners {}
ROW ('F', 'F', 'O1b', 'O1b', 'O1b', 'O1b') [(0, 4), (0, 5), (1, 2), (1, 3), (2, 3), (2, 4), (2, 5), (4, 5)] slack 0 faces [(0, 4, 5), (1, 2, 3), (2, 4, 5)] twoF [] partners {}
ROW ('F', 'F', 'O1b', 'O1b', 'O1b', 'O1b') [(0, 2), (0, 3), (1, 2), (1, 4), (2, 3), (2, 4), (2, 5), (4, 5)] slack 0 faces [(0, 2, 3), (1, 2, 4), (2, 4, 5)] twoF [] partners {}
ROW ('F', 'F', 'O1b', 'O1b', 'O1b', 'O1b') [(0, 2), (0, 5), (1, 2), (1, 4), (2, 3), (2, 4), (2, 5), (4, 5)] slack 0 faces [(0, 2, 5), (1, 2, 4), (2, 4, 5)] twoF [] partners {}
ROW ('F', 'F', 'O1b', 'O1b', 'O1b', 'O1b') [(0, 4), (0, 5), (1, 2), (1, 4), (2, 3), (2, 4), (2, 5), (4, 5)] slack 0 faces [(0, 4, 5), (1, 2, 4), (2, 4, 5)] twoF [] partners {}
ROW ('F', 'F', 'O1b', 'O1b', 'O1b', 'O1b') [(0, 2), (0, 3), (1, 2), (1, 5), (2, 3), (2, 4), (2, 5), (4, 5)] slack 0 faces [(0, 2, 3), (1, 2, 5), (2, 4, 5)] twoF [] partners {}
ROW ('F', 'F', 'O1b', 'O1b', 'O1b', 'O1b') [(0, 2), (0, 4), (1, 2), (1, 5), (2, 3), (2, 4), (2, 5), (4, 5)] slack 0 faces [(0, 2, 4), (1, 2, 5), (2, 4, 5)] twoF [] partners {}
ROW ('F', 'F', 'O1b', 'O1b', 'O1b', 'O1b') [(0, 4), (0, 5), (1, 2), (1, 5), (2, 3), (2, 4), (2, 5), (4, 5)] slack 0 faces [(0, 4, 5), (1, 2, 5), (2, 4, 5)] twoF [] partners {}
ROW ('F', 'F', 'O1b', 'O1b', 'O1b', 'O1b') [(0, 2), (0, 3), (1, 4), (1, 5), (2, 3), (2, 4), (2, 5), (4, 5)] slack 0 faces [(0, 2, 3), (1, 4, 5), (2, 4, 5)] twoF [] partners {}
ROW ('F', 'F', 'O1b', 'O1b', 'O1b', 'O1b') [(0, 2), (0, 4), (1, 4), (1, 5), (2, 3), (2, 4), (2, 5), (4, 5)] slack 0 faces [(0, 2, 4), (1, 4, 5), (2, 4, 5)] twoF [] partners {}
ROW ('F', 'F', 'O1b', 'O1b', 'O1b', 'O1b') [(0, 2), (0, 5), (1, 4), (1, 5), (2, 3), (2, 4), (2, 5), (4, 5)] slack 0 faces [(0, 2, 5), (1, 4, 5), (2, 4, 5)] twoF [] partners {}
ROW ('F', 'F', 'O1b', 'O1b', 'O1b', 'O1b') [(0, 2), (0, 4), (1, 2), (1, 3), (2, 3), (2, 4), (3, 4), (4, 5)] slack 0 faces [(0, 2, 4), (1, 2, 3), (2, 3, 4)] twoF [] partners {}
ROW ('F', 'F', 'O1b', 'O1b', 'O1b', 'O1b') [(0, 3), (0, 4), (1, 2), (1, 3), (2, 3), (2, 4), (3, 4), (4, 5)] slack 0 faces [(0, 3, 4), (1, 2, 3), (2, 3, 4)] twoF [] partners {}
ROW ('F', 'F', 'O1b', 'O1b', 'O1b', 'O1b') [(0, 4), (0, 5), (1, 2), (1, 3), (2, 3), (2, 4), (3, 4), (4, 5)] slack 0 faces [(0, 4, 5), (1, 2, 3), (2, 3, 4)] twoF [] partners {}
ROW ('F', 'F', 'O1b', 'O1b', 'O1b', 'O1b') [(0, 2), (0, 3), (1, 2), (1, 4), (2, 3), (2, 4), (3, 4), (4, 5)] slack 0 faces [(0, 2, 3), (1, 2, 4), (2, 3, 4)] twoF [] partners {}
ROW ('F', 'F', 'O1b', 'O1b', 'O1b', 'O1b') [(0, 3), (0, 4), (1, 2), (1, 4), (2, 3), (2, 4), (3, 4), (4, 5)] slack 0 faces [(0, 3, 4), (1, 2, 4), (2, 3, 4)] twoF [] partners {}
ROW ('F', 'F', 'O1b', 'O1b', 'O1b', 'O1b') [(0, 4), (0, 5), (1, 2), (1, 4), (2, 3), (2, 4), (3, 4), (4, 5)] slack 0 faces [(0, 4, 5), (1, 2, 4), (2, 3, 4)] twoF [] partners {}
ROW ('F', 'F', 'O1b', 'O1b', 'O1b', 'O1b') [(0, 2), (0, 3), (1, 3), (1, 4), (2, 3), (2, 4), (3, 4), (4, 5)] slack 0 faces [(0, 2, 3), (1, 3, 4), (2, 3, 4)] twoF [] partners {}
ROW ('F', 'F', 'O1b', 'O1b', 'O1b', 'O1b') [(0, 2), (0, 4), (1, 3), (1, 4), (2, 3), (2, 4), (3, 4), (4, 5)] slack 0 faces [(0, 2, 4), (1, 3, 4), (2, 3, 4)] twoF [] partners {}
ROW ('F', 'F', 'O1b', 'O1b', 'O1b', 'O1b') [(0, 4), (0, 5), (1, 3), (1, 4), (2, 3), (2, 4), (3, 4), (4, 5)] slack 0 faces [(0, 4, 5), (1, 3, 4), (2, 3, 4)] twoF [] partners {}
ROW ('F', 'F', 'O1b', 'O1b', 'O1b', 'O1b') [(0, 2), (0, 3), (1, 4), (1, 5), (2, 3), (2, 4), (3, 4), (4, 5)] slack 0 faces [(0, 2, 3), (1, 4, 5), (2, 3, 4)] twoF [] partners {}
ROW ('F', 'F', 'O1b', 'O1b', 'O1b', 'O1b') [(0, 2), (0, 4), (1, 4), (1, 5), (2, 3), (2, 4), (3, 4), (4, 5)] slack 0 faces [(0, 2, 4), (1, 4, 5), (2, 3, 4)] twoF [] partners {}
ROW ('F', 'F', 'O1b', 'O1b', 'O1b', 'O1b') [(0, 3), (0, 4), (1, 4), (1, 5), (2, 3), (2, 4), (3, 4), (4, 5)] slack 0 faces [(0, 3, 4), (1, 4, 5), (2, 3, 4)] twoF [] partners {}
ROW ('F', 'F', 'O1b', 'O1b', 'O1b', 'O1b') [(0, 4), (0, 5), (1, 4), (1, 5), (2, 3), (2, 4), (3, 4), (4, 5)] slack 0 faces [(0, 4, 5), (1, 4, 5), (2, 3, 4)] twoF [] partners {}
ROW ('F', 'F', 'O1b', 'O1b', 'O1b', 'O1b') [(0, 2), (0, 3), (1, 2), (1, 3), (2, 3), (2, 5), (3, 4), (4, 5)] slack 0 faces [(0, 2, 3), (1, 2, 3)] twoF [] partners {}
ROW ('F', 'F', 'O1b', 'O1b', 'O1b', 'O1b') [(0, 3), (0, 4), (1, 2), (1, 3), (2, 3), (2, 5), (3, 4), (4, 5)] slack 0 faces [(0, 3, 4), (1, 2, 3)] twoF [] partners {}
ROW ('F', 'F', 'O1b', 'O1b', 'O1b', 'O1b') [(0, 2), (0, 5), (1, 2), (1, 3), (2, 3), (2, 5), (3, 4), (4, 5)] slack 0 faces [(0, 2, 5), (1, 2, 3)] twoF [] partners {}
ROW ('F', 'F', 'O1b', 'O1b', 'O1b', 'O1b') [(0, 4), (0, 5), (1, 2), (1, 3), (2, 3), (2, 5), (3, 4), (4, 5)] slack 0 faces [(0, 4, 5), (1, 2, 3)] twoF [] partners {}
ROW ('F', 'F', 'O1b', 'O1b', 'O1b', 'O1b') [(0, 2), (0, 3), (1, 3), (1, 4), (2, 3), (2, 5), (3, 4), (4, 5)] slack 0 faces [(0, 2, 3), (1, 3, 4)] twoF [] partners {}
ROW ('F', 'F', 'O1b', 'O1b', 'O1b', 'O1b') [(0, 3), (0, 4), (1, 3), (1, 4), (2, 3), (2, 5), (3, 4), (4, 5)] slack 0 faces [(0, 3, 4), (1, 3, 4)] twoF [] partners {}
ROW ('F', 'F', 'O1b', 'O1b', 'O1b', 'O1b') [(0, 2), (0, 5), (1, 3), (1, 4), (2, 3), (2, 5), (3, 4), (4, 5)] slack 0 faces [(0, 2, 5), (1, 3, 4)] twoF [] partners {}
ROW ('F', 'F', 'O1b', 'O1b', 'O1b', 'O1b') [(0, 4), (0, 5), (1, 3), (1, 4), (2, 3), (2, 5), (3, 4), (4, 5)] slack 0 faces [(0, 4, 5), (1, 3, 4)] twoF [] partners {}
ROW ('F', 'F', 'O1b', 'O1b', 'O1b', 'O1b') [(0, 2), (0, 3), (1, 2), (1, 5), (2, 3), (2, 5), (3, 4), (4, 5)] slack 0 faces [(0, 2, 3), (1, 2, 5)] twoF [] partners {}
ROW ('F', 'F', 'O1b', 'O1b', 'O1b', 'O1b') [(0, 3), (0, 4), (1, 2), (1, 5), (2, 3), (2, 5), (3, 4), (4, 5)] slack 0 faces [(0, 3, 4), (1, 2, 5)] twoF [] partners {}
ROW ('F', 'F', 'O1b', 'O1b', 'O1b', 'O1b') [(0, 2), (0, 5), (1, 2), (1, 5), (2, 3), (2, 5), (3, 4), (4, 5)] slack 0 faces [(0, 2, 5), (1, 2, 5)] twoF [] partners {}
ROW ('F', 'F', 'O1b', 'O1b', 'O1b', 'O1b') [(0, 4), (0, 5), (1, 2), (1, 5), (2, 3), (2, 5), (3, 4), (4, 5)] slack 0 faces [(0, 4, 5), (1, 2, 5)] twoF [] partners {}
ROW ('F', 'F', 'O1b', 'O1b', 'O1b', 'O1b') [(0, 2), (0, 3), (1, 4), (1, 5), (2, 3), (2, 5), (3, 4), (4, 5)] slack 0 faces [(0, 2, 3), (1, 4, 5)] twoF [] partners {}
ROW ('F', 'F', 'O1b', 'O1b', 'O1b', 'O1b') [(0, 3), (0, 4), (1, 4), (1, 5), (2, 3), (2, 5), (3, 4), (4, 5)] slack 0 faces [(0, 3, 4), (1, 4, 5)] twoF [] partners {}
ROW ('F', 'F', 'O1b', 'O1b', 'O1b', 'O1b') [(0, 2), (0, 5), (1, 4), (1, 5), (2, 3), (2, 5), (3, 4), (4, 5)] slack 0 faces [(0, 2, 5), (1, 4, 5)] twoF [] partners {}
ROW ('F', 'F', 'O1b', 'O1b', 'O1b', 'O1b') [(0, 4), (0, 5), (1, 4), (1, 5), (2, 3), (2, 5), (3, 4), (4, 5)] slack 0 faces [(0, 4, 5), (1, 4, 5)] twoF [] partners {}
ROW ('F', 'F', 'O1b', 'O1b', 'O1b', 'O1b') [(0, 3), (0, 4), (1, 2), (1, 4), (2, 4), (2, 5), (3, 4), (4, 5)] slack 0 faces [(0, 3, 4), (1, 2, 4), (2, 4, 5)] twoF [] partners {}
ROW ('F', 'F', 'O1b', 'O1b', 'O1b', 'O1b') [(0, 2), (0, 5), (1, 2), (1, 4), (2, 4), (2, 5), (3, 4), (4, 5)] slack 0 faces [(0, 2, 5), (1, 2, 4), (2, 4, 5)] twoF [] partners {}
ROW ('F', 'F', 'O1b', 'O1b', 'O1b', 'O1b') [(0, 4), (0, 5), (1, 2), (1, 4), (2, 4), (2, 5), (3, 4), (4, 5)] slack 0 faces [(0, 4, 5), (1, 2, 4), (2, 4, 5)] twoF [] partners {}
ROW ('F', 'F', 'O1b', 'O1b', 'O1b', 'O1b') [(0, 2), (0, 4), (1, 3), (1, 4), (2, 4), (2, 5), (3, 4), (4, 5)] slack 0 faces [(0, 2, 4), (1, 3, 4), (2, 4, 5)] twoF [] partners {}
ROW ('F', 'F', 'O1b', 'O1b', 'O1b', 'O1b') [(0, 3), (0, 4), (1, 3), (1, 4), (2, 4), (2, 5), (3, 4), (4, 5)] slack 0 faces [(0, 3, 4), (1, 3, 4), (2, 4, 5)] twoF [] partners {}
ROW ('F', 'F', 'O1b', 'O1b', 'O1b', 'O1b') [(0, 2), (0, 5), (1, 3), (1, 4), (2, 4), (2, 5), (3, 4), (4, 5)] slack 0 faces [(0, 2, 5), (1, 3, 4), (2, 4, 5)] twoF [] partners {}
ROW ('F', 'F', 'O1b', 'O1b', 'O1b', 'O1b') [(0, 4), (0, 5), (1, 3), (1, 4), (2, 4), (2, 5), (3, 4), (4, 5)] slack 0 faces [(0, 4, 5), (1, 3, 4), (2, 4, 5)] twoF [] partners {}
ROW ('F', 'F', 'O1b', 'O1b', 'O1b', 'O1b') [(0, 2), (0, 4), (1, 2), (1, 5), (2, 4), (2, 5), (3, 4), (4, 5)] slack 0 faces [(0, 2, 4), (1, 2, 5), (2, 4, 5)] twoF [] partners {}
ROW ('F', 'F', 'O1b', 'O1b', 'O1b', 'O1b') [(0, 3), (0, 4), (1, 2), (1, 5), (2, 4), (2, 5), (3, 4), (4, 5)] slack 0 faces [(0, 3, 4), (1, 2, 5), (2, 4, 5)] twoF [] partners {}
ROW ('F', 'F', 'O1b', 'O1b', 'O1b', 'O1b') [(0, 4), (0, 5), (1, 2), (1, 5), (2, 4), (2, 5), (3, 4), (4, 5)] slack 0 faces [(0, 4, 5), (1, 2, 5), (2, 4, 5)] twoF [] partners {}
ROW ('F', 'F', 'O1b', 'O1b', 'O1b', 'O1b') [(0, 2), (0, 4), (1, 4), (1, 5), (2, 4), (2, 5), (3, 4), (4, 5)] slack 0 faces [(0, 2, 4), (1, 4, 5), (2, 4, 5)] twoF [] partners {}
ROW ('F', 'F', 'O1b', 'O1b', 'O1b', 'O1b') [(0, 3), (0, 4), (1, 4), (1, 5), (2, 4), (2, 5), (3, 4), (4, 5)] slack 0 faces [(0, 3, 4), (1, 4, 5), (2, 4, 5)] twoF [] partners {}
ROW ('F', 'F', 'O1b', 'O1b', 'O1b', 'O1b') [(0, 2), (0, 5), (1, 4), (1, 5), (2, 4), (2, 5), (3, 4), (4, 5)] slack 0 faces [(0, 2, 5), (1, 4, 5), (2, 4, 5)] twoF [] partners {}
ROW ('F', 'F', 'O1b', 'O1b', 'O1b', 'O1b') [(0, 1), (0, 2), (1, 2), (2, 3), (2, 4), (2, 5), (3, 4), (4, 5)] slack 0 faces [(0, 1, 2), (2, 3, 4), (2, 4, 5)] twoF [(0, 1, 2)] partners {}
ROW ('F', 'F', 'O1b', 'O1b', 'O1b', 'O1b') [(0, 1), (0, 3), (1, 3), (2, 3), (2, 4), (2, 5), (3, 4), (4, 5)] slack 0 faces [(0, 1, 3), (2, 3, 4), (2, 4, 5)] twoF [(0, 1, 3)] partners {}
ROW ('F', 'F', 'O1b', 'O1b', 'O1b', 'O1b') [(0, 3), (0, 4), (1, 2), (1, 3), (2, 3), (2, 4), (2, 5), (3, 4), (4, 5)] slack 1 faces [(0, 3, 4), (1, 2, 3), (2, 3, 4), (2, 4, 5)] twoF [] partners {}
ROW ('F', 'F', 'O1b', 'O1b', 'O1b', 'O1b') [(0, 2), (0, 5), (1, 2), (1, 3), (2, 3), (2, 4), (2, 5), (3, 4), (4, 5)] slack 1 faces [(0, 2, 5), (1, 2, 3), (2, 3, 4), (2, 4, 5)] twoF [] partners {}
ROW ('F', 'F', 'O1b', 'O1b', 'O1b', 'O1b') [(0, 3), (0, 5), (1, 2), (1, 3), (2, 3), (2, 4), (2, 5), (3, 4), (4, 5)] slack 0 faces [(0, 3, 5), (1, 2, 3), (2, 3, 4), (2, 4, 5)] twoF [] partners {}
ROW ('F', 'F', 'O1b', 'O1b', 'O1b', 'O1b') [(0, 4), (0, 5), (1, 2), (1, 3), (2, 3), (2, 4), (2, 5), (3, 4), (4, 5)] slack 1 faces [(0, 4, 5), (1, 2, 3), (2, 3, 4), (2, 4, 5)] twoF [] partners {}
ROW ('F', 'F', 'O1b', 'O1b', 'O1b', 'O1b') [(0, 1), (0, 4), (1, 4), (2, 3), (2, 4), (2, 5), (3, 4), (4, 5)] slack 0 faces [(0, 1, 4), (2, 3, 4), (2, 4, 5)] twoF [(0, 1, 4)] partners {}
ROW ('F', 'F', 'O1b', 'O1b', 'O1b', 'O1b') [(0, 2), (0, 3), (1, 3), (1, 4), (2, 3), (2, 4), (2, 5), (3, 4), (4, 5)] slack 1 faces [(0, 2, 3), (1, 3, 4), (2, 3, 4), (2, 4, 5)] twoF [] partners {}
ROW ('F', 'F', 'O1b', 'O1b', 'O1b', 'O1b') [(0, 2), (0, 5), (1, 3), (1, 4), (2, 3), (2, 4), (2, 5), (3, 4), (4, 5)] slack 1 faces [(0, 2, 5), (1, 3, 4), (2, 3, 4), (2, 4, 5)] twoF [] partners {}
ROW ('F', 'F', 'O1b', 'O1b', 'O1b', 'O1b') [(0, 3), (0, 5), (1, 3), (1, 4), (2, 3), (2, 4), (2, 5), (3, 4), (4, 5)] slack 0 faces [(0, 3, 5), (1, 3, 4), (2, 3, 4), (2, 4, 5)] twoF [] partners {}
ROW ('F', 'F', 'O1b', 'O1b', 'O1b', 'O1b') [(0, 4), (0, 5), (1, 3), (1, 4), (2, 3), (2, 4), (2, 5), (3, 4), (4, 5)] slack 1 faces [(0, 4, 5), (1, 3, 4), (2, 3, 4), (2, 4, 5)] twoF [] partners {}
ROW ('F', 'F', 'O1b', 'O1b', 'O1b', 'O1b') [(0, 1), (0, 5), (1, 5), (2, 3), (2, 4), (2, 5), (3, 4), (4, 5)] slack 0 faces [(0, 1, 5), (2, 3, 4), (2, 4, 5)] twoF [(0, 1, 5)] partners {}
ROW ('F', 'F', 'O1b', 'O1b', 'O1b', 'O1b') [(0, 2), (0, 3), (1, 2), (1, 5), (2, 3), (2, 4), (2, 5), (3, 4), (4, 5)] slack 1 faces [(0, 2, 3), (1, 2, 5), (2, 3, 4), (2, 4, 5)] twoF [] partners {}
ROW ('F', 'F', 'O1b', 'O1b', 'O1b', 'O1b') [(0, 3), (0, 4), (1, 2), (1, 5), (2, 3), (2, 4), (2, 5), (3, 4), (4, 5)] slack 1 faces [(0, 3, 4), (1, 2, 5), (2, 3, 4), (2, 4, 5)] twoF [] partners {}
ROW ('F', 'F', 'O1b', 'O1b', 'O1b', 'O1b') [(0, 3), (0, 5), (1, 2), (1, 5), (2, 3), (2, 4), (2, 5), (3, 4), (4, 5)] slack 0 faces [(0, 3, 5), (1, 2, 5), (2, 3, 4), (2, 4, 5)] twoF [] partners {}
ROW ('F', 'F', 'O1b', 'O1b', 'O1b', 'O1b') [(0, 4), (0, 5), (1, 2), (1, 5), (2, 3), (2, 4), (2, 5), (3, 4), (4, 5)] slack 1 faces [(0, 4, 5), (1, 2, 5), (2, 3, 4), (2, 4, 5)] twoF [] partners {}
ROW ('F', 'F', 'O1b', 'O1b', 'O1b', 'O1b') [(0, 2), (0, 3), (1, 3), (1, 5), (2, 3), (2, 4), (2, 5), (3, 4), (4, 5)] slack 0 faces [(0, 2, 3), (1, 3, 5), (2, 3, 4), (2, 4, 5)] twoF [] partners {}
ROW ('F', 'F', 'O1b', 'O1b', 'O1b', 'O1b') [(0, 3), (0, 4), (1, 3), (1, 5), (2, 3), (2, 4), (2, 5), (3, 4), (4, 5)] slack 0 faces [(0, 3, 4), (1, 3, 5), (2, 3, 4), (2, 4, 5)] twoF [] partners {}
ROW ('F', 'F', 'O1b', 'O1b', 'O1b', 'O1b') [(0, 2), (0, 5), (1, 3), (1, 5), (2, 3), (2, 4), (2, 5), (3, 4), (4, 5)] slack 0 faces [(0, 2, 5), (1, 3, 5), (2, 3, 4), (2, 4, 5)] twoF [] partners {}
ROW ('F', 'F', 'O1b', 'O1b', 'O1b', 'O1b') [(0, 3), (0, 5), (1, 3), (1, 5), (2, 3), (2, 4), (2, 5), (3, 4), (4, 5)] slack 0 faces [(0, 3, 5), (1, 3, 5), (2, 3, 4), (2, 4, 5)] twoF [] partners {}
ROW ('F', 'F', 'O1b', 'O1b', 'O1b', 'O1b') [(0, 4), (0, 5), (1, 3), (1, 5), (2, 3), (2, 4), (2, 5), (3, 4), (4, 5)] slack 0 faces [(0, 4, 5), (1, 3, 5), (2, 3, 4), (2, 4, 5)] twoF [] partners {}
ROW ('F', 'F', 'O1b', 'O1b', 'O1b', 'O1b') [(0, 2), (0, 3), (1, 4), (1, 5), (2, 3), (2, 4), (2, 5), (3, 4), (4, 5)] slack 1 faces [(0, 2, 3), (1, 4, 5), (2, 3, 4), (2, 4, 5)] twoF [] partners {}
ROW ('F', 'F', 'O1b', 'O1b', 'O1b', 'O1b') [(0, 3), (0, 4), (1, 4), (1, 5), (2, 3), (2, 4), (2, 5), (3, 4), (4, 5)] slack 1 faces [(0, 3, 4), (1, 4, 5), (2, 3, 4), (2, 4, 5)] twoF [] partners {}
ROW ('F', 'F', 'O1b', 'O1b', 'O1b', 'O1b') [(0, 2), (0, 5), (1, 4), (1, 5), (2, 3), (2, 4), (2, 5), (3, 4), (4, 5)] slack 1 faces [(0, 2, 5), (1, 4, 5), (2, 3, 4), (2, 4, 5)] twoF [] partners {}
ROW ('F', 'F', 'O1b', 'O1b', 'O1b', 'O1b') [(0, 3), (0, 5), (1, 4), (1, 5), (2, 3), (2, 4), (2, 5), (3, 4), (4, 5)] slack 0 faces [(0, 3, 5), (1, 4, 5), (2, 3, 4), (2, 4, 5)] twoF [] partners {}
ROW ('F', 'F', 'O1b', 'O1b', 'O1b', 'O1b') [(0, 2), (0, 3), (1, 2), (1, 3), (2, 3), (2, 4), (3, 5), (4, 5)] slack 0 faces [(0, 2, 3), (1, 2, 3)] twoF [] partners {}
ROW ('F', 'F', 'O1b', 'O1b', 'O1b', 'O1b') [(0, 2), (0, 4), (1, 2), (1, 3), (2, 3), (2, 4), (3, 5), (4, 5)] slack 0 faces [(0, 2, 4), (1, 2, 3)] twoF [] partners {}
ROW ('F', 'F', 'O1b', 'O1b', 'O1b', 'O1b') [(0, 3), (0, 5), (1, 2), (1, 3), (2, 3), (2, 4), (3, 5), (4, 5)] slack 0 faces [(0, 3, 5), (1, 2, 3)] twoF [] partners {}
ROW ('F', 'F', 'O1b', 'O1b', 'O1b', 'O1b') [(0, 4), (0, 5), (1, 2), (1, 3), (2, 3), (2, 4), (3, 5), (4, 5)] slack 0 faces [(0, 4, 5), (1, 2, 3)] twoF [] partners {}
ROW ('F', 'F', 'O1b', 'O1b', 'O1b', 'O1b') [(0, 2), (0, 3), (1, 2), (1, 4), (2, 3), (2, 4), (3, 5), (4, 5)] slack 0 faces [(0, 2, 3), (1, 2, 4)] twoF [] partners {}
ROW ('F', 'F', 'O1b', 'O1b', 'O1b', 'O1b') [(0, 2), (0, 4), (1, 2), (1, 4), (2, 3), (2, 4), (3, 5), (4, 5)] slack 0 faces [(0, 2, 4), (1, 2, 4)] twoF [] partners {}
ROW ('F', 'F', 'O1b', 'O1b', 'O1b', 'O1b') [(0, 3), (0, 5), (1, 2), (1, 4), (2, 3), (2, 4), (3, 5), (4, 5)] slack 0 faces [(0, 3, 5), (1, 2, 4)] twoF [] partners {}
ROW ('F', 'F', 'O1b', 'O1b', 'O1b', 'O1b') [(0, 4), (0, 5), (1, 2), (1, 4), (2, 3), (2, 4), (3, 5), (4, 5)] slack 0 faces [(0, 4, 5), (1, 2, 4)] twoF [] partners {}
ROW ('F', 'F', 'O1b', 'O1b', 'O1b', 'O1b') [(0, 2), (0, 3), (1, 3), (1, 5), (2, 3), (2, 4), (3, 5), (4, 5)] slack 0 faces [(0, 2, 3), (1, 3, 5)] twoF [] partners {}
ROW ('F', 'F', 'O1b', 'O1b', 'O1b', 'O1b') [(0, 2), (0, 4), (1, 3), (1, 5), (2, 3), (2, 4), (3, 5), (4, 5)] slack 0 faces [(0, 2, 4), (1, 3, 5)] twoF [] partners {}
ROW ('F', 'F', 'O1b', 'O1b', 'O1b', 'O1b') [(0, 3), (0, 5), (1, 3), (1, 5), (2, 3), (2, 4), (3, 5), (4, 5)] slack 0 faces [(0, 3, 5), (1, 3, 5)] twoF [] partners {}
ROW ('F', 'F', 'O1b', 'O1b', 'O1b', 'O1b') [(0, 4), (0, 5), (1, 3), (1, 5), (2, 3), (2, 4), (3, 5), (4, 5)] slack 0 faces [(0, 4, 5), (1, 3, 5)] twoF [] partners {}
ROW ('F', 'F', 'O1b', 'O1b', 'O1b', 'O1b') [(0, 2), (0, 3), (1, 4), (1, 5), (2, 3), (2, 4), (3, 5), (4, 5)] slack 0 faces [(0, 2, 3), (1, 4, 5)] twoF [] partners {}
ROW ('F', 'F', 'O1b', 'O1b', 'O1b', 'O1b') [(0, 2), (0, 4), (1, 4), (1, 5), (2, 3), (2, 4), (3, 5), (4, 5)] slack 0 faces [(0, 2, 4), (1, 4, 5)] twoF [] partners {}
ROW ('F', 'F', 'O1b', 'O1b', 'O1b', 'O1b') [(0, 3), (0, 5), (1, 4), (1, 5), (2, 3), (2, 4), (3, 5), (4, 5)] slack 0 faces [(0, 3, 5), (1, 4, 5)] twoF [] partners {}
ROW ('F', 'F', 'O1b', 'O1b', 'O1b', 'O1b') [(0, 4), (0, 5), (1, 4), (1, 5), (2, 3), (2, 4), (3, 5), (4, 5)] slack 0 faces [(0, 4, 5), (1, 4, 5)] twoF [] partners {}
ROW ('F', 'F', 'O1b', 'O1b', 'O1b', 'O1b') [(0, 2), (0, 5), (1, 2), (1, 3), (2, 3), (2, 5), (3, 5), (4, 5)] slack 0 faces [(0, 2, 5), (1, 2, 3), (2, 3, 5)] twoF [] partners {}
ROW ('F', 'F', 'O1b', 'O1b', 'O1b', 'O1b') [(0, 3), (0, 5), (1, 2), (1, 3), (2, 3), (2, 5), (3, 5), (4, 5)] slack 0 faces [(0, 3, 5), (1, 2, 3), (2, 3, 5)] twoF [] partners {}
ROW ('F', 'F', 'O1b', 'O1b', 'O1b', 'O1b') [(0, 4), (0, 5), (1, 2), (1, 3), (2, 3), (2, 5), (3, 5), (4, 5)] slack 0 faces [(0, 4, 5), (1, 2, 3), (2, 3, 5)] twoF [] partners {}
ROW ('F', 'F', 'O1b', 'O1b', 'O1b', 'O1b') [(0, 2), (0, 3), (1, 2), (1, 5), (2, 3), (2, 5), (3, 5), (4, 5)] slack 0 faces [(0, 2, 3), (1, 2, 5), (2, 3, 5)] twoF [] partners {}
ROW ('F', 'F', 'O1b', 'O1b', 'O1b', 'O1b') [(0, 3), (0, 5), (1, 2), (1, 5), (2, 3), (2, 5), (3, 5), (4, 5)] slack 0 faces [(0, 3, 5), (1, 2, 5), (2, 3, 5)] twoF [] partners {}
ROW ('F', 'F', 'O1b', 'O1b', 'O1b', 'O1b') [(0, 4), (0, 5), (1, 2), (1, 5), (2, 3), (2, 5), (3, 5), (4, 5)] slack 0 faces [(0, 4, 5), (1, 2, 5), (2, 3, 5)] twoF [] partners {}
ROW ('F', 'F', 'O1b', 'O1b', 'O1b', 'O1b') [(0, 2), (0, 3), (1, 3), (1, 5), (2, 3), (2, 5), (3, 5), (4, 5)] slack 0 faces [(0, 2, 3), (1, 3, 5), (2, 3, 5)] twoF [] partners {}
ROW ('F', 'F', 'O1b', 'O1b', 'O1b', 'O1b') [(0, 2), (0, 5), (1, 3), (1, 5), (2, 3), (2, 5), (3, 5), (4, 5)] slack 0 faces [(0, 2, 5), (1, 3, 5), (2, 3, 5)] twoF [] partners {}
ROW ('F', 'F', 'O1b', 'O1b', 'O1b', 'O1b') [(0, 4), (0, 5), (1, 3), (1, 5), (2, 3), (2, 5), (3, 5), (4, 5)] slack 0 faces [(0, 4, 5), (1, 3, 5), (2, 3, 5)] twoF [] partners {}
ROW ('F', 'F', 'O1b', 'O1b', 'O1b', 'O1b') [(0, 2), (0, 3), (1, 4), (1, 5), (2, 3), (2, 5), (3, 5), (4, 5)] slack 0 faces [(0, 2, 3), (1, 4, 5), (2, 3, 5)] twoF [] partners {}
ROW ('F', 'F', 'O1b', 'O1b', 'O1b', 'O1b') [(0, 2), (0, 5), (1, 4), (1, 5), (2, 3), (2, 5), (3, 5), (4, 5)] slack 0 faces [(0, 2, 5), (1, 4, 5), (2, 3, 5)] twoF [] partners {}
ROW ('F', 'F', 'O1b', 'O1b', 'O1b', 'O1b') [(0, 3), (0, 5), (1, 4), (1, 5), (2, 3), (2, 5), (3, 5), (4, 5)] slack 0 faces [(0, 3, 5), (1, 4, 5), (2, 3, 5)] twoF [] partners {}
ROW ('F', 'F', 'O1b', 'O1b', 'O1b', 'O1b') [(0, 4), (0, 5), (1, 4), (1, 5), (2, 3), (2, 5), (3, 5), (4, 5)] slack 0 faces [(0, 4, 5), (1, 4, 5), (2, 3, 5)] twoF [] partners {}
ROW ('F', 'F', 'O1b', 'O1b', 'O1b', 'O1b') [(0, 2), (0, 5), (1, 2), (1, 4), (2, 4), (2, 5), (3, 5), (4, 5)] slack 0 faces [(0, 2, 5), (1, 2, 4), (2, 4, 5)] twoF [] partners {}
ROW ('F', 'F', 'O1b', 'O1b', 'O1b', 'O1b') [(0, 3), (0, 5), (1, 2), (1, 4), (2, 4), (2, 5), (3, 5), (4, 5)] slack 0 faces [(0, 3, 5), (1, 2, 4), (2, 4, 5)] twoF [] partners {}
ROW ('F', 'F', 'O1b', 'O1b', 'O1b', 'O1b') [(0, 4), (0, 5), (1, 2), (1, 4), (2, 4), (2, 5), (3, 5), (4, 5)] slack 0 faces [(0, 4, 5), (1, 2, 4), (2, 4, 5)] twoF [] partners {}
ROW ('F', 'F', 'O1b', 'O1b', 'O1b', 'O1b') [(0, 2), (0, 4), (1, 2), (1, 5), (2, 4), (2, 5), (3, 5), (4, 5)] slack 0 faces [(0, 2, 4), (1, 2, 5), (2, 4, 5)] twoF [] partners {}
ROW ('F', 'F', 'O1b', 'O1b', 'O1b', 'O1b') [(0, 3), (0, 5), (1, 2), (1, 5), (2, 4), (2, 5), (3, 5), (4, 5)] slack 0 faces [(0, 3, 5), (1, 2, 5), (2, 4, 5)] twoF [] partners {}
ROW ('F', 'F', 'O1b', 'O1b', 'O1b', 'O1b') [(0, 4), (0, 5), (1, 2), (1, 5), (2, 4), (2, 5), (3, 5), (4, 5)] slack 0 faces [(0, 4, 5), (1, 2, 5), (2, 4, 5)] twoF [] partners {}
ROW ('F', 'F', 'O1b', 'O1b', 'O1b', 'O1b') [(0, 2), (0, 4), (1, 3), (1, 5), (2, 4), (2, 5), (3, 5), (4, 5)] slack 0 faces [(0, 2, 4), (1, 3, 5), (2, 4, 5)] twoF [] partners {}
ROW ('F', 'F', 'O1b', 'O1b', 'O1b', 'O1b') [(0, 2), (0, 5), (1, 3), (1, 5), (2, 4), (2, 5), (3, 5), (4, 5)] slack 0 faces [(0, 2, 5), (1, 3, 5), (2, 4, 5)] twoF [] partners {}
ROW ('F', 'F', 'O1b', 'O1b', 'O1b', 'O1b') [(0, 3), (0, 5), (1, 3), (1, 5), (2, 4), (2, 5), (3, 5), (4, 5)] slack 0 faces [(0, 3, 5), (1, 3, 5), (2, 4, 5)] twoF [] partners {}
ROW ('F', 'F', 'O1b', 'O1b', 'O1b', 'O1b') [(0, 4), (0, 5), (1, 3), (1, 5), (2, 4), (2, 5), (3, 5), (4, 5)] slack 0 faces [(0, 4, 5), (1, 3, 5), (2, 4, 5)] twoF [] partners {}
ROW ('F', 'F', 'O1b', 'O1b', 'O1b', 'O1b') [(0, 2), (0, 4), (1, 4), (1, 5), (2, 4), (2, 5), (3, 5), (4, 5)] slack 0 faces [(0, 2, 4), (1, 4, 5), (2, 4, 5)] twoF [] partners {}
ROW ('F', 'F', 'O1b', 'O1b', 'O1b', 'O1b') [(0, 2), (0, 5), (1, 4), (1, 5), (2, 4), (2, 5), (3, 5), (4, 5)] slack 0 faces [(0, 2, 5), (1, 4, 5), (2, 4, 5)] twoF [] partners {}
ROW ('F', 'F', 'O1b', 'O1b', 'O1b', 'O1b') [(0, 3), (0, 5), (1, 4), (1, 5), (2, 4), (2, 5), (3, 5), (4, 5)] slack 0 faces [(0, 3, 5), (1, 4, 5), (2, 4, 5)] twoF [] partners {}
ROW ('F', 'F', 'O1b', 'O1b', 'O1b', 'O1b') [(0, 1), (0, 2), (1, 2), (2, 3), (2, 4), (2, 5), (3, 5), (4, 5)] slack 0 faces [(0, 1, 2), (2, 3, 5), (2, 4, 5)] twoF [(0, 1, 2)] partners {}
ROW ('F', 'F', 'O1b', 'O1b', 'O1b', 'O1b') [(0, 1), (0, 3), (1, 3), (2, 3), (2, 4), (2, 5), (3, 5), (4, 5)] slack 0 faces [(0, 1, 3), (2, 3, 5), (2, 4, 5)] twoF [(0, 1, 3)] partners {}
ROW ('F', 'F', 'O1b', 'O1b', 'O1b', 'O1b') [(0, 2), (0, 4), (1, 2), (1, 3), (2, 3), (2, 4), (2, 5), (3, 5), (4, 5)] slack 1 faces [(0, 2, 4), (1, 2, 3), (2, 3, 5), (2, 4, 5)] twoF [] partners {}
ROW ('F', 'F', 'O1b', 'O1b', 'O1b', 'O1b') [(0, 3), (0, 4), (1, 2), (1, 3), (2, 3), (2, 4), (2, 5), (3, 5), (4, 5)] slack 0 faces [(0, 3, 4), (1, 2, 3), (2, 3, 5), (2, 4, 5)] twoF [] partners {}
ROW ('F', 'F', 'O1b', 'O1b', 'O1b', 'O1b') [(0, 3), (0, 5), (1, 2), (1, 3), (2, 3), (2, 4), (2, 5), (3, 5), (4, 5)] slack 1 faces [(0, 3, 5), (1, 2, 3), (2, 3, 5), (2, 4, 5)] twoF [] partners {}
ROW ('F', 'F', 'O1b', 'O1b', 'O1b', 'O1b') [(0, 4), (0, 5), (1, 2), (1, 3), (2, 3), (2, 4), (2, 5), (3, 5), (4, 5)] slack 1 faces [(0, 4, 5), (1, 2, 3), (2, 3, 5), (2, 4, 5)] twoF [] partners {}
ROW ('F', 'F', 'O1b', 'O1b', 'O1b', 'O1b') [(0, 1), (0, 4), (1, 4), (2, 3), (2, 4), (2, 5), (3, 5), (4, 5)] slack 0 faces [(0, 1, 4), (2, 3, 5), (2, 4, 5)] twoF [(0, 1, 4)] partners {}
ROW ('F', 'F', 'O1b', 'O1b', 'O1b', 'O1b') [(0, 2), (0, 3), (1, 2), (1, 4), (2, 3), (2, 4), (2, 5), (3, 5), (4, 5)] slack 1 faces [(0, 2, 3), (1, 2, 4), (2, 3, 5), (2, 4, 5)] twoF [] partners {}
ROW ('F', 'F', 'O1b', 'O1b', 'O1b', 'O1b') [(0, 3), (0, 4), (1, 2), (1, 4), (2, 3), (2, 4), (2, 5), (3, 5), (4, 5)] slack 0 faces [(0, 3, 4), (1, 2, 4), (2, 3, 5), (2, 4, 5)] twoF [] partners {}
ROW ('F', 'F', 'O1b', 'O1b', 'O1b', 'O1b') [(0, 3), (0, 5), (1, 2), (1, 4), (2, 3), (2, 4), (2, 5), (3, 5), (4, 5)] slack 1 faces [(0, 3, 5), (1, 2, 4), (2, 3, 5), (2, 4, 5)] twoF [] partners {}
ROW ('F', 'F', 'O1b', 'O1b', 'O1b', 'O1b') [(0, 4), (0, 5), (1, 2), (1, 4), (2, 3), (2, 4), (2, 5), (3, 5), (4, 5)] slack 1 faces [(0, 4, 5), (1, 2, 4), (2, 3, 5), (2, 4, 5)] twoF [] partners {}
ROW ('F', 'F', 'O1b', 'O1b', 'O1b', 'O1b') [(0, 2), (0, 3), (1, 3), (1, 4), (2, 3), (2, 4), (2, 5), (3, 5), (4, 5)] slack 0 faces [(0, 2, 3), (1, 3, 4), (2, 3, 5), (2, 4, 5)] twoF [] partners {}
ROW ('F', 'F', 'O1b', 'O1b', 'O1b', 'O1b') [(0, 2), (0, 4), (1, 3), (1, 4), (2, 3), (2, 4), (2, 5), (3, 5), (4, 5)] slack 0 faces [(0, 2, 4), (1, 3, 4), (2, 3, 5), (2, 4, 5)] twoF [] partners {}
ROW ('F', 'F', 'O1b', 'O1b', 'O1b', 'O1b') [(0, 3), (0, 4), (1, 3), (1, 4), (2, 3), (2, 4), (2, 5), (3, 5), (4, 5)] slack 0 faces [(0, 3, 4), (1, 3, 4), (2, 3, 5), (2, 4, 5)] twoF [] partners {}
ROW ('F', 'F', 'O1b', 'O1b', 'O1b', 'O1b') [(0, 3), (0, 5), (1, 3), (1, 4), (2, 3), (2, 4), (2, 5), (3, 5), (4, 5)] slack 0 faces [(0, 3, 5), (1, 3, 4), (2, 3, 5), (2, 4, 5)] twoF [] partners {}
ROW ('F', 'F', 'O1b', 'O1b', 'O1b', 'O1b') [(0, 4), (0, 5), (1, 3), (1, 4), (2, 3), (2, 4), (2, 5), (3, 5), (4, 5)] slack 0 faces [(0, 4, 5), (1, 3, 4), (2, 3, 5), (2, 4, 5)] twoF [] partners {}
ROW ('F', 'F', 'O1b', 'O1b', 'O1b', 'O1b') [(0, 1), (0, 5), (1, 5), (2, 3), (2, 4), (2, 5), (3, 5), (4, 5)] slack 0 faces [(0, 1, 5), (2, 3, 5), (2, 4, 5)] twoF [(0, 1, 5)] partners {}
ROW ('F', 'F', 'O1b', 'O1b', 'O1b', 'O1b') [(0, 2), (0, 3), (1, 3), (1, 5), (2, 3), (2, 4), (2, 5), (3, 5), (4, 5)] slack 1 faces [(0, 2, 3), (1, 3, 5), (2, 3, 5), (2, 4, 5)] twoF [] partners {}
ROW ('F', 'F', 'O1b', 'O1b', 'O1b', 'O1b') [(0, 2), (0, 4), (1, 3), (1, 5), (2, 3), (2, 4), (2, 5), (3, 5), (4, 5)] slack 1 faces [(0, 2, 4), (1, 3, 5), (2, 3, 5), (2, 4, 5)] twoF [] partners {}
ROW ('F', 'F', 'O1b', 'O1b', 'O1b', 'O1b') [(0, 3), (0, 4), (1, 3), (1, 5), (2, 3), (2, 4), (2, 5), (3, 5), (4, 5)] slack 0 faces [(0, 3, 4), (1, 3, 5), (2, 3, 5), (2, 4, 5)] twoF [] partners {}
ROW ('F', 'F', 'O1b', 'O1b', 'O1b', 'O1b') [(0, 4), (0, 5), (1, 3), (1, 5), (2, 3), (2, 4), (2, 5), (3, 5), (4, 5)] slack 1 faces [(0, 4, 5), (1, 3, 5), (2, 3, 5), (2, 4, 5)] twoF [] partners {}
ROW ('F', 'F', 'O1b', 'O1b', 'O1b', 'O1b') [(0, 2), (0, 3), (1, 4), (1, 5), (2, 3), (2, 4), (2, 5), (3, 5), (4, 5)] slack 1 faces [(0, 2, 3), (1, 4, 5), (2, 3, 5), (2, 4, 5)] twoF [] partners {}
ROW ('F', 'F', 'O1b', 'O1b', 'O1b', 'O1b') [(0, 2), (0, 4), (1, 4), (1, 5), (2, 3), (2, 4), (2, 5), (3, 5), (4, 5)] slack 1 faces [(0, 2, 4), (1, 4, 5), (2, 3, 5), (2, 4, 5)] twoF [] partners {}
ROW ('F', 'F', 'O1b', 'O1b', 'O1b', 'O1b') [(0, 3), (0, 4), (1, 4), (1, 5), (2, 3), (2, 4), (2, 5), (3, 5), (4, 5)] slack 0 faces [(0, 3, 4), (1, 4, 5), (2, 3, 5), (2, 4, 5)] twoF [] partners {}
ROW ('F', 'F', 'O1b', 'O1b', 'O1b', 'O1b') [(0, 3), (0, 5), (1, 4), (1, 5), (2, 3), (2, 4), (2, 5), (3, 5), (4, 5)] slack 1 faces [(0, 3, 5), (1, 4, 5), (2, 3, 5), (2, 4, 5)] twoF [] partners {}
ROW ('F', 'F', 'O1b', 'O1b', 'O1b', 'O1b') [(0, 2), (0, 3), (1, 2), (1, 3), (2, 3), (3, 4), (3, 5), (4, 5)] slack 0 faces [(0, 2, 3), (1, 2, 3), (3, 4, 5)] twoF [] partners {}
ROW ('F', 'F', 'O1b', 'O1b', 'O1b', 'O1b') [(0, 3), (0, 4), (1, 2), (1, 3), (2, 3), (3, 4), (3, 5), (4, 5)] slack 0 faces [(0, 3, 4), (1, 2, 3), (3, 4, 5)] twoF [] partners {}
ROW ('F', 'F', 'O1b', 'O1b', 'O1b', 'O1b') [(0, 3), (0, 5), (1, 2), (1, 3), (2, 3), (3, 4), (3, 5), (4, 5)] slack 0 faces [(0, 3, 5), (1, 2, 3), (3, 4, 5)] twoF [] partners {}
ROW ('F', 'F', 'O1b', 'O1b', 'O1b', 'O1b') [(0, 4), (0, 5), (1, 2), (1, 3), (2, 3), (3, 4), (3, 5), (4, 5)] slack 0 faces [(0, 4, 5), (1, 2, 3), (3, 4, 5)] twoF [] partners {}
ROW ('F', 'F', 'O1b', 'O1b', 'O1b', 'O1b') [(0, 2), (0, 3), (1, 3), (1, 4), (2, 3), (3, 4), (3, 5), (4, 5)] slack 0 faces [(0, 2, 3), (1, 3, 4), (3, 4, 5)] twoF [] partners {}
ROW ('F', 'F', 'O1b', 'O1b', 'O1b', 'O1b') [(0, 3), (0, 5), (1, 3), (1, 4), (2, 3), (3, 4), (3, 5), (4, 5)] slack 0 faces [(0, 3, 5), (1, 3, 4), (3, 4, 5)] twoF [] partners {}
ROW ('F', 'F', 'O1b', 'O1b', 'O1b', 'O1b') [(0, 4), (0, 5), (1, 3), (1, 4), (2, 3), (3, 4), (3, 5), (4, 5)] slack 0 faces [(0, 4, 5), (1, 3, 4), (3, 4, 5)] twoF [] partners {}
ROW ('F', 'F', 'O1b', 'O1b', 'O1b', 'O1b') [(0, 2), (0, 3), (1, 3), (1, 5), (2, 3), (3, 4), (3, 5), (4, 5)] slack 0 faces [(0, 2, 3), (1, 3, 5), (3, 4, 5)] twoF [] partners {}
ROW ('F', 'F', 'O1b', 'O1b', 'O1b', 'O1b') [(0, 3), (0, 4), (1, 3), (1, 5), (2, 3), (3, 4), (3, 5), (4, 5)] slack 0 faces [(0, 3, 4), (1, 3, 5), (3, 4, 5)] twoF [] partners {}
ROW ('F', 'F', 'O1b', 'O1b', 'O1b', 'O1b') [(0, 4), (0, 5), (1, 3), (1, 5), (2, 3), (3, 4), (3, 5), (4, 5)] slack 0 faces [(0, 4, 5), (1, 3, 5), (3, 4, 5)] twoF [] partners {}
ROW ('F', 'F', 'O1b', 'O1b', 'O1b', 'O1b') [(0, 2), (0, 3), (1, 4), (1, 5), (2, 3), (3, 4), (3, 5), (4, 5)] slack 0 faces [(0, 2, 3), (1, 4, 5), (3, 4, 5)] twoF [] partners {}
ROW ('F', 'F', 'O1b', 'O1b', 'O1b', 'O1b') [(0, 3), (0, 4), (1, 4), (1, 5), (2, 3), (3, 4), (3, 5), (4, 5)] slack 0 faces [(0, 3, 4), (1, 4, 5), (3, 4, 5)] twoF [] partners {}
ROW ('F', 'F', 'O1b', 'O1b', 'O1b', 'O1b') [(0, 3), (0, 5), (1, 4), (1, 5), (2, 3), (3, 4), (3, 5), (4, 5)] slack 0 faces [(0, 3, 5), (1, 4, 5), (3, 4, 5)] twoF [] partners {}
ROW ('F', 'F', 'O1b', 'O1b', 'O1b', 'O1b') [(0, 2), (0, 4), (1, 2), (1, 4), (2, 4), (3, 4), (3, 5), (4, 5)] slack 0 faces [(0, 2, 4), (1, 2, 4), (3, 4, 5)] twoF [] partners {}
ROW ('F', 'F', 'O1b', 'O1b', 'O1b', 'O1b') [(0, 3), (0, 4), (1, 2), (1, 4), (2, 4), (3, 4), (3, 5), (4, 5)] slack 0 faces [(0, 3, 4), (1, 2, 4), (3, 4, 5)] twoF [] partners {}
ROW ('F', 'F', 'O1b', 'O1b', 'O1b', 'O1b') [(0, 3), (0, 5), (1, 2), (1, 4), (2, 4), (3, 4), (3, 5), (4, 5)] slack 0 faces [(0, 3, 5), (1, 2, 4), (3, 4, 5)] twoF [] partners {}
ROW ('F', 'F', 'O1b', 'O1b', 'O1b', 'O1b') [(0, 4), (0, 5), (1, 2), (1, 4), (2, 4), (3, 4), (3, 5), (4, 5)] slack 0 faces [(0, 4, 5), (1, 2, 4), (3, 4, 5)] twoF [] partners {}
ROW ('F', 'F', 'O1b', 'O1b', 'O1b', 'O1b') [(0, 2), (0, 4), (1, 3), (1, 4), (2, 4), (3, 4), (3, 5), (4, 5)] slack 0 faces [(0, 2, 4), (1, 3, 4), (3, 4, 5)] twoF [] partners {}
ROW ('F', 'F', 'O1b', 'O1b', 'O1b', 'O1b') [(0, 3), (0, 5), (1, 3), (1, 4), (2, 4), (3, 4), (3, 5), (4, 5)] slack 0 faces [(0, 3, 5), (1, 3, 4), (3, 4, 5)] twoF [] partners {}
ROW ('F', 'F', 'O1b', 'O1b', 'O1b', 'O1b') [(0, 4), (0, 5), (1, 3), (1, 4), (2, 4), (3, 4), (3, 5), (4, 5)] slack 0 faces [(0, 4, 5), (1, 3, 4), (3, 4, 5)] twoF [] partners {}
ROW ('F', 'F', 'O1b', 'O1b', 'O1b', 'O1b') [(0, 2), (0, 4), (1, 3), (1, 5), (2, 4), (3, 4), (3, 5), (4, 5)] slack 0 faces [(0, 2, 4), (1, 3, 5), (3, 4, 5)] twoF [] partners {}
ROW ('F', 'F', 'O1b', 'O1b', 'O1b', 'O1b') [(0, 3), (0, 4), (1, 3), (1, 5), (2, 4), (3, 4), (3, 5), (4, 5)] slack 0 faces [(0, 3, 4), (1, 3, 5), (3, 4, 5)] twoF [] partners {}
ROW ('F', 'F', 'O1b', 'O1b', 'O1b', 'O1b') [(0, 4), (0, 5), (1, 3), (1, 5), (2, 4), (3, 4), (3, 5), (4, 5)] slack 0 faces [(0, 4, 5), (1, 3, 5), (3, 4, 5)] twoF [] partners {}
ROW ('F', 'F', 'O1b', 'O1b', 'O1b', 'O1b') [(0, 2), (0, 4), (1, 4), (1, 5), (2, 4), (3, 4), (3, 5), (4, 5)] slack 0 faces [(0, 2, 4), (1, 4, 5), (3, 4, 5)] twoF [] partners {}
ROW ('F', 'F', 'O1b', 'O1b', 'O1b', 'O1b') [(0, 3), (0, 4), (1, 4), (1, 5), (2, 4), (3, 4), (3, 5), (4, 5)] slack 0 faces [(0, 3, 4), (1, 4, 5), (3, 4, 5)] twoF [] partners {}
ROW ('F', 'F', 'O1b', 'O1b', 'O1b', 'O1b') [(0, 3), (0, 5), (1, 4), (1, 5), (2, 4), (3, 4), (3, 5), (4, 5)] slack 0 faces [(0, 3, 5), (1, 4, 5), (3, 4, 5)] twoF [] partners {}
ROW ('F', 'F', 'O1b', 'O1b', 'O1b', 'O1b') [(0, 1), (0, 2), (1, 2), (2, 3), (2, 4), (3, 4), (3, 5), (4, 5)] slack 0 faces [(0, 1, 2), (2, 3, 4), (3, 4, 5)] twoF [(0, 1, 2)] partners {}
ROW ('F', 'F', 'O1b', 'O1b', 'O1b', 'O1b') [(0, 1), (0, 3), (1, 3), (2, 3), (2, 4), (3, 4), (3, 5), (4, 5)] slack 0 faces [(0, 1, 3), (2, 3, 4), (3, 4, 5)] twoF [(0, 1, 3)] partners {}
ROW ('F', 'F', 'O1b', 'O1b', 'O1b', 'O1b') [(0, 2), (0, 4), (1, 2), (1, 3), (2, 3), (2, 4), (3, 4), (3, 5), (4, 5)] slack 1 faces [(0, 2, 4), (1, 2, 3), (2, 3, 4), (3, 4, 5)] twoF [] partners {}
ROW ('F', 'F', 'O1b', 'O1b', 'O1b', 'O1b') [(0, 2), (0, 5), (1, 2), (1, 3), (2, 3), (2, 4), (3, 4), (3, 5), (4, 5)] slack 0 faces [(0, 2, 5), (1, 2, 3), (2, 3, 4), (3, 4, 5)] twoF [] partners {}
ROW ('F', 'F', 'O1b', 'O1b', 'O1b', 'O1b') [(0, 3), (0, 5), (1, 2), (1, 3), (2, 3), (2, 4), (3, 4), (3, 5), (4, 5)] slack 1 faces [(0, 3, 5), (1, 2, 3), (2, 3, 4), (3, 4, 5)] twoF [] partners {}
ROW ('F', 'F', 'O1b', 'O1b', 'O1b', 'O1b') [(0, 4), (0, 5), (1, 2), (1, 3), (2, 3), (2, 4), (3, 4), (3, 5), (4, 5)] slack 1 faces [(0, 4, 5), (1, 2, 3), (2, 3, 4), (3, 4, 5)] twoF [] partners {}
ROW ('F', 'F', 'O1b', 'O1b', 'O1b', 'O1b') [(0, 1), (0, 4), (1, 4), (2, 3), (2, 4), (3, 4), (3, 5), (4, 5)] slack 0 faces [(0, 1, 4), (2, 3, 4), (3, 4, 5)] twoF [(0, 1, 4)] partners {}
ROW ('F', 'F', 'O1b', 'O1b', 'O1b', 'O1b') [(0, 2), (0, 3), (1, 2), (1, 4), (2, 3), (2, 4), (3, 4), (3, 5), (4, 5)] slack 1 faces [(0, 2, 3), (1, 2, 4), (2, 3, 4), (3, 4, 5)] twoF [] partners {}
ROW ('F', 'F', 'O1b', 'O1b', 'O1b', 'O1b') [(0, 2), (0, 5), (1, 2), (1, 4), (2, 3), (2, 4), (3, 4), (3, 5), (4, 5)] slack 0 faces [(0, 2, 5), (1, 2, 4), (2, 3, 4), (3, 4, 5)] twoF [] partners {}
ROW ('F', 'F', 'O1b', 'O1b', 'O1b', 'O1b') [(0, 3), (0, 5), (1, 2), (1, 4), (2, 3), (2, 4), (3, 4), (3, 5), (4, 5)] slack 1 faces [(0, 3, 5), (1, 2, 4), (2, 3, 4), (3, 4, 5)] twoF [] partners {}
ROW ('F', 'F', 'O1b', 'O1b', 'O1b', 'O1b') [(0, 4), (0, 5), (1, 2), (1, 4), (2, 3), (2, 4), (3, 4), (3, 5), (4, 5)] slack 1 faces [(0, 4, 5), (1, 2, 4), (2, 3, 4), (3, 4, 5)] twoF [] partners {}
ROW ('F', 'F', 'O1b', 'O1b', 'O1b', 'O1b') [(0, 1), (0, 5), (1, 5), (2, 3), (2, 4), (3, 4), (3, 5), (4, 5)] slack 0 faces [(0, 1, 5), (2, 3, 4), (3, 4, 5)] twoF [(0, 1, 5)] partners {}
ROW ('F', 'F', 'O1b', 'O1b', 'O1b', 'O1b') [(0, 2), (0, 3), (1, 2), (1, 5), (2, 3), (2, 4), (3, 4), (3, 5), (4, 5)] slack 0 faces [(0, 2, 3), (1, 2, 5), (2, 3, 4), (3, 4, 5)] twoF [] partners {}
ROW ('F', 'F', 'O1b', 'O1b', 'O1b', 'O1b') [(0, 2), (0, 4), (1, 2), (1, 5), (2, 3), (2, 4), (3, 4), (3, 5), (4, 5)] slack 0 faces [(0, 2, 4), (1, 2, 5), (2, 3, 4), (3, 4, 5)] twoF [] partners {}
ROW ('F', 'F', 'O1b', 'O1b', 'O1b', 'O1b') [(0, 2), (0, 5), (1, 2), (1, 5), (2, 3), (2, 4), (3, 4), (3, 5), (4, 5)] slack 0 faces [(0, 2, 5), (1, 2, 5), (2, 3, 4), (3, 4, 5)] twoF [] partners {}
ROW ('F', 'F', 'O1b', 'O1b', 'O1b', 'O1b') [(0, 3), (0, 5), (1, 2), (1, 5), (2, 3), (2, 4), (3, 4), (3, 5), (4, 5)] slack 0 faces [(0, 3, 5), (1, 2, 5), (2, 3, 4), (3, 4, 5)] twoF [] partners {}
ROW ('F', 'F', 'O1b', 'O1b', 'O1b', 'O1b') [(0, 4), (0, 5), (1, 2), (1, 5), (2, 3), (2, 4), (3, 4), (3, 5), (4, 5)] slack 0 faces [(0, 4, 5), (1, 2, 5), (2, 3, 4), (3, 4, 5)] twoF [] partners {}
ROW ('F', 'F', 'O1b', 'O1b', 'O1b', 'O1b') [(0, 2), (0, 3), (1, 3), (1, 5), (2, 3), (2, 4), (3, 4), (3, 5), (4, 5)] slack 1 faces [(0, 2, 3), (1, 3, 5), (2, 3, 4), (3, 4, 5)] twoF [] partners {}
ROW ('F', 'F', 'O1b', 'O1b', 'O1b', 'O1b') [(0, 2), (0, 4), (1, 3), (1, 5), (2, 3), (2, 4), (3, 4), (3, 5), (4, 5)] slack 1 faces [(0, 2, 4), (1, 3, 5), (2, 3, 4), (3, 4, 5)] twoF [] partners {}
ROW ('F', 'F', 'O1b', 'O1b', 'O1b', 'O1b') [(0, 2), (0, 5), (1, 3), (1, 5), (2, 3), (2, 4), (3, 4), (3, 5), (4, 5)] slack 0 faces [(0, 2, 5), (1, 3, 5), (2, 3, 4), (3, 4, 5)] twoF [] partners {}
ROW ('F', 'F', 'O1b', 'O1b', 'O1b', 'O1b') [(0, 4), (0, 5), (1, 3), (1, 5), (2, 3), (2, 4), (3, 4), (3, 5), (4, 5)] slack 1 faces [(0, 4, 5), (1, 3, 5), (2, 3, 4), (3, 4, 5)] twoF [] partners {}
ROW ('F', 'F', 'O1b', 'O1b', 'O1b', 'O1b') [(0, 2), (0, 3), (1, 4), (1, 5), (2, 3), (2, 4), (3, 4), (3, 5), (4, 5)] slack 1 faces [(0, 2, 3), (1, 4, 5), (2, 3, 4), (3, 4, 5)] twoF [] partners {}
ROW ('F', 'F', 'O1b', 'O1b', 'O1b', 'O1b') [(0, 2), (0, 4), (1, 4), (1, 5), (2, 3), (2, 4), (3, 4), (3, 5), (4, 5)] slack 1 faces [(0, 2, 4), (1, 4, 5), (2, 3, 4), (3, 4, 5)] twoF [] partners {}
ROW ('F', 'F', 'O1b', 'O1b', 'O1b', 'O1b') [(0, 2), (0, 5), (1, 4), (1, 5), (2, 3), (2, 4), (3, 4), (3, 5), (4, 5)] slack 0 faces [(0, 2, 5), (1, 4, 5), (2, 3, 4), (3, 4, 5)] twoF [] partners {}
ROW ('F', 'F', 'O1b', 'O1b', 'O1b', 'O1b') [(0, 3), (0, 5), (1, 4), (1, 5), (2, 3), (2, 4), (3, 4), (3, 5), (4, 5)] slack 1 faces [(0, 3, 5), (1, 4, 5), (2, 3, 4), (3, 4, 5)] twoF [] partners {}
ROW ('F', 'F', 'O1b', 'O1b', 'O1b', 'O1b') [(0, 2), (0, 5), (1, 3), (1, 4), (2, 5), (3, 4), (3, 5), (4, 5)] slack 0 faces [(0, 2, 5), (1, 3, 4), (3, 4, 5)] twoF [] partners {}
ROW ('F', 'F', 'O1b', 'O1b', 'O1b', 'O1b') [(0, 3), (0, 5), (1, 3), (1, 4), (2, 5), (3, 4), (3, 5), (4, 5)] slack 0 faces [(0, 3, 5), (1, 3, 4), (3, 4, 5)] twoF [] partners {}
ROW ('F', 'F', 'O1b', 'O1b', 'O1b', 'O1b') [(0, 4), (0, 5), (1, 3), (1, 4), (2, 5), (3, 4), (3, 5), (4, 5)] slack 0 faces [(0, 4, 5), (1, 3, 4), (3, 4, 5)] twoF [] partners {}
ROW ('F', 'F', 'O1b', 'O1b', 'O1b', 'O1b') [(0, 3), (0, 4), (1, 2), (1, 5), (2, 5), (3, 4), (3, 5), (4, 5)] slack 0 faces [(0, 3, 4), (1, 2, 5), (3, 4, 5)] twoF [] partners {}
ROW ('F', 'F', 'O1b', 'O1b', 'O1b', 'O1b') [(0, 2), (0, 5), (1, 2), (1, 5), (2, 5), (3, 4), (3, 5), (4, 5)] slack 0 faces [(0, 2, 5), (1, 2, 5), (3, 4, 5)] twoF [] partners {}
ROW ('F', 'F', 'O1b', 'O1b', 'O1b', 'O1b') [(0, 3), (0, 5), (1, 2), (1, 5), (2, 5), (3, 4), (3, 5), (4, 5)] slack 0 faces [(0, 3, 5), (1, 2, 5), (3, 4, 5)] twoF [] partners {}
ROW ('F', 'F', 'O1b', 'O1b', 'O1b', 'O1b') [(0, 4), (0, 5), (1, 2), (1, 5), (2, 5), (3, 4), (3, 5), (4, 5)] slack 0 faces [(0, 4, 5), (1, 2, 5), (3, 4, 5)] twoF [] partners {}
ROW ('F', 'F', 'O1b', 'O1b', 'O1b', 'O1b') [(0, 3), (0, 4), (1, 3), (1, 5), (2, 5), (3, 4), (3, 5), (4, 5)] slack 0 faces [(0, 3, 4), (1, 3, 5), (3, 4, 5)] twoF [] partners {}
ROW ('F', 'F', 'O1b', 'O1b', 'O1b', 'O1b') [(0, 2), (0, 5), (1, 3), (1, 5), (2, 5), (3, 4), (3, 5), (4, 5)] slack 0 faces [(0, 2, 5), (1, 3, 5), (3, 4, 5)] twoF [] partners {}
ROW ('F', 'F', 'O1b', 'O1b', 'O1b', 'O1b') [(0, 4), (0, 5), (1, 3), (1, 5), (2, 5), (3, 4), (3, 5), (4, 5)] slack 0 faces [(0, 4, 5), (1, 3, 5), (3, 4, 5)] twoF [] partners {}
ROW ('F', 'F', 'O1b', 'O1b', 'O1b', 'O1b') [(0, 3), (0, 4), (1, 4), (1, 5), (2, 5), (3, 4), (3, 5), (4, 5)] slack 0 faces [(0, 3, 4), (1, 4, 5), (3, 4, 5)] twoF [] partners {}
ROW ('F', 'F', 'O1b', 'O1b', 'O1b', 'O1b') [(0, 2), (0, 5), (1, 4), (1, 5), (2, 5), (3, 4), (3, 5), (4, 5)] slack 0 faces [(0, 2, 5), (1, 4, 5), (3, 4, 5)] twoF [] partners {}
ROW ('F', 'F', 'O1b', 'O1b', 'O1b', 'O1b') [(0, 3), (0, 5), (1, 4), (1, 5), (2, 5), (3, 4), (3, 5), (4, 5)] slack 0 faces [(0, 3, 5), (1, 4, 5), (3, 4, 5)] twoF [] partners {}
ROW ('F', 'F', 'O1b', 'O1b', 'O1b', 'O1b') [(0, 1), (0, 2), (1, 2), (2, 3), (2, 5), (3, 4), (3, 5), (4, 5)] slack 0 faces [(0, 1, 2), (2, 3, 5), (3, 4, 5)] twoF [(0, 1, 2)] partners {}
ROW ('F', 'F', 'O1b', 'O1b', 'O1b', 'O1b') [(0, 1), (0, 3), (1, 3), (2, 3), (2, 5), (3, 4), (3, 5), (4, 5)] slack 0 faces [(0, 1, 3), (2, 3, 5), (3, 4, 5)] twoF [(0, 1, 3)] partners {}
ROW ('F', 'F', 'O1b', 'O1b', 'O1b', 'O1b') [(0, 2), (0, 4), (1, 2), (1, 3), (2, 3), (2, 5), (3, 4), (3, 5), (4, 5)] slack 0 faces [(0, 2, 4), (1, 2, 3), (2, 3, 5), (3, 4, 5)] twoF [] partners {}
ROW ('F', 'F', 'O1b', 'O1b', 'O1b', 'O1b') [(0, 3), (0, 4), (1, 2), (1, 3), (2, 3), (2, 5), (3, 4), (3, 5), (4, 5)] slack 1 faces [(0, 3, 4), (1, 2, 3), (2, 3, 5), (3, 4, 5)] twoF [] partners {}
ROW ('F', 'F', 'O1b', 'O1b', 'O1b', 'O1b') [(0, 2), (0, 5), (1, 2), (1, 3), (2, 3), (2, 5), (3, 4), (3, 5), (4, 5)] slack 1 faces [(0, 2, 5), (1, 2, 3), (2, 3, 5), (3, 4, 5)] twoF [] partners {}
ROW ('F', 'F', 'O1b', 'O1b', 'O1b', 'O1b') [(0, 4), (0, 5), (1, 2), (1, 3), (2, 3), (2, 5), (3, 4), (3, 5), (4, 5)] slack 1 faces [(0, 4, 5), (1, 2, 3), (2, 3, 5), (3, 4, 5)] twoF [] partners {}
ROW ('F', 'F', 'O1b', 'O1b', 'O1b', 'O1b') [(0, 1), (0, 4), (1, 4), (2, 3), (2, 5), (3, 4), (3, 5), (4, 5)] slack 0 faces [(0, 1, 4), (2, 3, 5), (3, 4, 5)] twoF [(0, 1, 4)] partners {}
ROW ('F', 'F', 'O1b', 'O1b', 'O1b', 'O1b') [(0, 2), (0, 3), (1, 2), (1, 4), (2, 3), (2, 5), (3, 4), (3, 5), (4, 5)] slack 0 faces [(0, 2, 3), (1, 2, 4), (2, 3, 5), (3, 4, 5)] twoF [] partners {}
ROW ('F', 'F', 'O1b', 'O1b', 'O1b', 'O1b') [(0, 2), (0, 4), (1, 2), (1, 4), (2, 3), (2, 5), (3, 4), (3, 5), (4, 5)] slack 0 faces [(0, 2, 4), (1, 2, 4), (2, 3, 5), (3, 4, 5)] twoF [] partners {}
ROW ('F', 'F', 'O1b', 'O1b', 'O1b', 'O1b') [(0, 3), (0, 4), (1, 2), (1, 4), (2, 3), (2, 5), (3, 4), (3, 5), (4, 5)] slack 0 faces [(0, 3, 4), (1, 2, 4), (2, 3, 5), (3, 4, 5)] twoF [] partners {}
ROW ('F', 'F', 'O1b', 'O1b', 'O1b', 'O1b') [(0, 2), (0, 5), (1, 2), (1, 4), (2, 3), (2, 5), (3, 4), (3, 5), (4, 5)] slack 0 faces [(0, 2, 5), (1, 2, 4), (2, 3, 5), (3, 4, 5)] twoF [] partners {}
ROW ('F', 'F', 'O1b', 'O1b', 'O1b', 'O1b') [(0, 4), (0, 5), (1, 2), (1, 4), (2, 3), (2, 5), (3, 4), (3, 5), (4, 5)] slack 0 faces [(0, 4, 5), (1, 2, 4), (2, 3, 5), (3, 4, 5)] twoF [] partners {}
ROW ('F', 'F', 'O1b', 'O1b', 'O1b', 'O1b') [(0, 2), (0, 3), (1, 3), (1, 4), (2, 3), (2, 5), (3, 4), (3, 5), (4, 5)] slack 1 faces [(0, 2, 3), (1, 3, 4), (2, 3, 5), (3, 4, 5)] twoF [] partners {}
ROW ('F', 'F', 'O1b', 'O1b', 'O1b', 'O1b') [(0, 2), (0, 4), (1, 3), (1, 4), (2, 3), (2, 5), (3, 4), (3, 5), (4, 5)] slack 0 faces [(0, 2, 4), (1, 3, 4), (2, 3, 5), (3, 4, 5)] twoF [] partners {}
ROW ('F', 'F', 'O1b', 'O1b', 'O1b', 'O1b') [(0, 2), (0, 5), (1, 3), (1, 4), (2, 3), (2, 5), (3, 4), (3, 5), (4, 5)] slack 1 faces [(0, 2, 5), (1, 3, 4), (2, 3, 5), (3, 4, 5)] twoF [] partners {}
ROW ('F', 'F', 'O1b', 'O1b', 'O1b', 'O1b') [(0, 4), (0, 5), (1, 3), (1, 4), (2, 3), (2, 5), (3, 4), (3, 5), (4, 5)] slack 1 faces [(0, 4, 5), (1, 3, 4), (2, 3, 5), (3, 4, 5)] twoF [] partners {}
ROW ('F', 'F', 'O1b', 'O1b', 'O1b', 'O1b') [(0, 1), (0, 5), (1, 5), (2, 3), (2, 5), (3, 4), (3, 5), (4, 5)] slack 0 faces [(0, 1, 5), (2, 3, 5), (3, 4, 5)] twoF [(0, 1, 5)] partners {}
ROW ('F', 'F', 'O1b', 'O1b', 'O1b', 'O1b') [(0, 2), (0, 3), (1, 2), (1, 5), (2, 3), (2, 5), (3, 4), (3, 5), (4, 5)] slack 1 faces [(0, 2, 3), (1, 2, 5), (2, 3, 5), (3, 4, 5)] twoF [] partners {}
ROW ('F', 'F', 'O1b', 'O1b', 'O1b', 'O1b') [(0, 2), (0, 4), (1, 2), (1, 5), (2, 3), (2, 5), (3, 4), (3, 5), (4, 5)] slack 0 faces [(0, 2, 4), (1, 2, 5), (2, 3, 5), (3, 4, 5)] twoF [] partners {}
ROW ('F', 'F', 'O1b', 'O1b', 'O1b', 'O1b') [(0, 3), (0, 4), (1, 2), (1, 5), (2, 3), (2, 5), (3, 4), (3, 5), (4, 5)] slack 1 faces [(0, 3, 4), (1, 2, 5), (2, 3, 5), (3, 4, 5)] twoF [] partners {}
ROW ('F', 'F', 'O1b', 'O1b', 'O1b', 'O1b') [(0, 4), (0, 5), (1, 2), (1, 5), (2, 3), (2, 5), (3, 4), (3, 5), (4, 5)] slack 1 faces [(0, 4, 5), (1, 2, 5), (2, 3, 5), (3, 4, 5)] twoF [] partners {}
ROW ('F', 'F', 'O1b', 'O1b', 'O1b', 'O1b') [(0, 2), (0, 3), (1, 4), (1, 5), (2, 3), (2, 5), (3, 4), (3, 5), (4, 5)] slack 1 faces [(0, 2, 3), (1, 4, 5), (2, 3, 5), (3, 4, 5)] twoF [] partners {}
ROW ('F', 'F', 'O1b', 'O1b', 'O1b', 'O1b') [(0, 2), (0, 4), (1, 4), (1, 5), (2, 3), (2, 5), (3, 4), (3, 5), (4, 5)] slack 0 faces [(0, 2, 4), (1, 4, 5), (2, 3, 5), (3, 4, 5)] twoF [] partners {}
ROW ('F', 'F', 'O1b', 'O1b', 'O1b', 'O1b') [(0, 3), (0, 4), (1, 4), (1, 5), (2, 3), (2, 5), (3, 4), (3, 5), (4, 5)] slack 1 faces [(0, 3, 4), (1, 4, 5), (2, 3, 5), (3, 4, 5)] twoF [] partners {}
ROW ('F', 'F', 'O1b', 'O1b', 'O1b', 'O1b') [(0, 2), (0, 5), (1, 4), (1, 5), (2, 3), (2, 5), (3, 4), (3, 5), (4, 5)] slack 1 faces [(0, 2, 5), (1, 4, 5), (2, 3, 5), (3, 4, 5)] twoF [] partners {}
ROW ('F', 'F', 'O1b', 'O1b', 'O1b', 'O1b') [(0, 1), (0, 2), (1, 2), (2, 4), (2, 5), (3, 4), (3, 5), (4, 5)] slack 0 faces [(0, 1, 2), (2, 4, 5), (3, 4, 5)] twoF [(0, 1, 2)] partners {}
ROW ('F', 'F', 'O1b', 'O1b', 'O1b', 'O1b') [(0, 1), (0, 3), (1, 3), (2, 4), (2, 5), (3, 4), (3, 5), (4, 5)] slack 0 faces [(0, 1, 3), (2, 4, 5), (3, 4, 5)] twoF [(0, 1, 3)] partners {}
ROW ('F', 'F', 'O1b', 'O1b', 'O1b', 'O1b') [(0, 2), (0, 3), (1, 2), (1, 3), (2, 4), (2, 5), (3, 4), (3, 5), (4, 5)] slack 0 faces [(0, 2, 3), (1, 2, 3), (2, 4, 5), (3, 4, 5)] twoF [] partners {}
ROW ('F', 'F', 'O1b', 'O1b', 'O1b', 'O1b') [(0, 2), (0, 4), (1, 2), (1, 3), (2, 4), (2, 5), (3, 4), (3, 5), (4, 5)] slack 0 faces [(0, 2, 4), (1, 2, 3), (2, 4, 5), (3, 4, 5)] twoF [] partners {}
ROW ('F', 'F', 'O1b', 'O1b', 'O1b', 'O1b') [(0, 3), (0, 4), (1, 2), (1, 3), (2, 4), (2, 5), (3, 4), (3, 5), (4, 5)] slack 0 faces [(0, 3, 4), (1, 2, 3), (2, 4, 5), (3, 4, 5)] twoF [] partners {}
ROW ('F', 'F', 'O1b', 'O1b', 'O1b', 'O1b') [(0, 2), (0, 5), (1, 2), (1, 3), (2, 4), (2, 5), (3, 4), (3, 5), (4, 5)] slack 0 faces [(0, 2, 5), (1, 2, 3), (2, 4, 5), (3, 4, 5)] twoF [] partners {}
ROW ('F', 'F', 'O1b', 'O1b', 'O1b', 'O1b') [(0, 3), (0, 5), (1, 2), (1, 3), (2, 4), (2, 5), (3, 4), (3, 5), (4, 5)] slack 0 faces [(0, 3, 5), (1, 2, 3), (2, 4, 5), (3, 4, 5)] twoF [] partners {}
ROW ('F', 'F', 'O1b', 'O1b', 'O1b', 'O1b') [(0, 1), (0, 4), (1, 4), (2, 4), (2, 5), (3, 4), (3, 5), (4, 5)] slack 0 faces [(0, 1, 4), (2, 4, 5), (3, 4, 5)] twoF [(0, 1, 4)] partners {}
ROW ('F', 'F', 'O1b', 'O1b', 'O1b', 'O1b') [(0, 2), (0, 3), (1, 2), (1, 4), (2, 4), (2, 5), (3, 4), (3, 5), (4, 5)] slack 0 faces [(0, 2, 3), (1, 2, 4), (2, 4, 5), (3, 4, 5)] twoF [] partners {}
ROW ('F', 'F', 'O1b', 'O1b', 'O1b', 'O1b') [(0, 3), (0, 4), (1, 2), (1, 4), (2, 4), (2, 5), (3, 4), (3, 5), (4, 5)] slack 1 faces [(0, 3, 4), (1, 2, 4), (2, 4, 5), (3, 4, 5)] twoF [] partners {}
ROW ('F', 'F', 'O1b', 'O1b', 'O1b', 'O1b') [(0, 2), (0, 5), (1, 2), (1, 4), (2, 4), (2, 5), (3, 4), (3, 5), (4, 5)] slack 1 faces [(0, 2, 5), (1, 2, 4), (2, 4, 5), (3, 4, 5)] twoF [] partners {}
ROW ('F', 'F', 'O1b', 'O1b', 'O1b', 'O1b') [(0, 3), (0, 5), (1, 2), (1, 4), (2, 4), (2, 5), (3, 4), (3, 5), (4, 5)] slack 1 faces [(0, 3, 5), (1, 2, 4), (2, 4, 5), (3, 4, 5)] twoF [] partners {}
ROW ('F', 'F', 'O1b', 'O1b', 'O1b', 'O1b') [(0, 2), (0, 3), (1, 3), (1, 4), (2, 4), (2, 5), (3, 4), (3, 5), (4, 5)] slack 0 faces [(0, 2, 3), (1, 3, 4), (2, 4, 5), (3, 4, 5)] twoF [] partners {}
ROW ('F', 'F', 'O1b', 'O1b', 'O1b', 'O1b') [(0, 2), (0, 4), (1, 3), (1, 4), (2, 4), (2, 5), (3, 4), (3, 5), (4, 5)] slack 1 faces [(0, 2, 4), (1, 3, 4), (2, 4, 5), (3, 4, 5)] twoF [] partners {}
ROW ('F', 'F', 'O1b', 'O1b', 'O1b', 'O1b') [(0, 2), (0, 5), (1, 3), (1, 4), (2, 4), (2, 5), (3, 4), (3, 5), (4, 5)] slack 1 faces [(0, 2, 5), (1, 3, 4), (2, 4, 5), (3, 4, 5)] twoF [] partners {}
ROW ('F', 'F', 'O1b', 'O1b', 'O1b', 'O1b') [(0, 3), (0, 5), (1, 3), (1, 4), (2, 4), (2, 5), (3, 4), (3, 5), (4, 5)] slack 1 faces [(0, 3, 5), (1, 3, 4), (2, 4, 5), (3, 4, 5)] twoF [] partners {}
ROW ('F', 'F', 'O1b', 'O1b', 'O1b', 'O1b') [(0, 1), (0, 5), (1, 5), (2, 4), (2, 5), (3, 4), (3, 5), (4, 5)] slack 0 faces [(0, 1, 5), (2, 4, 5), (3, 4, 5)] twoF [(0, 1, 5)] partners {}
ROW ('F', 'F', 'O1b', 'O1b', 'O1b', 'O1b') [(0, 2), (0, 3), (1, 2), (1, 5), (2, 4), (2, 5), (3, 4), (3, 5), (4, 5)] slack 0 faces [(0, 2, 3), (1, 2, 5), (2, 4, 5), (3, 4, 5)] twoF [] partners {}
ROW ('F', 'F', 'O1b', 'O1b', 'O1b', 'O1b') [(0, 2), (0, 4), (1, 2), (1, 5), (2, 4), (2, 5), (3, 4), (3, 5), (4, 5)] slack 1 faces [(0, 2, 4), (1, 2, 5), (2, 4, 5), (3, 4, 5)] twoF [] partners {}
ROW ('F', 'F', 'O1b', 'O1b', 'O1b', 'O1b') [(0, 3), (0, 4), (1, 2), (1, 5), (2, 4), (2, 5), (3, 4), (3, 5), (4, 5)] slack 1 faces [(0, 3, 4), (1, 2, 5), (2, 4, 5), (3, 4, 5)] twoF [] partners {}
ROW ('F', 'F', 'O1b', 'O1b', 'O1b', 'O1b') [(0, 3), (0, 5), (1, 2), (1, 5), (2, 4), (2, 5), (3, 4), (3, 5), (4, 5)] slack 1 faces [(0, 3, 5), (1, 2, 5), (2, 4, 5), (3, 4, 5)] twoF [] partners {}
ROW ('F', 'F', 'O1b', 'O1b', 'O1b', 'O1b') [(0, 2), (0, 3), (1, 3), (1, 5), (2, 4), (2, 5), (3, 4), (3, 5), (4, 5)] slack 0 faces [(0, 2, 3), (1, 3, 5), (2, 4, 5), (3, 4, 5)] twoF [] partners {}
ROW ('F', 'F', 'O1b', 'O1b', 'O1b', 'O1b') [(0, 2), (0, 4), (1, 3), (1, 5), (2, 4), (2, 5), (3, 4), (3, 5), (4, 5)] slack 1 faces [(0, 2, 4), (1, 3, 5), (2, 4, 5), (3, 4, 5)] twoF [] partners {}
ROW ('F', 'F', 'O1b', 'O1b', 'O1b', 'O1b') [(0, 3), (0, 4), (1, 3), (1, 5), (2, 4), (2, 5), (3, 4), (3, 5), (4, 5)] slack 1 faces [(0, 3, 4), (1, 3, 5), (2, 4, 5), (3, 4, 5)] twoF [] partners {}
ROW ('F', 'F', 'O1b', 'O1b', 'O1b', 'O1b') [(0, 2), (0, 5), (1, 3), (1, 5), (2, 4), (2, 5), (3, 4), (3, 5), (4, 5)] slack 1 faces [(0, 2, 5), (1, 3, 5), (2, 4, 5), (3, 4, 5)] twoF [] partners {}
ROW ('F', 'V', 'V', 'V', 'O1b', 'O0') [(0, 4), (0, 5), (1, 4), (1, 5), (2, 4), (2, 5), (3, 4), (3, 5)] slack 0 faces [(0, 4, 5)] twoF [] partners {1: 4, 2: 5, 3: 5}
ROW ('F', 'V', 'V', 'V', 'O1b', 'O0') [(0, 4), (0, 5), (1, 5), (2, 5), (3, 4), (4, 5)] slack 0 faces [(0, 4, 5)] twoF [] partners {1: 5, 2: 5, 3: 4}
ROW ('F', 'V', 'V', 'V', 'O1b', 'O0') [(0, 4), (0, 5), (1, 5), (2, 4), (3, 5), (4, 5)] slack 0 faces [(0, 4, 5)] twoF [] partners {1: 5, 2: 4, 3: 5}
ROW ('F', 'V', 'V', 'V', 'O1b', 'O0') [(0, 4), (0, 5), (1, 4), (2, 5), (3, 5), (4, 5)] slack 0 faces [(0, 4, 5)] twoF [] partners {1: 4, 2: 5, 3: 5}
ROW ('F', 'V', 'V', 'O1', 'O1', 'O1b') [(0, 1), (0, 5), (1, 3), (1, 4), (1, 5), (2, 5)] slack 0 faces [(0, 1, 5)] twoF [] partners {1: 3, 2: 5}
ROW ('F', 'V', 'V', 'O1', 'O1', 'O1b') [(0, 2), (0, 5), (1, 5), (2, 3), (2, 4), (2, 5)] slack 0 faces [(0, 2, 5)] twoF [] partners {1: 5, 2: 3}
ROW ('F', 'V', 'V', 'O1', 'O1b', 'O1b') [(0, 1), (0, 4), (1, 3), (1, 4), (1, 5), (2, 4), (2, 5)] slack 0 faces [(0, 1, 4)] twoF [] partners {1: 5, 2: 4}
ROW ('F', 'V', 'V', 'O1', 'O1b', 'O1b') [(0, 1), (0, 5), (1, 3), (1, 4), (1, 5), (2, 4), (2, 5)] slack 0 faces [(0, 1, 5)] twoF [] partners {1: 4, 2: 5}
ROW ('F', 'V', 'V', 'O1', 'O1b', 'O1b') [(0, 2), (0, 4), (1, 4), (1, 5), (2, 3), (2, 4), (2, 5)] slack 0 faces [(0, 2, 4)] twoF [] partners {1: 4, 2: 5}
ROW ('F', 'V', 'V', 'O1', 'O1b', 'O1b') [(0, 2), (0, 5), (1, 4), (1, 5), (2, 3), (2, 4), (2, 5)] slack 0 faces [(0, 2, 5)] twoF [] partners {1: 5, 2: 4}
ROW ('F', 'V', 'V', 'O1', 'O1b', 'O1b') [(0, 4), (0, 5), (1, 4), (1, 5), (2, 4), (2, 5), (3, 4)] slack 0 faces [(0, 4, 5)] twoF [] partners {1: 4, 2: 5}
ROW ('F', 'V', 'V', 'O1', 'O1b', 'O1b') [(0, 4), (0, 5), (1, 4), (1, 5), (2, 4), (2, 5), (3, 5)] slack 0 faces [(0, 4, 5)] twoF [] partners {1: 4, 2: 5}
ROW ('F', 'V', 'V', 'O1', 'O1b', 'O1b') [(0, 4), (0, 5), (1, 4), (2, 3), (4, 5)] slack 0 faces [(0, 4, 5)] twoF [] partners {1: 4, 2: 3}
ROW ('F', 'V', 'V', 'O1', 'O1b', 'O1b') [(0, 4), (0, 5), (1, 5), (2, 3), (4, 5)] slack 0 faces [(0, 4, 5)] twoF [] partners {1: 5, 2: 3}
ROW ('F', 'V', 'V', 'O1', 'O1b', 'O1b') [(0, 4), (0, 5), (1, 3), (2, 4), (4, 5)] slack 0 faces [(0, 4, 5)] twoF [] partners {1: 3, 2: 4}
ROW ('F', 'V', 'V', 'O1', 'O1b', 'O1b') [(0, 4), (0, 5), (1, 3), (1, 4), (2, 4), (4, 5)] slack 0 faces [(0, 4, 5)] twoF [] partners {1: 3, 2: 4}
ROW ('F', 'V', 'V', 'O1', 'O1b', 'O1b') [(0, 4), (0, 5), (1, 5), (2, 4), (4, 5)] slack 0 faces [(0, 4, 5)] twoF [] partners {1: 5, 2: 4}
ROW ('F', 'V', 'V', 'O1', 'O1b', 'O1b') [(0, 4), (0, 5), (1, 3), (1, 5), (2, 4), (4, 5)] slack 0 faces [(0, 4, 5)] twoF [] partners {1: 3, 2: 4}
ROW ('F', 'V', 'V', 'O1', 'O1b', 'O1b') [(0, 1), (0, 4), (1, 3), (1, 4), (1, 5), (2, 4), (4, 5)] slack 0 faces [(0, 1, 4), (1, 4, 5)] twoF [] partners {1: 3, 2: 4}
ROW ('F', 'V', 'V', 'O1', 'O1b', 'O1b') [(0, 1), (0, 5), (1, 3), (1, 4), (1, 5), (2, 4), (4, 5)] slack 0 faces [(0, 1, 5), (1, 4, 5)] twoF [] partners {1: 3, 2: 4}
ROW ('F', 'V', 'V', 'O1', 'O1b', 'O1b') [(0, 4), (0, 5), (1, 4), (2, 3), (2, 4), (4, 5)] slack 0 faces [(0, 4, 5)] twoF [] partners {1: 4, 2: 3}
ROW ('F', 'V', 'V', 'O1', 'O1b', 'O1b') [(0, 4), (0, 5), (1, 5), (2, 3), (2, 4), (4, 5)] slack 0 faces [(0, 4, 5)] twoF [] partners {1: 5, 2: 3}
ROW ('F', 'V', 'V', 'O1', 'O1b', 'O1b') [(0, 4), (0, 5), (1, 3), (2, 5), (4, 5)] slack 0 faces [(0, 4, 5)] twoF [] partners {1: 3, 2: 5}
ROW ('F', 'V', 'V', 'O1', 'O1b', 'O1b') [(0, 4), (0, 5), (1, 4), (2, 5), (4, 5)] slack 0 faces [(0, 4, 5)] twoF [] partners {1: 4, 2: 5}
ROW ('F', 'V', 'V', 'O1', 'O1b', 'O1b') [(0, 4), (0, 5), (1, 3), (1, 4), (2, 5), (4, 5)] slack 0 faces [(0, 4, 5)] twoF [] partners {1: 3, 2: 5}
ROW ('F', 'V', 'V', 'O1', 'O1b', 'O1b') [(0, 4), (0, 5), (1, 3), (1, 5), (2, 5), (4, 5)] slack 0 faces [(0, 4, 5)] twoF [] partners {1: 3, 2: 5}
ROW ('F', 'V', 'V', 'O1', 'O1b', 'O1b') [(0, 1), (0, 4), (1, 3), (1, 4), (1, 5), (2, 5), (4, 5)] slack 0 faces [(0, 1, 4), (1, 4, 5)] twoF [] partners {1: 3, 2: 5}
ROW ('F', 'V', 'V', 'O1', 'O1b', 'O1b') [(0, 1), (0, 5), (1, 3), (1, 4), (1, 5), (2, 5), (4, 5)] slack 0 faces [(0, 1, 5), (1, 4, 5)] twoF [] partners {1: 3, 2: 5}
ROW ('F', 'V', 'V', 'O1', 'O1b', 'O1b') [(0, 4), (0, 5), (1, 4), (2, 3), (2, 5), (4, 5)] slack 0 faces [(0, 4, 5)] twoF [] partners {1: 4, 2: 3}
ROW ('F', 'V', 'V', 'O1', 'O1b', 'O1b') [(0, 4), (0, 5), (1, 5), (2, 3), (2, 5), (4, 5)] slack 0 faces [(0, 4, 5)] twoF [] partners {1: 5, 2: 3}
ROW ('F', 'V', 'V', 'O1', 'O1b', 'O1b') [(0, 2), (0, 4), (1, 4), (2, 3), (2, 4), (2, 5), (4, 5)] slack 0 faces [(0, 2, 4), (2, 4, 5)] twoF [] partners {1: 4, 2: 3}
ROW ('F', 'V', 'V', 'O1', 'O1b', 'O1b') [(0, 2), (0, 5), (1, 4), (2, 3), (2, 4), (2, 5), (4, 5)] slack 0 faces [(0, 2, 5), (2, 4, 5)] twoF [] partners {1: 4, 2: 3}
ROW ('F', 'V', 'V', 'O1', 'O1b', 'O1b') [(0, 2), (0, 4), (1, 5), (2, 3), (2, 4), (2, 5), (4, 5)] slack 0 faces [(0, 2, 4), (2, 4, 5)] twoF [] partners {1: 5, 2: 3}
ROW ('F', 'V', 'V', 'O1', 'O1b', 'O1b') [(0, 2), (0, 5), (1, 5), (2, 3), (2, 4), (2, 5), (4, 5)] slack 0 faces [(0, 2, 5), (2, 4, 5)] twoF [] partners {1: 5, 2: 3}
ROW ('F', 'V', 'V', 'O1', 'O1b', 'O1b') [(0, 4), (0, 5), (1, 5), (2, 4), (3, 4), (4, 5)] slack 1 faces [(0, 4, 5)] twoF [] partners {1: 5, 2: 4}
ROW ('F', 'V', 'V', 'O1', 'O1b', 'O1b') [(0, 4), (0, 5), (1, 2), (1, 5), (2, 4), (3, 4), (4, 5)] slack 0 faces [(0, 4, 5)] twoF [] partners {1: 5, 2: 4}
ROW ('F', 'V', 'V', 'O1', 'O1b', 'O1b') [(0, 4), (0, 5), (1, 4), (2, 5), (3, 4), (4, 5)] slack 1 faces [(0, 4, 5)] twoF [] partners {1: 4, 2: 5}
ROW ('F', 'V', 'V', 'O1', 'O1b', 'O1b') [(0, 4), (0, 5), (1, 2), (1, 4), (2, 5), (3, 4), (4, 5)] slack 0 faces [(0, 4, 5)] twoF [] partners {1: 4, 2: 5}
ROW ('F', 'V', 'V', 'O1', 'O1b', 'O1b') [(0, 4), (0, 5), (1, 5), (2, 4), (3, 5), (4, 5)] slack 1 faces [(0, 4, 5)] twoF [] partners {1: 5, 2: 4}
ROW ('F', 'V', 'V', 'O1', 'O1b', 'O1b') [(0, 4), (0, 5), (1, 2), (1, 5), (2, 4), (3, 5), (4, 5)] slack 0 faces [(0, 4, 5)] twoF [] partners {1: 5, 2: 4}
ROW ('F', 'V', 'V', 'O1', 'O1b', 'O1b') [(0, 4), (0, 5), (1, 4), (2, 5), (3, 5), (4, 5)] slack 1 faces [(0, 4, 5)] twoF [] partners {1: 4, 2: 5}
ROW ('F', 'V', 'V', 'O1', 'O1b', 'O1b') [(0, 4), (0, 5), (1, 2), (1, 4), (2, 5), (3, 5), (4, 5)] slack 0 faces [(0, 4, 5)] twoF [] partners {1: 4, 2: 5}
ROW ('F', 'V', 'V', 'O1b', 'O1b', 'O1b') [(0, 3), (0, 4), (1, 3), (1, 5), (2, 3), (2, 5), (3, 4)] slack 0 faces [(0, 3, 4)] twoF [] partners {1: 3, 2: 5}
ROW ('F', 'V', 'V', 'O1b', 'O1b', 'O1b') [(0, 1), (0, 3), (1, 3), (1, 4), (1, 5), (2, 3), (2, 5), (3, 4)] slack 0 faces [(0, 1, 3), (1, 3, 4)] twoF [] partners {1: 5, 2: 3}
ROW ('F', 'V', 'V', 'O1b', 'O1b', 'O1b') [(0, 1), (0, 4), (1, 3), (1, 4), (1, 5), (2, 3), (2, 5), (3, 4)] slack 0 faces [(0, 1, 4), (1, 3, 4)] twoF [] partners {1: 5, 2: 3}
ROW ('F', 'V', 'V', 'O1b', 'O1b', 'O1b') [(0, 3), (0, 4), (1, 4), (1, 5), (2, 4), (2, 5), (3, 4)] slack 0 faces [(0, 3, 4)] twoF [] partners {1: 4, 2: 5}
ROW ('F', 'V', 'V', 'O1b', 'O1b', 'O1b') [(0, 1), (0, 3), (1, 3), (1, 4), (1, 5), (2, 4), (2, 5), (3, 4)] slack 0 faces [(0, 1, 3), (1, 3, 4)] twoF [] partners {1: 5, 2: 4}
ROW ('F', 'V', 'V', 'O1b', 'O1b', 'O1b') [(0, 1), (0, 4), (1, 3), (1, 4), (1, 5), (2, 4), (2, 5), (3, 4)] slack 0 faces [(0, 1, 4), (1, 3, 4)] twoF [] partners {1: 5, 2: 4}
ROW ('F', 'V', 'V', 'O1b', 'O1b', 'O1b') [(0, 2), (0, 3), (1, 3), (1, 5), (2, 3), (2, 4), (2, 5), (3, 4)] slack 0 faces [(0, 2, 3), (2, 3, 4)] twoF [] partners {1: 3, 2: 5}
ROW ('F', 'V', 'V', 'O1b', 'O1b', 'O1b') [(0, 2), (0, 4), (1, 3), (1, 5), (2, 3), (2, 4), (2, 5), (3, 4)] slack 0 faces [(0, 2, 4), (2, 3, 4)] twoF [] partners {1: 3, 2: 5}
ROW ('F', 'V', 'V', 'O1b', 'O1b', 'O1b') [(0, 2), (0, 3), (1, 4), (1, 5), (2, 3), (2, 4), (2, 5), (3, 4)] slack 0 faces [(0, 2, 3), (2, 3, 4)] twoF [] partners {1: 4, 2: 5}
ROW ('F', 'V', 'V', 'O1b', 'O1b', 'O1b') [(0, 2), (0, 4), (1, 4), (1, 5), (2, 3), (2, 4), (2, 5), (3, 4)] slack 0 faces [(0, 2, 4), (2, 3, 4)] twoF [] partners {1: 4, 2: 5}
ROW ('F', 'V', 'V', 'O1b', 'O1b', 'O1b') [(0, 3), (0, 5), (1, 3), (1, 4), (2, 3), (2, 4), (3, 5)] slack 0 faces [(0, 3, 5)] twoF [] partners {1: 3, 2: 4}
ROW ('F', 'V', 'V', 'O1b', 'O1b', 'O1b') [(0, 1), (0, 3), (1, 3), (1, 4), (1, 5), (2, 3), (2, 4), (3, 5)] slack 0 faces [(0, 1, 3), (1, 3, 5)] twoF [] partners {1: 4, 2: 3}
ROW ('F', 'V', 'V', 'O1b', 'O1b', 'O1b') [(0, 1), (0, 5), (1, 3), (1, 4), (1, 5), (2, 3), (2, 4), (3, 5)] slack 0 faces [(0, 1, 5), (1, 3, 5)] twoF [] partners {1: 4, 2: 3}
ROW ('F', 'V', 'V', 'O1b', 'O1b', 'O1b') [(0, 3), (0, 5), (1, 4), (1, 5), (2, 4), (2, 5), (3, 5)] slack 0 faces [(0, 3, 5)] twoF [] partners {1: 4, 2: 5}
ROW ('F', 'V', 'V', 'O1b', 'O1b', 'O1b') [(0, 1), (0, 3), (1, 3), (1, 4), (1, 5), (2, 4), (2, 5), (3, 5)] slack 0 faces [(0, 1, 3), (1, 3, 5)] twoF [] partners {1: 4, 2: 5}
ROW ('F', 'V', 'V', 'O1b', 'O1b', 'O1b') [(0, 1), (0, 5), (1, 3), (1, 4), (1, 5), (2, 4), (2, 5), (3, 5)] slack 0 faces [(0, 1, 5), (1, 3, 5)] twoF [] partners {1: 4, 2: 5}
ROW ('F', 'V', 'V', 'O1b', 'O1b', 'O1b') [(0, 2), (0, 3), (1, 3), (1, 4), (2, 3), (2, 4), (2, 5), (3, 5)] slack 0 faces [(0, 2, 3), (2, 3, 5)] twoF [] partners {1: 3, 2: 4}
ROW ('F', 'V', 'V', 'O1b', 'O1b', 'O1b') [(0, 2), (0, 5), (1, 3), (1, 4), (2, 3), (2, 4), (2, 5), (3, 5)] slack 0 faces [(0, 2, 5), (2, 3, 5)] twoF [] partners {1: 3, 2: 4}
ROW ('F', 'V', 'V', 'O1b', 'O1b', 'O1b') [(0, 2), (0, 3), (1, 4), (1, 5), (2, 3), (2, 4), (2, 5), (3, 5)] slack 0 faces [(0, 2, 3), (2, 3, 5)] twoF [] partners {1: 5, 2: 4}
ROW ('F', 'V', 'V', 'O1b', 'O1b', 'O1b') [(0, 2), (0, 5), (1, 4), (1, 5), (2, 3), (2, 4), (2, 5), (3, 5)] slack 0 faces [(0, 2, 5), (2, 3, 5)] twoF [] partners {1: 5, 2: 4}
ROW ('F', 'V', 'V', 'O1b', 'O1b', 'O1b') [(0, 3), (0, 4), (1, 4), (2, 3), (3, 4), (3, 5)] slack 0 faces [(0, 3, 4)] twoF [] partners {1: 4, 2: 3}
ROW ('F', 'V', 'V', 'O1b', 'O1b', 'O1b') [(0, 3), (0, 5), (1, 4), (2, 3), (3, 4), (3, 5)] slack 0 faces [(0, 3, 5)] twoF [] partners {1: 4, 2: 3}
ROW ('F', 'V', 'V', 'O1b', 'O1b', 'O1b') [(0, 3), (0, 4), (1, 5), (2, 3), (3, 4), (3, 5)] slack 0 faces [(0, 3, 4)] twoF [] partners {1: 5, 2: 3}
ROW ('F', 'V', 'V', 'O1b', 'O1b', 'O1b') [(0, 3), (0, 5), (1, 5), (2, 3), (3, 4), (3, 5)] slack 0 faces [(0, 3, 5)] twoF [] partners {1: 5, 2: 3}
ROW ('F', 'V', 'V', 'O1b', 'O1b', 'O1b') [(0, 3), (0, 4), (1, 4), (1, 5), (2, 3), (3, 4), (3, 5)] slack 0 faces [(0, 3, 4)] twoF [] partners {1: 4, 2: 3}
ROW ('F', 'V', 'V', 'O1b', 'O1b', 'O1b') [(0, 3), (0, 5), (1, 4), (1, 5), (2, 3), (3, 4), (3, 5)] slack 0 faces [(0, 3, 5)] twoF [] partners {1: 4, 2: 3}
ROW ('F', 'V', 'V', 'O1b', 'O1b', 'O1b') [(0, 3), (0, 4), (1, 3), (2, 4), (3, 4), (3, 5)] slack 0 faces [(0, 3, 4)] twoF [] partners {1: 3, 2: 4}
ROW ('F', 'V', 'V', 'O1b', 'O1b', 'O1b') [(0, 3), (0, 5), (1, 3), (2, 4), (3, 4), (3, 5)] slack 0 faces [(0, 3, 5)] twoF [] partners {1: 3, 2: 4}
ROW ('F', 'V', 'V', 'O1b', 'O1b', 'O1b') [(0, 3), (0, 4), (1, 5), (2, 4), (3, 4), (3, 5)] slack 0 faces [(0, 3, 4)] twoF [] partners {1: 5, 2: 4}
ROW ('F', 'V', 'V', 'O1b', 'O1b', 'O1b') [(0, 3), (0, 5), (1, 5), (2, 4), (3, 4), (3, 5)] slack 0 faces [(0, 3, 5)] twoF [] partners {1: 5, 2: 4}
ROW ('F', 'V', 'V', 'O1b', 'O1b', 'O1b') [(0, 3), (0, 4), (1, 4), (1, 5), (2, 4), (3, 4), (3, 5)] slack 0 faces [(0, 3, 4)] twoF [] partners {1: 5, 2: 4}
ROW ('F', 'V', 'V', 'O1b', 'O1b', 'O1b') [(0, 3), (0, 5), (1, 4), (1, 5), (2, 4), (3, 4), (3, 5)] slack 0 faces [(0, 3, 5)] twoF [] partners {1: 5, 2: 4}
ROW ('F', 'V', 'V', 'O1b', 'O1b', 'O1b') [(0, 3), (0, 4), (1, 3), (2, 5), (3, 4), (3, 5)] slack 0 faces [(0, 3, 4)] twoF [] partners {1: 3, 2: 5}
ROW ('F', 'V', 'V', 'O1b', 'O1b', 'O1b') [(0, 3), (0, 5), (1, 3), (2, 5), (3, 4), (3, 5)] slack 0 faces [(0, 3, 5)] twoF [] partners {1: 3, 2: 5}
ROW ('F', 'V', 'V', 'O1b', 'O1b', 'O1b') [(0, 3), (0, 4), (1, 4), (2, 5), (3, 4), (3, 5)] slack 0 faces [(0, 3, 4)] twoF [] partners {1: 4, 2: 5}
ROW ('F', 'V', 'V', 'O1b', 'O1b', 'O1b') [(0, 3), (0, 5), (1, 4), (2, 5), (3, 4), (3, 5)] slack 0 faces [(0, 3, 5)] twoF [] partners {1: 4, 2: 5}
ROW ('F', 'V', 'V', 'O1b', 'O1b', 'O1b') [(0, 3), (0, 4), (1, 4), (1, 5), (2, 5), (3, 4), (3, 5)] slack 0 faces [(0, 3, 4)] twoF [] partners {1: 4, 2: 5}
ROW ('F', 'V', 'V', 'O1b', 'O1b', 'O1b') [(0, 3), (0, 5), (1, 4), (1, 5), (2, 5), (3, 4), (3, 5)] slack 0 faces [(0, 3, 5)] twoF [] partners {1: 4, 2: 5}
ROW ('F', 'V', 'V', 'O1b', 'O1b', 'O1b') [(0, 3), (0, 4), (1, 3), (2, 4), (2, 5), (3, 4), (3, 5)] slack 0 faces [(0, 3, 4)] twoF [] partners {1: 3, 2: 4}
ROW ('F', 'V', 'V', 'O1b', 'O1b', 'O1b') [(0, 3), (0, 5), (1, 3), (2, 4), (2, 5), (3, 4), (3, 5)] slack 0 faces [(0, 3, 5)] twoF [] partners {1: 3, 2: 4}
ROW ('F', 'V', 'V', 'O1b', 'O1b', 'O1b') [(0, 3), (0, 4), (1, 4), (2, 4), (2, 5), (3, 4), (3, 5)] slack 0 faces [(0, 3, 4)] twoF [] partners {1: 4, 2: 5}
ROW ('F', 'V', 'V', 'O1b', 'O1b', 'O1b') [(0, 3), (0, 5), (1, 4), (2, 4), (2, 5), (3, 4), (3, 5)] slack 0 faces [(0, 3, 5)] twoF [] partners {1: 4, 2: 5}
ROW ('F', 'V', 'V', 'O1b', 'O1b', 'O1b') [(0, 3), (0, 4), (1, 5), (2, 4), (2, 5), (3, 4), (3, 5)] slack 0 faces [(0, 3, 4)] twoF [] partners {1: 5, 2: 4}
ROW ('F', 'V', 'V', 'O1b', 'O1b', 'O1b') [(0, 3), (0, 5), (1, 5), (2, 4), (2, 5), (3, 4), (3, 5)] slack 0 faces [(0, 3, 5)] twoF [] partners {1: 5, 2: 4}
ROW ('F', 'V', 'V', 'O1b', 'O1b', 'O1b') [(0, 3), (0, 4), (1, 4), (1, 5), (2, 4), (2, 5), (3, 4), (3, 5)] slack 1 faces [(0, 3, 4)] twoF [] partners {1: 4, 2: 5}
ROW ('F', 'V', 'V', 'O1b', 'O1b', 'O1b') [(0, 3), (0, 5), (1, 4), (1, 5), (2, 4), (2, 5), (3, 4), (3, 5)] slack 1 faces [(0, 3, 5)] twoF [] partners {1: 4, 2: 5}
ROW ('F', 'V', 'V', 'O1b', 'O1b', 'O1b') [(0, 4), (0, 5), (1, 4), (1, 5), (2, 4), (2, 5), (3, 4), (3, 5)] slack 0 faces [(0, 4, 5)] twoF [] partners {1: 4, 2: 5}
ROW ('F', 'V', 'V', 'O1b', 'O1b', 'O1b') [(0, 4), (0, 5), (1, 3), (1, 4), (2, 3), (2, 4), (4, 5)] slack 0 faces [(0, 4, 5)] twoF [] partners {1: 3, 2: 4}
ROW ('F', 'V', 'V', 'O1b', 'O1b', 'O1b') [(0, 1), (0, 4), (1, 3), (1, 4), (1, 5), (2, 3), (2, 4), (4, 5)] slack 0 faces [(0, 1, 4), (1, 4, 5)] twoF [] partners {1: 3, 2: 4}
ROW ('F', 'V', 'V', 'O1b', 'O1b', 'O1b') [(0, 1), (0, 5), (1, 3), (1, 4), (1, 5), (2, 3), (2, 4), (4, 5)] slack 0 faces [(0, 1, 5), (1, 4, 5)] twoF [] partners {1: 3, 2: 4}
ROW ('F', 'V', 'V', 'O1b', 'O1b', 'O1b') [(0, 4), (0, 5), (1, 3), (1, 5), (2, 3), (2, 5), (4, 5)] slack 0 faces [(0, 4, 5)] twoF [] partners {1: 3, 2: 5}
ROW ('F', 'V', 'V', 'O1b', 'O1b', 'O1b') [(0, 1), (0, 4), (1, 3), (1, 4), (1, 5), (2, 3), (2, 5), (4, 5)] slack 0 faces [(0, 1, 4), (1, 4, 5)] twoF [] partners {1: 3, 2: 5}
ROW ('F', 'V', 'V', 'O1b', 'O1b', 'O1b') [(0, 1), (0, 5), (1, 3), (1, 4), (1, 5), (2, 3), (2, 5), (4, 5)] slack 0 faces [(0, 1, 5), (1, 4, 5)] twoF [] partners {1: 3, 2: 5}
ROW ('F', 'V', 'V', 'O1b', 'O1b', 'O1b') [(0, 2), (0, 4), (1, 3), (1, 4), (2, 3), (2, 4), (2, 5), (4, 5)] slack 0 faces [(0, 2, 4), (2, 4, 5)] twoF [] partners {1: 4, 2: 3}
ROW ('F', 'V', 'V', 'O1b', 'O1b', 'O1b') [(0, 2), (0, 5), (1, 3), (1, 4), (2, 3), (2, 4), (2, 5), (4, 5)] slack 0 faces [(0, 2, 5), (2, 4, 5)] twoF [] partners {1: 4, 2: 3}
ROW ('F', 'V', 'V', 'O1b', 'O1b', 'O1b') [(0, 2), (0, 4), (1, 3), (1, 5), (2, 3), (2, 4), (2, 5), (4, 5)] slack 0 faces [(0, 2, 4), (2, 4, 5)] twoF [] partners {1: 5, 2: 3}
ROW ('F', 'V', 'V', 'O1b', 'O1b', 'O1b') [(0, 2), (0, 5), (1, 3), (1, 5), (2, 3), (2, 4), (2, 5), (4, 5)] slack 0 faces [(0, 2, 5), (2, 4, 5)] twoF [] partners {1: 5, 2: 3}
ROW ('F', 'V', 'V', 'O1b', 'O1b', 'O1b') [(0, 3), (0, 4), (1, 4), (2, 3), (3, 4), (4, 5)] slack 0 faces [(0, 3, 4)] twoF [] partners {1: 4, 2: 3}
ROW ('F', 'V', 'V', 'O1b', 'O1b', 'O1b') [(0, 4), (0, 5), (1, 4), (2, 3), (3, 4), (4, 5)] slack 0 faces [(0, 4, 5)] twoF [] partners {1: 4, 2: 3}
ROW ('F', 'V', 'V', 'O1b', 'O1b', 'O1b') [(0, 3), (0, 4), (1, 5), (2, 3), (3, 4), (4, 5)] slack 0 faces [(0, 3, 4)] twoF [] partners {1: 5, 2: 3}
ROW ('F', 'V', 'V', 'O1b', 'O1b', 'O1b') [(0, 4), (0, 5), (1, 5), (2, 3), (3, 4), (4, 5)] slack 0 faces [(0, 4, 5)] twoF [] partners {1: 5, 2: 3}
ROW ('F', 'V', 'V', 'O1b', 'O1b', 'O1b') [(0, 3), (0, 4), (1, 3), (1, 5), (2, 3), (3, 4), (4, 5)] slack 0 faces [(0, 3, 4)] twoF [] partners {1: 5, 2: 3}
ROW ('F', 'V', 'V', 'O1b', 'O1b', 'O1b') [(0, 4), (0, 5), (1, 3), (1, 5), (2, 3), (3, 4), (4, 5)] slack 0 faces [(0, 4, 5)] twoF [] partners {1: 5, 2: 3}
ROW ('F', 'V', 'V', 'O1b', 'O1b', 'O1b') [(0, 3), (0, 4), (1, 3), (2, 4), (3, 4), (4, 5)] slack 0 faces [(0, 3, 4)] twoF [] partners {1: 3, 2: 4}
ROW ('F', 'V', 'V', 'O1b', 'O1b', 'O1b') [(0, 4), (0, 5), (1, 3), (2, 4), (3, 4), (4, 5)] slack 0 faces [(0, 4, 5)] twoF [] partners {1: 3, 2: 4}
ROW ('F', 'V', 'V', 'O1b', 'O1b', 'O1b') [(0, 3), (0, 4), (1, 5), (2, 4), (3, 4), (4, 5)] slack 0 faces [(0, 3, 4)] twoF [] partners {1: 5, 2: 4}
ROW ('F', 'V', 'V', 'O1b', 'O1b', 'O1b') [(0, 4), (0, 5), (1, 5), (2, 4), (3, 4), (4, 5)] slack 0 faces [(0, 4, 5)] twoF [] partners {1: 5, 2: 4}
ROW ('F', 'V', 'V', 'O1b', 'O1b', 'O1b') [(0, 3), (0, 4), (1, 3), (1, 5), (2, 4), (3, 4), (4, 5)] slack 0 faces [(0, 3, 4)] twoF [] partners {1: 3, 2: 4}
ROW ('F', 'V', 'V', 'O1b', 'O1b', 'O1b') [(0, 4), (0, 5), (1, 3), (1, 5), (2, 4), (3, 4), (4, 5)] slack 0 faces [(0, 4, 5)] twoF [] partners {1: 3, 2: 4}
ROW ('F', 'V', 'V', 'O1b', 'O1b', 'O1b') [(0, 3), (0, 4), (1, 3), (2, 5), (3, 4), (4, 5)] slack 0 faces [(0, 3, 4)] twoF [] partners {1: 3, 2: 5}
ROW ('F', 'V', 'V', 'O1b', 'O1b', 'O1b') [(0, 4), (0, 5), (1, 3), (2, 5), (3, 4), (4, 5)] slack 0 faces [(0, 4, 5)] twoF [] partners {1: 3, 2: 5}
ROW ('F', 'V', 'V', 'O1b', 'O1b', 'O1b') [(0, 3), (0, 4), (1, 4), (2, 5), (3, 4), (4, 5)] slack 0 faces [(0, 3, 4)] twoF [] partners {1: 4, 2: 5}
ROW ('F', 'V', 'V', 'O1b', 'O1b', 'O1b') [(0, 4), (0, 5), (1, 4), (2, 5), (3, 4), (4, 5)] slack 0 faces [(0, 4, 5)] twoF [] partners {1: 4, 2: 5}
ROW ('F', 'V', 'V', 'O1b', 'O1b', 'O1b') [(0, 3), (0, 4), (1, 3), (1, 5), (2, 5), (3, 4), (4, 5)] slack 0 faces [(0, 3, 4)] twoF [] partners {1: 3, 2: 5}
ROW ('F', 'V', 'V', 'O1b', 'O1b', 'O1b') [(0, 4), (0, 5), (1, 3), (1, 5), (2, 5), (3, 4), (4, 5)] slack 0 faces [(0, 4, 5)] twoF [] partners {1: 3, 2: 5}
ROW ('F', 'V', 'V', 'O1b', 'O1b', 'O1b') [(0, 3), (0, 4), (1, 3), (2, 3), (2, 5), (3, 4), (4, 5)] slack 0 faces [(0, 3, 4)] twoF [] partners {1: 3, 2: 5}
ROW ('F', 'V', 'V', 'O1b', 'O1b', 'O1b') [(0, 4), (0, 5), (1, 3), (2, 3), (2, 5), (3, 4), (4, 5)] slack 0 faces [(0, 4, 5)] twoF [] partners {1: 3, 2: 5}
ROW ('F', 'V', 'V', 'O1b', 'O1b', 'O1b') [(0, 3), (0, 4), (1, 4), (2, 3), (2, 5), (3, 4), (4, 5)] slack 0 faces [(0, 3, 4)] twoF [] partners {1: 4, 2: 3}
ROW ('F', 'V', 'V', 'O1b', 'O1b', 'O1b') [(0, 4), (0, 5), (1, 4), (2, 3), (2, 5), (3, 4), (4, 5)] slack 0 faces [(0, 4, 5)] twoF [] partners {1: 4, 2: 3}
ROW ('F', 'V', 'V', 'O1b', 'O1b', 'O1b') [(0, 3), (0, 4), (1, 5), (2, 3), (2, 5), (3, 4), (4, 5)] slack 0 faces [(0, 3, 4)] twoF [] partners {1: 5, 2: 3}
ROW ('F', 'V', 'V', 'O1b', 'O1b', 'O1b') [(0, 4), (0, 5), (1, 5), (2, 3), (2, 5), (3, 4), (4, 5)] slack 0 faces [(0, 4, 5)] twoF [] partners {1: 5, 2: 3}
ROW ('F', 'V', 'V', 'O1b', 'O1b', 'O1b') [(0, 3), (0, 4), (1, 3), (1, 5), (2, 3), (2, 5), (3, 4), (4, 5)] slack 1 faces [(0, 3, 4)] twoF [] partners {1: 3, 2: 5}
ROW ('F', 'V', 'V', 'O1b', 'O1b', 'O1b') [(0, 3), (0, 5), (1, 3), (1, 5), (2, 3), (2, 5), (3, 4), (4, 5)] slack 0 faces [(0, 3, 5)] twoF [] partners {1: 3, 2: 5}
ROW ('F', 'V', 'V', 'O1b', 'O1b', 'O1b') [(0, 4), (0, 5), (1, 3), (1, 5), (2, 3), (2, 5), (3, 4), (4, 5)] slack 1 faces [(0, 4, 5)] twoF [] partners {1: 3, 2: 5}
ROW ('F', 'V', 'V', 'O1b', 'O1b', 'O1b') [(0, 3), (0, 5), (1, 4), (2, 3), (3, 5), (4, 5)] slack 0 faces [(0, 3, 5)] twoF [] partners {1: 4, 2: 3}
ROW ('F', 'V', 'V', 'O1b', 'O1b', 'O1b') [(0, 4), (0, 5), (1, 4), (2, 3), (3, 5), (4, 5)] slack 0 faces [(0, 4, 5)] twoF [] partners {1: 4, 2: 3}
ROW ('F', 'V', 'V', 'O1b', 'O1b', 'O1b') [(0, 3), (0, 5), (1, 3), (1, 4), (2, 3), (3, 5), (4, 5)] slack 0 faces [(0, 3, 5)] twoF [] partners {1: 4, 2: 3}
ROW ('F', 'V', 'V', 'O1b', 'O1b', 'O1b') [(0, 4), (0, 5), (1, 3), (1, 4), (2, 3), (3, 5), (4, 5)] slack 0 faces [(0, 4, 5)] twoF [] partners {1: 4, 2: 3}
ROW ('F', 'V', 'V', 'O1b', 'O1b', 'O1b') [(0, 3), (0, 5), (1, 5), (2, 3), (3, 5), (4, 5)] slack 0 faces [(0, 3, 5)] twoF [] partners {1: 5, 2: 3}
ROW ('F', 'V', 'V', 'O1b', 'O1b', 'O1b') [(0, 4), (0, 5), (1, 5), (2, 3), (3, 5), (4, 5)] slack 0 faces [(0, 4, 5)] twoF [] partners {1: 5, 2: 3}
ROW ('F', 'V', 'V', 'O1b', 'O1b', 'O1b') [(0, 3), (0, 5), (1, 3), (2, 4), (3, 5), (4, 5)] slack 0 faces [(0, 3, 5)] twoF [] partners {1: 3, 2: 4}
ROW ('F', 'V', 'V', 'O1b', 'O1b', 'O1b') [(0, 4), (0, 5), (1, 3), (2, 4), (3, 5), (4, 5)] slack 0 faces [(0, 4, 5)] twoF [] partners {1: 3, 2: 4}
ROW ('F', 'V', 'V', 'O1b', 'O1b', 'O1b') [(0, 3), (0, 5), (1, 3), (1, 4), (2, 4), (3, 5), (4, 5)] slack 0 faces [(0, 3, 5)] twoF [] partners {1: 3, 2: 4}
ROW ('F', 'V', 'V', 'O1b', 'O1b', 'O1b') [(0, 4), (0, 5), (1, 3), (1, 4), (2, 4), (3, 5), (4, 5)] slack 0 faces [(0, 4, 5)] twoF [] partners {1: 3, 2: 4}
ROW ('F', 'V', 'V', 'O1b', 'O1b', 'O1b') [(0, 3), (0, 5), (1, 5), (2, 4), (3, 5), (4, 5)] slack 0 faces [(0, 3, 5)] twoF [] partners {1: 5, 2: 4}
ROW ('F', 'V', 'V', 'O1b', 'O1b', 'O1b') [(0, 4), (0, 5), (1, 5), (2, 4), (3, 5), (4, 5)] slack 0 faces [(0, 4, 5)] twoF [] partners {1: 5, 2: 4}
ROW ('F', 'V', 'V', 'O1b', 'O1b', 'O1b') [(0, 3), (0, 5), (1, 3), (2, 3), (2, 4), (3, 5), (4, 5)] slack 0 faces [(0, 3, 5)] twoF [] partners {1: 3, 2: 4}
ROW ('F', 'V', 'V', 'O1b', 'O1b', 'O1b') [(0, 4), (0, 5), (1, 3), (2, 3), (2, 4), (3, 5), (4, 5)] slack 0 faces [(0, 4, 5)] twoF [] partners {1: 3, 2: 4}
ROW ('F', 'V', 'V', 'O1b', 'O1b', 'O1b') [(0, 3), (0, 5), (1, 4), (2, 3), (2, 4), (3, 5), (4, 5)] slack 0 faces [(0, 3, 5)] twoF [] partners {1: 4, 2: 3}
ROW ('F', 'V', 'V', 'O1b', 'O1b', 'O1b') [(0, 4), (0, 5), (1, 4), (2, 3), (2, 4), (3, 5), (4, 5)] slack 0 faces [(0, 4, 5)] twoF [] partners {1: 4, 2: 3}
ROW ('F', 'V', 'V', 'O1b', 'O1b', 'O1b') [(0, 3), (0, 4), (1, 3), (1, 4), (2, 3), (2, 4), (3, 5), (4, 5)] slack 0 faces [(0, 3, 4)] twoF [] partners {1: 3, 2: 4}
ROW ('F', 'V', 'V', 'O1b', 'O1b', 'O1b') [(0, 3), (0, 5), (1, 3), (1, 4), (2, 3), (2, 4), (3, 5), (4, 5)] slack 1 faces [(0, 3, 5)] twoF [] partners {1: 3, 2: 4}
ROW ('F', 'V', 'V', 'O1b', 'O1b', 'O1b') [(0, 4), (0, 5), (1, 3), (1, 4), (2, 3), (2, 4), (3, 5), (4, 5)] slack 1 faces [(0, 4, 5)] twoF [] partners {1: 3, 2: 4}
ROW ('F', 'V', 'V', 'O1b', 'O1b', 'O1b') [(0, 3), (0, 5), (1, 5), (2, 3), (2, 4), (3, 5), (4, 5)] slack 0 faces [(0, 3, 5)] twoF [] partners {1: 5, 2: 3}
ROW ('F', 'V', 'V', 'O1b', 'O1b', 'O1b') [(0, 4), (0, 5), (1, 5), (2, 3), (2, 4), (3, 5), (4, 5)] slack 0 faces [(0, 4, 5)] twoF [] partners {1: 5, 2: 3}
ROW ('F', 'V', 'V', 'O1b', 'O1b', 'O1b') [(0, 3), (0, 5), (1, 3), (2, 5), (3, 5), (4, 5)] slack 0 faces [(0, 3, 5)] twoF [] partners {1: 3, 2: 5}
ROW ('F', 'V', 'V', 'O1b', 'O1b', 'O1b') [(0, 4), (0, 5), (1, 3), (2, 5), (3, 5), (4, 5)] slack 0 faces [(0, 4, 5)] twoF [] partners {1: 3, 2: 5}
ROW ('F', 'V', 'V', 'O1b', 'O1b', 'O1b') [(0, 3), (0, 5), (1, 4), (2, 5), (3, 5), (4, 5)] slack 0 faces [(0, 3, 5)] twoF [] partners {1: 4, 2: 5}
ROW ('F', 'V', 'V', 'O1b', 'O1b', 'O1b') [(0, 4), (0, 5), (1, 4), (2, 5), (3, 5), (4, 5)] slack 0 faces [(0, 4, 5)] twoF [] partners {1: 4, 2: 5}
ROW ('F', 'V', 'V', 'O1b', 'O1b', 'O1b') [(0, 3), (0, 5), (1, 3), (1, 4), (2, 5), (3, 5), (4, 5)] slack 0 faces [(0, 3, 5)] twoF [] partners {1: 3, 2: 5}
ROW ('F', 'V', 'V', 'O1b', 'O1b', 'O1b') [(0, 4), (0, 5), (1, 3), (1, 4), (2, 5), (3, 5), (4, 5)] slack 0 faces [(0, 4, 5)] twoF [] partners {1: 3, 2: 5}
ROW ('F', 'V', 'V', 'O1b', 'O1b', 'O1b') [(0, 3), (0, 4), (1, 4), (2, 3), (3, 4), (3, 5), (4, 5)] slack 1 faces [(0, 3, 4), (3, 4, 5)] twoF [] partners {1: 4, 2: 3}
ROW ('F', 'V', 'V', 'O1b', 'O1b', 'O1b') [(0, 3), (0, 5), (1, 4), (2, 3), (3, 4), (3, 5), (4, 5)] slack 1 faces [(0, 3, 5), (3, 4, 5)] twoF [] partners {1: 4, 2: 3}
ROW ('F', 'V', 'V', 'O1b', 'O1b', 'O1b') [(0, 4), (0, 5), (1, 4), (2, 3), (3, 4), (3, 5), (4, 5)] slack 1 faces [(0, 4, 5), (3, 4, 5)] twoF [] partners {1: 4, 2: 3}
ROW ('F', 'V', 'V', 'O1b', 'O1b', 'O1b') [(0, 3), (0, 4), (1, 2), (1, 4), (2, 3), (3, 4), (3, 5), (4, 5)] slack 0 faces [(0, 3, 4), (3, 4, 5)] twoF [] partners {1: 4, 2: 3}
ROW ('F', 'V', 'V', 'O1b', 'O1b', 'O1b') [(0, 3), (0, 5), (1, 2), (1, 4), (2, 3), (3, 4), (3, 5), (4, 5)] slack 0 faces [(0, 3, 5), (3, 4, 5)] twoF [] partners {1: 4, 2: 3}
ROW ('F', 'V', 'V', 'O1b', 'O1b', 'O1b') [(0, 4), (0, 5), (1, 2), (1, 4), (2, 3), (3, 4), (3, 5), (4, 5)] slack 0 faces [(0, 4, 5), (3, 4, 5)] twoF [] partners {1: 4, 2: 3}
ROW ('F', 'V', 'V', 'O1b', 'O1b', 'O1b') [(0, 3), (0, 4), (1, 5), (2, 3), (3, 4), (3, 5), (4, 5)] slack 1 faces [(0, 3, 4), (3, 4, 5)] twoF [] partners {1: 5, 2: 3}
ROW ('F', 'V', 'V', 'O1b', 'O1b', 'O1b') [(0, 3), (0, 5), (1, 5), (2, 3), (3, 4), (3, 5), (4, 5)] slack 1 faces [(0, 3, 5), (3, 4, 5)] twoF [] partners {1: 5, 2: 3}
ROW ('F', 'V', 'V', 'O1b', 'O1b', 'O1b') [(0, 4), (0, 5), (1, 5), (2, 3), (3, 4), (3, 5), (4, 5)] slack 1 faces [(0, 4, 5), (3, 4, 5)] twoF [] partners {1: 5, 2: 3}
ROW ('F', 'V', 'V', 'O1b', 'O1b', 'O1b') [(0, 3), (0, 4), (1, 2), (1, 5), (2, 3), (3, 4), (3, 5), (4, 5)] slack 0 faces [(0, 3, 4), (3, 4, 5)] twoF [] partners {1: 5, 2: 3}
ROW ('F', 'V', 'V', 'O1b', 'O1b', 'O1b') [(0, 3), (0, 5), (1, 2), (1, 5), (2, 3), (3, 4), (3, 5), (4, 5)] slack 0 faces [(0, 3, 5), (3, 4, 5)] twoF [] partners {1: 5, 2: 3}
ROW ('F', 'V', 'V', 'O1b', 'O1b', 'O1b') [(0, 4), (0, 5), (1, 2), (1, 5), (2, 3), (3, 4), (3, 5), (4, 5)] slack 0 faces [(0, 4, 5), (3, 4, 5)] twoF [] partners {1: 5, 2: 3}
ROW ('F', 'V', 'V', 'O1b', 'O1b', 'O1b') [(0, 3), (0, 4), (1, 3), (2, 4), (3, 4), (3, 5), (4, 5)] slack 1 faces [(0, 3, 4), (3, 4, 5)] twoF [] partners {1: 3, 2: 4}
ROW ('F', 'V', 'V', 'O1b', 'O1b', 'O1b') [(0, 3), (0, 5), (1, 3), (2, 4), (3, 4), (3, 5), (4, 5)] slack 1 faces [(0, 3, 5), (3, 4, 5)] twoF [] partners {1: 3, 2: 4}
ROW ('F', 'V', 'V', 'O1b', 'O1b', 'O1b') [(0, 4), (0, 5), (1, 3), (2, 4), (3, 4), (3, 5), (4, 5)] slack 1 faces [(0, 4, 5), (3, 4, 5)] twoF [] partners {1: 3, 2: 4}
ROW ('F', 'V', 'V', 'O1b', 'O1b', 'O1b') [(0, 3), (0, 4), (1, 2), (1, 3), (2, 4), (3, 4), (3, 5), (4, 5)] slack 0 faces [(0, 3, 4), (3, 4, 5)] twoF [] partners {1: 3, 2: 4}
ROW ('F', 'V', 'V', 'O1b', 'O1b', 'O1b') [(0, 3), (0, 5), (1, 2), (1, 3), (2, 4), (3, 4), (3, 5), (4, 5)] slack 0 faces [(0, 3, 5), (3, 4, 5)] twoF [] partners {1: 3, 2: 4}
ROW ('F', 'V', 'V', 'O1b', 'O1b', 'O1b') [(0, 4), (0, 5), (1, 2), (1, 3), (2, 4), (3, 4), (3, 5), (4, 5)] slack 0 faces [(0, 4, 5), (3, 4, 5)] twoF [] partners {1: 3, 2: 4}
ROW ('F', 'V', 'V', 'O1b', 'O1b', 'O1b') [(0, 3), (0, 4), (1, 5), (2, 4), (3, 4), (3, 5), (4, 5)] slack 1 faces [(0, 3, 4), (3, 4, 5)] twoF [] partners {1: 5, 2: 4}
ROW ('F', 'V', 'V', 'O1b', 'O1b', 'O1b') [(0, 3), (0, 5), (1, 5), (2, 4), (3, 4), (3, 5), (4, 5)] slack 1 faces [(0, 3, 5), (3, 4, 5)] twoF [] partners {1: 5, 2: 4}
ROW ('F', 'V', 'V', 'O1b', 'O1b', 'O1b') [(0, 4), (0, 5), (1, 5), (2, 4), (3, 4), (3, 5), (4, 5)] slack 1 faces [(0, 4, 5), (3, 4, 5)] twoF [] partners {1: 5, 2: 4}
ROW ('F', 'V', 'V', 'O1b', 'O1b', 'O1b') [(0, 3), (0, 4), (1, 2), (1, 5), (2, 4), (3, 4), (3, 5), (4, 5)] slack 0 faces [(0, 3, 4), (3, 4, 5)] twoF [] partners {1: 5, 2: 4}
ROW ('F', 'V', 'V', 'O1b', 'O1b', 'O1b') [(0, 3), (0, 5), (1, 2), (1, 5), (2, 4), (3, 4), (3, 5), (4, 5)] slack 0 faces [(0, 3, 5), (3, 4, 5)] twoF [] partners {1: 5, 2: 4}
ROW ('F', 'V', 'V', 'O1b', 'O1b', 'O1b') [(0, 4), (0, 5), (1, 2), (1, 5), (2, 4), (3, 4), (3, 5), (4, 5)] slack 0 faces [(0, 4, 5), (3, 4, 5)] twoF [] partners {1: 5, 2: 4}
ROW ('F', 'V', 'V', 'O1b', 'O1b', 'O1b') [(0, 3), (0, 4), (1, 3), (2, 5), (3, 4), (3, 5), (4, 5)] slack 1 faces [(0, 3, 4), (3, 4, 5)] twoF [] partners {1: 3, 2: 5}
ROW ('F', 'V', 'V', 'O1b', 'O1b', 'O1b') [(0, 3), (0, 5), (1, 3), (2, 5), (3, 4), (3, 5), (4, 5)] slack 1 faces [(0, 3, 5), (3, 4, 5)] twoF [] partners {1: 3, 2: 5}
ROW ('F', 'V', 'V', 'O1b', 'O1b', 'O1b') [(0, 4), (0, 5), (1, 3), (2, 5), (3, 4), (3, 5), (4, 5)] slack 1 faces [(0, 4, 5), (3, 4, 5)] twoF [] partners {1: 3, 2: 5}
ROW ('F', 'V', 'V', 'O1b', 'O1b', 'O1b') [(0, 3), (0, 4), (1, 2), (1, 3), (2, 5), (3, 4), (3, 5), (4, 5)] slack 0 faces [(0, 3, 4), (3, 4, 5)] twoF [] partners {1: 3, 2: 5}
ROW ('F', 'V', 'V', 'O1b', 'O1b', 'O1b') [(0, 3), (0, 5), (1, 2), (1, 3), (2, 5), (3, 4), (3, 5), (4, 5)] slack 0 faces [(0, 3, 5), (3, 4, 5)] twoF [] partners {1: 3, 2: 5}
ROW ('F', 'V', 'V', 'O1b', 'O1b', 'O1b') [(0, 4), (0, 5), (1, 2), (1, 3), (2, 5), (3, 4), (3, 5), (4, 5)] slack 0 faces [(0, 4, 5), (3, 4, 5)] twoF [] partners {1: 3, 2: 5}
ROW ('F', 'V', 'V', 'O1b', 'O1b', 'O1b') [(0, 3), (0, 4), (1, 4), (2, 5), (3, 4), (3, 5), (4, 5)] slack 1 faces [(0, 3, 4), (3, 4, 5)] twoF [] partners {1: 4, 2: 5}
ROW ('F', 'V', 'V', 'O1b', 'O1b', 'O1b') [(0, 3), (0, 5), (1, 4), (2, 5), (3, 4), (3, 5), (4, 5)] slack 1 faces [(0, 3, 5), (3, 4, 5)] twoF [] partners {1: 4, 2: 5}
ROW ('F', 'V', 'V', 'O1b', 'O1b', 'O1b') [(0, 4), (0, 5), (1, 4), (2, 5), (3, 4), (3, 5), (4, 5)] slack 1 faces [(0, 4, 5), (3, 4, 5)] twoF [] partners {1: 4, 2: 5}
ROW ('F', 'V', 'V', 'O1b', 'O1b', 'O1b') [(0, 3), (0, 4), (1, 2), (1, 4), (2, 5), (3, 4), (3, 5), (4, 5)] slack 0 faces [(0, 3, 4), (3, 4, 5)] twoF [] partners {1: 4, 2: 5}
ROW ('F', 'V', 'V', 'O1b', 'O1b', 'O1b') [(0, 3), (0, 5), (1, 2), (1, 4), (2, 5), (3, 4), (3, 5), (4, 5)] slack 0 faces [(0, 3, 5), (3, 4, 5)] twoF [] partners {1: 4, 2: 5}
ROW ('F', 'V', 'V', 'O1b', 'O1b', 'O1b') [(0, 4), (0, 5), (1, 2), (1, 4), (2, 5), (3, 4), (3, 5), (4, 5)] slack 0 faces [(0, 4, 5), (3, 4, 5)] twoF [] partners {1: 4, 2: 5}
ROW ('F', 'V', 'O1', 'O1', 'O1b', 'O1b') [(0, 4), (0, 5), (1, 4), (2, 4), (3, 4), (4, 5)] slack 0 faces [(0, 4, 5)] twoF [] partners {1: 4}
ROW ('F', 'V', 'O1', 'O1', 'O1b', 'O1b') [(0, 4), (0, 5), (1, 5), (2, 4), (3, 4), (4, 5)] slack 0 faces [(0, 4, 5)] twoF [] partners {1: 5}
ROW ('F', 'V', 'O1', 'O1', 'O1b', 'O1b') [(0, 4), (0, 5), (1, 4), (2, 5), (3, 4), (4, 5)] slack 0 faces [(0, 4, 5)] twoF [] partners {1: 4}
ROW ('F', 'V', 'O1', 'O1', 'O1b', 'O1b') [(0, 4), (0, 5), (1, 5), (2, 5), (3, 4), (4, 5)] slack 0 faces [(0, 4, 5)] twoF [] partners {1: 5}
ROW ('F', 'V', 'O1', 'O1', 'O1b', 'O1b') [(0, 4), (0, 5), (1, 4), (2, 4), (3, 5), (4, 5)] slack 0 faces [(0, 4, 5)] twoF [] partners {1: 4}
ROW ('F', 'V', 'O1', 'O1', 'O1b', 'O1b') [(0, 4), (0, 5), (1, 5), (2, 4), (3, 5), (4, 5)] slack 0 faces [(0, 4, 5)] twoF [] partners {1: 5}
ROW ('F', 'V', 'O1', 'O1', 'O1b', 'O1b') [(0, 4), (0, 5), (1, 4), (2, 5), (3, 5), (4, 5)] slack 0 faces [(0, 4, 5)] twoF [] partners {1: 4}
ROW ('F', 'V', 'O1', 'O1', 'O1b', 'O1b') [(0, 4), (0, 5), (1, 5), (2, 5), (3, 5), (4, 5)] slack 0 faces [(0, 4, 5)] twoF [] partners {1: 5}
ROW ('F', 'V', 'O1', 'O1b', 'O1b', 'O1b') [(0, 3), (0, 4), (1, 3), (2, 3), (3, 4), (3, 5), (4, 5)] slack 0 faces [(0, 3, 4), (3, 4, 5)] twoF [] partners {1: 3}
ROW ('F', 'V', 'O1', 'O1b', 'O1b', 'O1b') [(0, 3), (0, 5), (1, 3), (2, 3), (3, 4), (3, 5), (4, 5)] slack 0 faces [(0, 3, 5), (3, 4, 5)] twoF [] partners {1: 3}
ROW ('F', 'V', 'O1', 'O1b', 'O1b', 'O1b') [(0, 4), (0, 5), (1, 3), (2, 3), (3, 4), (3, 5), (4, 5)] slack 0 faces [(0, 4, 5), (3, 4, 5)] twoF [] partners {1: 3}
ROW ('F', 'V', 'O1', 'O1b', 'O1b', 'O1b') [(0, 3), (0, 4), (1, 4), (2, 3), (3, 4), (3, 5), (4, 5)] slack 0 faces [(0, 3, 4), (3, 4, 5)] twoF [] partners {1: 4}
ROW ('F', 'V', 'O1', 'O1b', 'O1b', 'O1b') [(0, 3), (0, 5), (1, 4), (2, 3), (3, 4), (3, 5), (4, 5)] slack 0 faces [(0, 3, 5), (3, 4, 5)] twoF [] partners {1: 4}
ROW ('F', 'V', 'O1', 'O1b', 'O1b', 'O1b') [(0, 4), (0, 5), (1, 4), (2, 3), (3, 4), (3, 5), (4, 5)] slack 0 faces [(0, 4, 5), (3, 4, 5)] twoF [] partners {1: 4}
ROW ('F', 'V', 'O1', 'O1b', 'O1b', 'O1b') [(0, 3), (0, 4), (1, 5), (2, 3), (3, 4), (3, 5), (4, 5)] slack 0 faces [(0, 3, 4), (3, 4, 5)] twoF [] partners {1: 5}
ROW ('F', 'V', 'O1', 'O1b', 'O1b', 'O1b') [(0, 3), (0, 5), (1, 5), (2, 3), (3, 4), (3, 5), (4, 5)] slack 0 faces [(0, 3, 5), (3, 4, 5)] twoF [] partners {1: 5}
ROW ('F', 'V', 'O1', 'O1b', 'O1b', 'O1b') [(0, 4), (0, 5), (1, 5), (2, 3), (3, 4), (3, 5), (4, 5)] slack 0 faces [(0, 4, 5), (3, 4, 5)] twoF [] partners {1: 5}
ROW ('F', 'V', 'O1', 'O1b', 'O1b', 'O1b') [(0, 3), (0, 4), (1, 3), (2, 4), (3, 4), (3, 5), (4, 5)] slack 0 faces [(0, 3, 4), (3, 4, 5)] twoF [] partners {1: 3}
ROW ('F', 'V', 'O1', 'O1b', 'O1b', 'O1b') [(0, 3), (0, 5), (1, 3), (2, 4), (3, 4), (3, 5), (4, 5)] slack 0 faces [(0, 3, 5), (3, 4, 5)] twoF [] partners {1: 3}
ROW ('F', 'V', 'O1', 'O1b', 'O1b', 'O1b') [(0, 4), (0, 5), (1, 3), (2, 4), (3, 4), (3, 5), (4, 5)] slack 0 faces [(0, 4, 5), (3, 4, 5)] twoF [] partners {1: 3}
ROW ('F', 'V', 'O1', 'O1b', 'O1b', 'O1b') [(0, 3), (0, 4), (1, 4), (2, 4), (3, 4), (3, 5), (4, 5)] slack 0 faces [(0, 3, 4), (3, 4, 5)] twoF [] partners {1: 4}
ROW ('F', 'V', 'O1', 'O1b', 'O1b', 'O1b') [(0, 3), (0, 5), (1, 4), (2, 4), (3, 4), (3, 5), (4, 5)] slack 0 faces [(0, 3, 5), (3, 4, 5)] twoF [] partners {1: 4}
ROW ('F', 'V', 'O1', 'O1b', 'O1b', 'O1b') [(0, 4), (0, 5), (1, 4), (2, 4), (3, 4), (3, 5), (4, 5)] slack 0 faces [(0, 4, 5), (3, 4, 5)] twoF [] partners {1: 4}
ROW ('F', 'V', 'O1', 'O1b', 'O1b', 'O1b') [(0, 3), (0, 4), (1, 5), (2, 4), (3, 4), (3, 5), (4, 5)] slack 0 faces [(0, 3, 4), (3, 4, 5)] twoF [] partners {1: 5}
ROW ('F', 'V', 'O1', 'O1b', 'O1b', 'O1b') [(0, 3), (0, 5), (1, 5), (2, 4), (3, 4), (3, 5), (4, 5)] slack 0 faces [(0, 3, 5), (3, 4, 5)] twoF [] partners {1: 5}
ROW ('F', 'V', 'O1', 'O1b', 'O1b', 'O1b') [(0, 4), (0, 5), (1, 5), (2, 4), (3, 4), (3, 5), (4, 5)] slack 0 faces [(0, 4, 5), (3, 4, 5)] twoF [] partners {1: 5}
ROW ('F', 'V', 'O1', 'O1b', 'O1b', 'O1b') [(0, 3), (0, 4), (1, 3), (2, 5), (3, 4), (3, 5), (4, 5)] slack 0 faces [(0, 3, 4), (3, 4, 5)] twoF [] partners {1: 3}
ROW ('F', 'V', 'O1', 'O1b', 'O1b', 'O1b') [(0, 3), (0, 5), (1, 3), (2, 5), (3, 4), (3, 5), (4, 5)] slack 0 faces [(0, 3, 5), (3, 4, 5)] twoF [] partners {1: 3}
ROW ('F', 'V', 'O1', 'O1b', 'O1b', 'O1b') [(0, 4), (0, 5), (1, 3), (2, 5), (3, 4), (3, 5), (4, 5)] slack 0 faces [(0, 4, 5), (3, 4, 5)] twoF [] partners {1: 3}
ROW ('F', 'V', 'O1', 'O1b', 'O1b', 'O1b') [(0, 3), (0, 4), (1, 4), (2, 5), (3, 4), (3, 5), (4, 5)] slack 0 faces [(0, 3, 4), (3, 4, 5)] twoF [] partners {1: 4}
ROW ('F', 'V', 'O1', 'O1b', 'O1b', 'O1b') [(0, 3), (0, 5), (1, 4), (2, 5), (3, 4), (3, 5), (4, 5)] slack 0 faces [(0, 3, 5), (3, 4, 5)] twoF [] partners {1: 4}
ROW ('F', 'V', 'O1', 'O1b', 'O1b', 'O1b') [(0, 4), (0, 5), (1, 4), (2, 5), (3, 4), (3, 5), (4, 5)] slack 0 faces [(0, 4, 5), (3, 4, 5)] twoF [] partners {1: 4}
ROW ('F', 'V', 'O1', 'O1b', 'O1b', 'O1b') [(0, 3), (0, 4), (1, 5), (2, 5), (3, 4), (3, 5), (4, 5)] slack 0 faces [(0, 3, 4), (3, 4, 5)] twoF [] partners {1: 5}
ROW ('F', 'V', 'O1', 'O1b', 'O1b', 'O1b') [(0, 3), (0, 5), (1, 5), (2, 5), (3, 4), (3, 5), (4, 5)] slack 0 faces [(0, 3, 5), (3, 4, 5)] twoF [] partners {1: 5}
ROW ('F', 'V', 'O1', 'O1b', 'O1b', 'O1b') [(0, 4), (0, 5), (1, 5), (2, 5), (3, 4), (3, 5), (4, 5)] slack 0 faces [(0, 4, 5), (3, 4, 5)] twoF [] partners {1: 5}
ROW ('F', 'V', 'O1b', 'O1b', 'O1b', 'O1b') [(0, 2), (0, 4), (1, 2), (2, 3), (2, 4), (2, 5), (3, 4), (3, 5)] slack 0 faces [(0, 2, 4), (2, 3, 4), (2, 3, 5)] twoF [] partners {1: 2}
ROW ('F', 'V', 'O1b', 'O1b', 'O1b', 'O1b') [(0, 3), (0, 4), (1, 2), (2, 3), (2, 4), (2, 5), (3, 4), (3, 5)] slack 0 faces [(0, 3, 4), (2, 3, 4), (2, 3, 5)] twoF [] partners {1: 2}
ROW ('F', 'V', 'O1b', 'O1b', 'O1b', 'O1b') [(0, 2), (0, 5), (1, 2), (2, 3), (2, 4), (2, 5), (3, 4), (3, 5)] slack 0 faces [(0, 2, 5), (2, 3, 4), (2, 3, 5)] twoF [] partners {1: 2}
ROW ('F', 'V', 'O1b', 'O1b', 'O1b', 'O1b') [(0, 3), (0, 5), (1, 2), (2, 3), (2, 4), (2, 5), (3, 4), (3, 5)] slack 0 faces [(0, 3, 5), (2, 3, 4), (2, 3, 5)] twoF [] partners {1: 2}
ROW ('F', 'V', 'O1b', 'O1b', 'O1b', 'O1b') [(0, 2), (0, 4), (1, 3), (2, 3), (2, 4), (2, 5), (3, 4), (3, 5)] slack 0 faces [(0, 2, 4), (2, 3, 4), (2, 3, 5)] twoF [] partners {1: 3}
ROW ('F', 'V', 'O1b', 'O1b', 'O1b', 'O1b') [(0, 3), (0, 4), (1, 3), (2, 3), (2, 4), (2, 5), (3, 4), (3, 5)] slack 0 faces [(0, 3, 4), (2, 3, 4), (2, 3, 5)] twoF [] partners {1: 3}
ROW ('F', 'V', 'O1b', 'O1b', 'O1b', 'O1b') [(0, 2), (0, 5), (1, 3), (2, 3), (2, 4), (2, 5), (3, 4), (3, 5)] slack 0 faces [(0, 2, 5), (2, 3, 4), (2, 3, 5)] twoF [] partners {1: 3}
ROW ('F', 'V', 'O1b', 'O1b', 'O1b', 'O1b') [(0, 3), (0, 5), (1, 3), (2, 3), (2, 4), (2, 5), (3, 4), (3, 5)] slack 0 faces [(0, 3, 5), (2, 3, 4), (2, 3, 5)] twoF [] partners {1: 3}
ROW ('F', 'V', 'O1b', 'O1b', 'O1b', 'O1b') [(0, 2), (0, 4), (1, 4), (2, 3), (2, 4), (2, 5), (3, 4), (3, 5)] slack 0 faces [(0, 2, 4), (2, 3, 4), (2, 3, 5)] twoF [] partners {1: 4}
ROW ('F', 'V', 'O1b', 'O1b', 'O1b', 'O1b') [(0, 3), (0, 4), (1, 4), (2, 3), (2, 4), (2, 5), (3, 4), (3, 5)] slack 0 faces [(0, 3, 4), (2, 3, 4), (2, 3, 5)] twoF [] partners {1: 4}
ROW ('F', 'V', 'O1b', 'O1b', 'O1b', 'O1b') [(0, 2), (0, 5), (1, 4), (2, 3), (2, 4), (2, 5), (3, 4), (3, 5)] slack 0 faces [(0, 2, 5), (2, 3, 4), (2, 3, 5)] twoF [] partners {1: 4}
ROW ('F', 'V', 'O1b', 'O1b', 'O1b', 'O1b') [(0, 3), (0, 5), (1, 4), (2, 3), (2, 4), (2, 5), (3, 4), (3, 5)] slack 0 faces [(0, 3, 5), (2, 3, 4), (2, 3, 5)] twoF [] partners {1: 4}
ROW ('F', 'V', 'O1b', 'O1b', 'O1b', 'O1b') [(0, 2), (0, 4), (1, 5), (2, 3), (2, 4), (2, 5), (3, 4), (3, 5)] slack 0 faces [(0, 2, 4), (2, 3, 4), (2, 3, 5)] twoF [] partners {1: 5}
ROW ('F', 'V', 'O1b', 'O1b', 'O1b', 'O1b') [(0, 3), (0, 4), (1, 5), (2, 3), (2, 4), (2, 5), (3, 4), (3, 5)] slack 0 faces [(0, 3, 4), (2, 3, 4), (2, 3, 5)] twoF [] partners {1: 5}
ROW ('F', 'V', 'O1b', 'O1b', 'O1b', 'O1b') [(0, 2), (0, 5), (1, 5), (2, 3), (2, 4), (2, 5), (3, 4), (3, 5)] slack 0 faces [(0, 2, 5), (2, 3, 4), (2, 3, 5)] twoF [] partners {1: 5}
ROW ('F', 'V', 'O1b', 'O1b', 'O1b', 'O1b') [(0, 3), (0, 5), (1, 5), (2, 3), (2, 4), (2, 5), (3, 4), (3, 5)] slack 0 faces [(0, 3, 5), (2, 3, 4), (2, 3, 5)] twoF [] partners {1: 5}
ROW ('F', 'V', 'O1b', 'O1b', 'O1b', 'O1b') [(0, 2), (0, 4), (1, 4), (1, 5), (2, 3), (2, 4), (2, 5), (3, 4), (3, 5)] slack 0 faces [(0, 2, 4), (2, 3, 4), (2, 3, 5)] twoF [] partners {1: 4}
ROW ('F', 'V', 'O1b', 'O1b', 'O1b', 'O1b') [(0, 3), (0, 4), (1, 4), (1, 5), (2, 3), (2, 4), (2, 5), (3, 4), (3, 5)] slack 0 faces [(0, 3, 4), (2, 3, 4), (2, 3, 5)] twoF [] partners {1: 4}
ROW ('F', 'V', 'O1b', 'O1b', 'O1b', 'O1b') [(0, 2), (0, 5), (1, 4), (1, 5), (2, 3), (2, 4), (2, 5), (3, 4), (3, 5)] slack 0 faces [(0, 2, 5), (2, 3, 4), (2, 3, 5)] twoF [] partners {1: 4}
ROW ('F', 'V', 'O1b', 'O1b', 'O1b', 'O1b') [(0, 3), (0, 5), (1, 4), (1, 5), (2, 3), (2, 4), (2, 5), (3, 4), (3, 5)] slack 0 faces [(0, 3, 5), (2, 3, 4), (2, 3, 5)] twoF [] partners {1: 4}
ROW ('F', 'V', 'O1b', 'O1b', 'O1b', 'O1b') [(0, 2), (0, 3), (1, 2), (2, 3), (2, 4), (2, 5), (3, 4), (4, 5)] slack 0 faces [(0, 2, 3), (2, 3, 4), (2, 4, 5)] twoF [] partners {1: 2}
ROW ('F', 'V', 'O1b', 'O1b', 'O1b', 'O1b') [(0, 3), (0, 4), (1, 2), (2, 3), (2, 4), (2, 5), (3, 4), (4, 5)] slack 0 faces [(0, 3, 4), (2, 3, 4), (2, 4, 5)] twoF [] partners {1: 2}
ROW ('F', 'V', 'O1b', 'O1b', 'O1b', 'O1b') [(0, 2), (0, 5), (1, 2), (2, 3), (2, 4), (2, 5), (3, 4), (4, 5)] slack 0 faces [(0, 2, 5), (2, 3, 4), (2, 4, 5)] twoF [] partners {1: 2}
ROW ('F', 'V', 'O1b', 'O1b', 'O1b', 'O1b') [(0, 4), (0, 5), (1, 2), (2, 3), (2, 4), (2, 5), (3, 4), (4, 5)] slack 0 faces [(0, 4, 5), (2, 3, 4), (2, 4, 5)] twoF [] partners {1: 2}
ROW ('F', 'V', 'O1b', 'O1b', 'O1b', 'O1b') [(0, 2), (0, 3), (1, 3), (2, 3), (2, 4), (2, 5), (3, 4), (4, 5)] slack 0 faces [(0, 2, 3), (2, 3, 4), (2, 4, 5)] twoF [] partners {1: 3}
ROW ('F', 'V', 'O1b', 'O1b', 'O1b', 'O1b') [(0, 3), (0, 4), (1, 3), (2, 3), (2, 4), (2, 5), (3, 4), (4, 5)] slack 0 faces [(0, 3, 4), (2, 3, 4), (2, 4, 5)] twoF [] partners {1: 3}
ROW ('F', 'V', 'O1b', 'O1b', 'O1b', 'O1b') [(0, 2), (0, 5), (1, 3), (2, 3), (2, 4), (2, 5), (3, 4), (4, 5)] slack 0 faces [(0, 2, 5), (2, 3, 4), (2, 4, 5)] twoF [] partners {1: 3}
ROW ('F', 'V', 'O1b', 'O1b', 'O1b', 'O1b') [(0, 4), (0, 5), (1, 3), (2, 3), (2, 4), (2, 5), (3, 4), (4, 5)] slack 0 faces [(0, 4, 5), (2, 3, 4), (2, 4, 5)] twoF [] partners {1: 3}
ROW ('F', 'V', 'O1b', 'O1b', 'O1b', 'O1b') [(0, 2), (0, 3), (1, 4), (2, 3), (2, 4), (2, 5), (3, 4), (4, 5)] slack 0 faces [(0, 2, 3), (2, 3, 4), (2, 4, 5)] twoF [] partners {1: 4}
ROW ('F', 'V', 'O1b', 'O1b', 'O1b', 'O1b') [(0, 3), (0, 4), (1, 4), (2, 3), (2, 4), (2, 5), (3, 4), (4, 5)] slack 0 faces [(0, 3, 4), (2, 3, 4), (2, 4, 5)] twoF [] partners {1: 4}
ROW ('F', 'V', 'O1b', 'O1b', 'O1b', 'O1b') [(0, 2), (0, 5), (1, 4), (2, 3), (2, 4), (2, 5), (3, 4), (4, 5)] slack 0 faces [(0, 2, 5), (2, 3, 4), (2, 4, 5)] twoF [] partners {1: 4}
ROW ('F', 'V', 'O1b', 'O1b', 'O1b', 'O1b') [(0, 4), (0, 5), (1, 4), (2, 3), (2, 4), (2, 5), (3, 4), (4, 5)] slack 0 faces [(0, 4, 5), (2, 3, 4), (2, 4, 5)] twoF [] partners {1: 4}
ROW ('F', 'V', 'O1b', 'O1b', 'O1b', 'O1b') [(0, 2), (0, 3), (1, 5), (2, 3), (2, 4), (2, 5), (3, 4), (4, 5)] slack 0 faces [(0, 2, 3), (2, 3, 4), (2, 4, 5)] twoF [] partners {1: 5}
ROW ('F', 'V', 'O1b', 'O1b', 'O1b', 'O1b') [(0, 3), (0, 4), (1, 5), (2, 3), (2, 4), (2, 5), (3, 4), (4, 5)] slack 0 faces [(0, 3, 4), (2, 3, 4), (2, 4, 5)] twoF [] partners {1: 5}
ROW ('F', 'V', 'O1b', 'O1b', 'O1b', 'O1b') [(0, 2), (0, 5), (1, 5), (2, 3), (2, 4), (2, 5), (3, 4), (4, 5)] slack 0 faces [(0, 2, 5), (2, 3, 4), (2, 4, 5)] twoF [] partners {1: 5}
ROW ('F', 'V', 'O1b', 'O1b', 'O1b', 'O1b') [(0, 4), (0, 5), (1, 5), (2, 3), (2, 4), (2, 5), (3, 4), (4, 5)] slack 0 faces [(0, 4, 5), (2, 3, 4), (2, 4, 5)] twoF [] partners {1: 5}
ROW ('F', 'V', 'O1b', 'O1b', 'O1b', 'O1b') [(0, 2), (0, 3), (1, 3), (1, 5), (2, 3), (2, 4), (2, 5), (3, 4), (4, 5)] slack 0 faces [(0, 2, 3), (2, 3, 4), (2, 4, 5)] twoF [] partners {1: 3}
ROW ('F', 'V', 'O1b', 'O1b', 'O1b', 'O1b') [(0, 3), (0, 4), (1, 3), (1, 5), (2, 3), (2, 4), (2, 5), (3, 4), (4, 5)] slack 0 faces [(0, 3, 4), (2, 3, 4), (2, 4, 5)] twoF [] partners {1: 3}
ROW ('F', 'V', 'O1b', 'O1b', 'O1b', 'O1b') [(0, 2), (0, 5), (1, 3), (1, 5), (2, 3), (2, 4), (2, 5), (3, 4), (4, 5)] slack 0 faces [(0, 2, 5), (2, 3, 4), (2, 4, 5)] twoF [] partners {1: 3}
ROW ('F', 'V', 'O1b', 'O1b', 'O1b', 'O1b') [(0, 4), (0, 5), (1, 3), (1, 5), (2, 3), (2, 4), (2, 5), (3, 4), (4, 5)] slack 0 faces [(0, 4, 5), (2, 3, 4), (2, 4, 5)] twoF [] partners {1: 3}
ROW ('F', 'V', 'O1b', 'O1b', 'O1b', 'O1b') [(0, 2), (0, 3), (1, 2), (2, 3), (2, 4), (2, 5), (3, 5), (4, 5)] slack 0 faces [(0, 2, 3), (2, 3, 5), (2, 4, 5)] twoF [] partners {1: 2}
ROW ('F', 'V', 'O1b', 'O1b', 'O1b', 'O1b') [(0, 2), (0, 4), (1, 2), (2, 3), (2, 4), (2, 5), (3, 5), (4, 5)] slack 0 faces [(0, 2, 4), (2, 3, 5), (2, 4, 5)] twoF [] partners {1: 2}
ROW ('F', 'V', 'O1b', 'O1b', 'O1b', 'O1b') [(0, 3), (0, 5), (1, 2), (2, 3), (2, 4), (2, 5), (3, 5), (4, 5)] slack 0 faces [(0, 3, 5), (2, 3, 5), (2, 4, 5)] twoF [] partners {1: 2}
ROW ('F', 'V', 'O1b', 'O1b', 'O1b', 'O1b') [(0, 4), (0, 5), (1, 2), (2, 3), (2, 4), (2, 5), (3, 5), (4, 5)] slack 0 faces [(0, 4, 5), (2, 3, 5), (2, 4, 5)] twoF [] partners {1: 2}
ROW ('F', 'V', 'O1b', 'O1b', 'O1b', 'O1b') [(0, 2), (0, 3), (1, 3), (2, 3), (2, 4), (2, 5), (3, 5), (4, 5)] slack 0 faces [(0, 2, 3), (2, 3, 5), (2, 4, 5)] twoF [] partners {1: 3}
ROW ('F', 'V', 'O1b', 'O1b', 'O1b', 'O1b') [(0, 2), (0, 4), (1, 3), (2, 3), (2, 4), (2, 5), (3, 5), (4, 5)] slack 0 faces [(0, 2, 4), (2, 3, 5), (2, 4, 5)] twoF [] partners {1: 3}
ROW ('F', 'V', 'O1b', 'O1b', 'O1b', 'O1b') [(0, 3), (0, 5), (1, 3), (2, 3), (2, 4), (2, 5), (3, 5), (4, 5)] slack 0 faces [(0, 3, 5), (2, 3, 5), (2, 4, 5)] twoF [] partners {1: 3}
ROW ('F', 'V', 'O1b', 'O1b', 'O1b', 'O1b') [(0, 4), (0, 5), (1, 3), (2, 3), (2, 4), (2, 5), (3, 5), (4, 5)] slack 0 faces [(0, 4, 5), (2, 3, 5), (2, 4, 5)] twoF [] partners {1: 3}
ROW ('F', 'V', 'O1b', 'O1b', 'O1b', 'O1b') [(0, 2), (0, 3), (1, 4), (2, 3), (2, 4), (2, 5), (3, 5), (4, 5)] slack 0 faces [(0, 2, 3), (2, 3, 5), (2, 4, 5)] twoF [] partners {1: 4}
ROW ('F', 'V', 'O1b', 'O1b', 'O1b', 'O1b') [(0, 2), (0, 4), (1, 4), (2, 3), (2, 4), (2, 5), (3, 5), (4, 5)] slack 0 faces [(0, 2, 4), (2, 3, 5), (2, 4, 5)] twoF [] partners {1: 4}
ROW ('F', 'V', 'O1b', 'O1b', 'O1b', 'O1b') [(0, 3), (0, 5), (1, 4), (2, 3), (2, 4), (2, 5), (3, 5), (4, 5)] slack 0 faces [(0, 3, 5), (2, 3, 5), (2, 4, 5)] twoF [] partners {1: 4}
ROW ('F', 'V', 'O1b', 'O1b', 'O1b', 'O1b') [(0, 4), (0, 5), (1, 4), (2, 3), (2, 4), (2, 5), (3, 5), (4, 5)] slack 0 faces [(0, 4, 5), (2, 3, 5), (2, 4, 5)] twoF [] partners {1: 4}
ROW ('F', 'V', 'O1b', 'O1b', 'O1b', 'O1b') [(0, 2), (0, 3), (1, 3), (1, 4), (2, 3), (2, 4), (2, 5), (3, 5), (4, 5)] slack 0 faces [(0, 2, 3), (2, 3, 5), (2, 4, 5)] twoF [] partners {1: 3}
ROW ('F', 'V', 'O1b', 'O1b', 'O1b', 'O1b') [(0, 2), (0, 4), (1, 3), (1, 4), (2, 3), (2, 4), (2, 5), (3, 5), (4, 5)] slack 0 faces [(0, 2, 4), (2, 3, 5), (2, 4, 5)] twoF [] partners {1: 3}
ROW ('F', 'V', 'O1b', 'O1b', 'O1b', 'O1b') [(0, 3), (0, 5), (1, 3), (1, 4), (2, 3), (2, 4), (2, 5), (3, 5), (4, 5)] slack 0 faces [(0, 3, 5), (2, 3, 5), (2, 4, 5)] twoF [] partners {1: 3}
ROW ('F', 'V', 'O1b', 'O1b', 'O1b', 'O1b') [(0, 4), (0, 5), (1, 3), (1, 4), (2, 3), (2, 4), (2, 5), (3, 5), (4, 5)] slack 0 faces [(0, 4, 5), (2, 3, 5), (2, 4, 5)] twoF [] partners {1: 3}
ROW ('F', 'V', 'O1b', 'O1b', 'O1b', 'O1b') [(0, 2), (0, 3), (1, 5), (2, 3), (2, 4), (2, 5), (3, 5), (4, 5)] slack 0 faces [(0, 2, 3), (2, 3, 5), (2, 4, 5)] twoF [] partners {1: 5}
ROW ('F', 'V', 'O1b', 'O1b', 'O1b', 'O1b') [(0, 2), (0, 4), (1, 5), (2, 3), (2, 4), (2, 5), (3, 5), (4, 5)] slack 0 faces [(0, 2, 4), (2, 3, 5), (2, 4, 5)] twoF [] partners {1: 5}
ROW ('F', 'V', 'O1b', 'O1b', 'O1b', 'O1b') [(0, 3), (0, 5), (1, 5), (2, 3), (2, 4), (2, 5), (3, 5), (4, 5)] slack 0 faces [(0, 3, 5), (2, 3, 5), (2, 4, 5)] twoF [] partners {1: 5}
ROW ('F', 'V', 'O1b', 'O1b', 'O1b', 'O1b') [(0, 4), (0, 5), (1, 5), (2, 3), (2, 4), (2, 5), (3, 5), (4, 5)] slack 0 faces [(0, 4, 5), (2, 3, 5), (2, 4, 5)] twoF [] partners {1: 5}
ROW ('F', 'V', 'O1b', 'O1b', 'O1b', 'O1b') [(0, 2), (0, 3), (1, 2), (2, 3), (2, 4), (3, 4), (3, 5), (4, 5)] slack 0 faces [(0, 2, 3), (2, 3, 4), (3, 4, 5)] twoF [] partners {1: 2}
ROW ('F', 'V', 'O1b', 'O1b', 'O1b', 'O1b') [(0, 2), (0, 4), (1, 2), (2, 3), (2, 4), (3, 4), (3, 5), (4, 5)] slack 0 faces [(0, 2, 4), (2, 3, 4), (3, 4, 5)] twoF [] partners {1: 2}
ROW ('F', 'V', 'O1b', 'O1b', 'O1b', 'O1b') [(0, 3), (0, 5), (1, 2), (2, 3), (2, 4), (3, 4), (3, 5), (4, 5)] slack 0 faces [(0, 3, 5), (2, 3, 4), (3, 4, 5)] twoF [] partners {1: 2}
ROW ('F', 'V', 'O1b', 'O1b', 'O1b', 'O1b') [(0, 4), (0, 5), (1, 2), (2, 3), (2, 4), (3, 4), (3, 5), (4, 5)] slack 0 faces [(0, 4, 5), (2, 3, 4), (3, 4, 5)] twoF [] partners {1: 2}
ROW ('F', 'V', 'O1b', 'O1b', 'O1b', 'O1b') [(0, 2), (0, 3), (1, 3), (2, 3), (2, 4), (3, 4), (3, 5), (4, 5)] slack 0 faces [(0, 2, 3), (2, 3, 4), (3, 4, 5)] twoF [] partners {1: 3}
ROW ('F', 'V', 'O1b', 'O1b', 'O1b', 'O1b') [(0, 2), (0, 4), (1, 3), (2, 3), (2, 4), (3, 4), (3, 5), (4, 5)] slack 0 faces [(0, 2, 4), (2, 3, 4), (3, 4, 5)] twoF [] partners {1: 3}
ROW ('F', 'V', 'O1b', 'O1b', 'O1b', 'O1b') [(0, 3), (0, 5), (1, 3), (2, 3), (2, 4), (3, 4), (3, 5), (4, 5)] slack 0 faces [(0, 3, 5), (2, 3, 4), (3, 4, 5)] twoF [] partners {1: 3}
ROW ('F', 'V', 'O1b', 'O1b', 'O1b', 'O1b') [(0, 4), (0, 5), (1, 3), (2, 3), (2, 4), (3, 4), (3, 5), (4, 5)] slack 0 faces [(0, 4, 5), (2, 3, 4), (3, 4, 5)] twoF [] partners {1: 3}
ROW ('F', 'V', 'O1b', 'O1b', 'O1b', 'O1b') [(0, 2), (0, 3), (1, 4), (2, 3), (2, 4), (3, 4), (3, 5), (4, 5)] slack 0 faces [(0, 2, 3), (2, 3, 4), (3, 4, 5)] twoF [] partners {1: 4}
ROW ('F', 'V', 'O1b', 'O1b', 'O1b', 'O1b') [(0, 2), (0, 4), (1, 4), (2, 3), (2, 4), (3, 4), (3, 5), (4, 5)] slack 0 faces [(0, 2, 4), (2, 3, 4), (3, 4, 5)] twoF [] partners {1: 4}
ROW ('F', 'V', 'O1b', 'O1b', 'O1b', 'O1b') [(0, 3), (0, 5), (1, 4), (2, 3), (2, 4), (3, 4), (3, 5), (4, 5)] slack 0 faces [(0, 3, 5), (2, 3, 4), (3, 4, 5)] twoF [] partners {1: 4}
ROW ('F', 'V', 'O1b', 'O1b', 'O1b', 'O1b') [(0, 4), (0, 5), (1, 4), (2, 3), (2, 4), (3, 4), (3, 5), (4, 5)] slack 0 faces [(0, 4, 5), (2, 3, 4), (3, 4, 5)] twoF [] partners {1: 4}
ROW ('F', 'V', 'O1b', 'O1b', 'O1b', 'O1b') [(0, 2), (0, 3), (1, 5), (2, 3), (2, 4), (3, 4), (3, 5), (4, 5)] slack 0 faces [(0, 2, 3), (2, 3, 4), (3, 4, 5)] twoF [] partners {1: 5}
ROW ('F', 'V', 'O1b', 'O1b', 'O1b', 'O1b') [(0, 2), (0, 4), (1, 5), (2, 3), (2, 4), (3, 4), (3, 5), (4, 5)] slack 0 faces [(0, 2, 4), (2, 3, 4), (3, 4, 5)] twoF [] partners {1: 5}
ROW ('F', 'V', 'O1b', 'O1b', 'O1b', 'O1b') [(0, 3), (0, 5), (1, 5), (2, 3), (2, 4), (3, 4), (3, 5), (4, 5)] slack 0 faces [(0, 3, 5), (2, 3, 4), (3, 4, 5)] twoF [] partners {1: 5}
ROW ('F', 'V', 'O1b', 'O1b', 'O1b', 'O1b') [(0, 4), (0, 5), (1, 5), (2, 3), (2, 4), (3, 4), (3, 5), (4, 5)] slack 0 faces [(0, 4, 5), (2, 3, 4), (3, 4, 5)] twoF [] partners {1: 5}
ROW ('F', 'V', 'O1b', 'O1b', 'O1b', 'O1b') [(0, 2), (0, 3), (1, 2), (1, 5), (2, 3), (2, 4), (3, 4), (3, 5), (4, 5)] slack 0 faces [(0, 2, 3), (2, 3, 4), (3, 4, 5)] twoF [] partners {1: 2}
ROW ('F', 'V', 'O1b', 'O1b', 'O1b', 'O1b') [(0, 2), (0, 4), (1, 2), (1, 5), (2, 3), (2, 4), (3, 4), (3, 5), (4, 5)] slack 0 faces [(0, 2, 4), (2, 3, 4), (3, 4, 5)] twoF [] partners {1: 2}
ROW ('F', 'V', 'O1b', 'O1b', 'O1b', 'O1b') [(0, 3), (0, 5), (1, 2), (1, 5), (2, 3), (2, 4), (3, 4), (3, 5), (4, 5)] slack 0 faces [(0, 3, 5), (2, 3, 4), (3, 4, 5)] twoF [] partners {1: 2}
ROW ('F', 'V', 'O1b', 'O1b', 'O1b', 'O1b') [(0, 4), (0, 5), (1, 2), (1, 5), (2, 3), (2, 4), (3, 4), (3, 5), (4, 5)] slack 0 faces [(0, 4, 5), (2, 3, 4), (3, 4, 5)] twoF [] partners {1: 2}
ROW ('F', 'V', 'O1b', 'O1b', 'O1b', 'O1b') [(0, 2), (0, 3), (1, 2), (2, 3), (2, 5), (3, 4), (3, 5), (4, 5)] slack 0 faces [(0, 2, 3), (2, 3, 5), (3, 4, 5)] twoF [] partners {1: 2}
ROW ('F', 'V', 'O1b', 'O1b', 'O1b', 'O1b') [(0, 3), (0, 4), (1, 2), (2, 3), (2, 5), (3, 4), (3, 5), (4, 5)] slack 0 faces [(0, 3, 4), (2, 3, 5), (3, 4, 5)] twoF [] partners {1: 2}
ROW ('F', 'V', 'O1b', 'O1b', 'O1b', 'O1b') [(0, 2), (0, 5), (1, 2), (2, 3), (2, 5), (3, 4), (3, 5), (4, 5)] slack 0 faces [(0, 2, 5), (2, 3, 5), (3, 4, 5)] twoF [] partners {1: 2}
ROW ('F', 'V', 'O1b', 'O1b', 'O1b', 'O1b') [(0, 4), (0, 5), (1, 2), (2, 3), (2, 5), (3, 4), (3, 5), (4, 5)] slack 0 faces [(0, 4, 5), (2, 3, 5), (3, 4, 5)] twoF [] partners {1: 2}
ROW ('F', 'V', 'O1b', 'O1b', 'O1b', 'O1b') [(0, 2), (0, 3), (1, 3), (2, 3), (2, 5), (3, 4), (3, 5), (4, 5)] slack 0 faces [(0, 2, 3), (2, 3, 5), (3, 4, 5)] twoF [] partners {1: 3}
ROW ('F', 'V', 'O1b', 'O1b', 'O1b', 'O1b') [(0, 3), (0, 4), (1, 3), (2, 3), (2, 5), (3, 4), (3, 5), (4, 5)] slack 0 faces [(0, 3, 4), (2, 3, 5), (3, 4, 5)] twoF [] partners {1: 3}
ROW ('F', 'V', 'O1b', 'O1b', 'O1b', 'O1b') [(0, 2), (0, 5), (1, 3), (2, 3), (2, 5), (3, 4), (3, 5), (4, 5)] slack 0 faces [(0, 2, 5), (2, 3, 5), (3, 4, 5)] twoF [] partners {1: 3}
ROW ('F', 'V', 'O1b', 'O1b', 'O1b', 'O1b') [(0, 4), (0, 5), (1, 3), (2, 3), (2, 5), (3, 4), (3, 5), (4, 5)] slack 0 faces [(0, 4, 5), (2, 3, 5), (3, 4, 5)] twoF [] partners {1: 3}
ROW ('F', 'V', 'O1b', 'O1b', 'O1b', 'O1b') [(0, 2), (0, 3), (1, 4), (2, 3), (2, 5), (3, 4), (3, 5), (4, 5)] slack 0 faces [(0, 2, 3), (2, 3, 5), (3, 4, 5)] twoF [] partners {1: 4}
ROW ('F', 'V', 'O1b', 'O1b', 'O1b', 'O1b') [(0, 3), (0, 4), (1, 4), (2, 3), (2, 5), (3, 4), (3, 5), (4, 5)] slack 0 faces [(0, 3, 4), (2, 3, 5), (3, 4, 5)] twoF [] partners {1: 4}
ROW ('F', 'V', 'O1b', 'O1b', 'O1b', 'O1b') [(0, 2), (0, 5), (1, 4), (2, 3), (2, 5), (3, 4), (3, 5), (4, 5)] slack 0 faces [(0, 2, 5), (2, 3, 5), (3, 4, 5)] twoF [] partners {1: 4}
ROW ('F', 'V', 'O1b', 'O1b', 'O1b', 'O1b') [(0, 4), (0, 5), (1, 4), (2, 3), (2, 5), (3, 4), (3, 5), (4, 5)] slack 0 faces [(0, 4, 5), (2, 3, 5), (3, 4, 5)] twoF [] partners {1: 4}
ROW ('F', 'V', 'O1b', 'O1b', 'O1b', 'O1b') [(0, 2), (0, 3), (1, 2), (1, 4), (2, 3), (2, 5), (3, 4), (3, 5), (4, 5)] slack 0 faces [(0, 2, 3), (2, 3, 5), (3, 4, 5)] twoF [] partners {1: 2}
ROW ('F', 'V', 'O1b', 'O1b', 'O1b', 'O1b') [(0, 3), (0, 4), (1, 2), (1, 4), (2, 3), (2, 5), (3, 4), (3, 5), (4, 5)] slack 0 faces [(0, 3, 4), (2, 3, 5), (3, 4, 5)] twoF [] partners {1: 2}
ROW ('F', 'V', 'O1b', 'O1b', 'O1b', 'O1b') [(0, 2), (0, 5), (1, 2), (1, 4), (2, 3), (2, 5), (3, 4), (3, 5), (4, 5)] slack 0 faces [(0, 2, 5), (2, 3, 5), (3, 4, 5)] twoF [] partners {1: 2}
ROW ('F', 'V', 'O1b', 'O1b', 'O1b', 'O1b') [(0, 4), (0, 5), (1, 2), (1, 4), (2, 3), (2, 5), (3, 4), (3, 5), (4, 5)] slack 0 faces [(0, 4, 5), (2, 3, 5), (3, 4, 5)] twoF [] partners {1: 2}
ROW ('F', 'V', 'O1b', 'O1b', 'O1b', 'O1b') [(0, 2), (0, 3), (1, 5), (2, 3), (2, 5), (3, 4), (3, 5), (4, 5)] slack 0 faces [(0, 2, 3), (2, 3, 5), (3, 4, 5)] twoF [] partners {1: 5}
ROW ('F', 'V', 'O1b', 'O1b', 'O1b', 'O1b') [(0, 3), (0, 4), (1, 5), (2, 3), (2, 5), (3, 4), (3, 5), (4, 5)] slack 0 faces [(0, 3, 4), (2, 3, 5), (3, 4, 5)] twoF [] partners {1: 5}
ROW ('F', 'V', 'O1b', 'O1b', 'O1b', 'O1b') [(0, 2), (0, 5), (1, 5), (2, 3), (2, 5), (3, 4), (3, 5), (4, 5)] slack 0 faces [(0, 2, 5), (2, 3, 5), (3, 4, 5)] twoF [] partners {1: 5}
ROW ('F', 'V', 'O1b', 'O1b', 'O1b', 'O1b') [(0, 4), (0, 5), (1, 5), (2, 3), (2, 5), (3, 4), (3, 5), (4, 5)] slack 0 faces [(0, 4, 5), (2, 3, 5), (3, 4, 5)] twoF [] partners {1: 5}
ROW ('F', 'V', 'O1b', 'O1b', 'O1b', 'O1b') [(0, 2), (0, 4), (1, 2), (2, 4), (2, 5), (3, 4), (3, 5), (4, 5)] slack 0 faces [(0, 2, 4), (2, 4, 5), (3, 4, 5)] twoF [] partners {1: 2}
ROW ('F', 'V', 'O1b', 'O1b', 'O1b', 'O1b') [(0, 3), (0, 4), (1, 2), (2, 4), (2, 5), (3, 4), (3, 5), (4, 5)] slack 0 faces [(0, 3, 4), (2, 4, 5), (3, 4, 5)] twoF [] partners {1: 2}
ROW ('F', 'V', 'O1b', 'O1b', 'O1b', 'O1b') [(0, 2), (0, 5), (1, 2), (2, 4), (2, 5), (3, 4), (3, 5), (4, 5)] slack 0 faces [(0, 2, 5), (2, 4, 5), (3, 4, 5)] twoF [] partners {1: 2}
ROW ('F', 'V', 'O1b', 'O1b', 'O1b', 'O1b') [(0, 3), (0, 5), (1, 2), (2, 4), (2, 5), (3, 4), (3, 5), (4, 5)] slack 0 faces [(0, 3, 5), (2, 4, 5), (3, 4, 5)] twoF [] partners {1: 2}
ROW ('F', 'V', 'O1b', 'O1b', 'O1b', 'O1b') [(0, 2), (0, 4), (1, 3), (2, 4), (2, 5), (3, 4), (3, 5), (4, 5)] slack 0 faces [(0, 2, 4), (2, 4, 5), (3, 4, 5)] twoF [] partners {1: 3}
ROW ('F', 'V', 'O1b', 'O1b', 'O1b', 'O1b') [(0, 3), (0, 4), (1, 3), (2, 4), (2, 5), (3, 4), (3, 5), (4, 5)] slack 0 faces [(0, 3, 4), (2, 4, 5), (3, 4, 5)] twoF [] partners {1: 3}
ROW ('F', 'V', 'O1b', 'O1b', 'O1b', 'O1b') [(0, 2), (0, 5), (1, 3), (2, 4), (2, 5), (3, 4), (3, 5), (4, 5)] slack 0 faces [(0, 2, 5), (2, 4, 5), (3, 4, 5)] twoF [] partners {1: 3}
ROW ('F', 'V', 'O1b', 'O1b', 'O1b', 'O1b') [(0, 3), (0, 5), (1, 3), (2, 4), (2, 5), (3, 4), (3, 5), (4, 5)] slack 0 faces [(0, 3, 5), (2, 4, 5), (3, 4, 5)] twoF [] partners {1: 3}
ROW ('F', 'V', 'O1b', 'O1b', 'O1b', 'O1b') [(0, 2), (0, 4), (1, 2), (1, 3), (2, 4), (2, 5), (3, 4), (3, 5), (4, 5)] slack 0 faces [(0, 2, 4), (2, 4, 5), (3, 4, 5)] twoF [] partners {1: 2}
ROW ('F', 'V', 'O1b', 'O1b', 'O1b', 'O1b') [(0, 3), (0, 4), (1, 2), (1, 3), (2, 4), (2, 5), (3, 4), (3, 5), (4, 5)] slack 0 faces [(0, 3, 4), (2, 4, 5), (3, 4, 5)] twoF [] partners {1: 2}
ROW ('F', 'V', 'O1b', 'O1b', 'O1b', 'O1b') [(0, 2), (0, 5), (1, 2), (1, 3), (2, 4), (2, 5), (3, 4), (3, 5), (4, 5)] slack 0 faces [(0, 2, 5), (2, 4, 5), (3, 4, 5)] twoF [] partners {1: 2}
ROW ('F', 'V', 'O1b', 'O1b', 'O1b', 'O1b') [(0, 3), (0, 5), (1, 2), (1, 3), (2, 4), (2, 5), (3, 4), (3, 5), (4, 5)] slack 0 faces [(0, 3, 5), (2, 4, 5), (3, 4, 5)] twoF [] partners {1: 2}
ROW ('F', 'V', 'O1b', 'O1b', 'O1b', 'O1b') [(0, 2), (0, 4), (1, 4), (2, 4), (2, 5), (3, 4), (3, 5), (4, 5)] slack 0 faces [(0, 2, 4), (2, 4, 5), (3, 4, 5)] twoF [] partners {1: 4}
ROW ('F', 'V', 'O1b', 'O1b', 'O1b', 'O1b') [(0, 3), (0, 4), (1, 4), (2, 4), (2, 5), (3, 4), (3, 5), (4, 5)] slack 0 faces [(0, 3, 4), (2, 4, 5), (3, 4, 5)] twoF [] partners {1: 4}
ROW ('F', 'V', 'O1b', 'O1b', 'O1b', 'O1b') [(0, 2), (0, 5), (1, 4), (2, 4), (2, 5), (3, 4), (3, 5), (4, 5)] slack 0 faces [(0, 2, 5), (2, 4, 5), (3, 4, 5)] twoF [] partners {1: 4}
ROW ('F', 'V', 'O1b', 'O1b', 'O1b', 'O1b') [(0, 3), (0, 5), (1, 4), (2, 4), (2, 5), (3, 4), (3, 5), (4, 5)] slack 0 faces [(0, 3, 5), (2, 4, 5), (3, 4, 5)] twoF [] partners {1: 4}
ROW ('F', 'V', 'O1b', 'O1b', 'O1b', 'O1b') [(0, 2), (0, 4), (1, 5), (2, 4), (2, 5), (3, 4), (3, 5), (4, 5)] slack 0 faces [(0, 2, 4), (2, 4, 5), (3, 4, 5)] twoF [] partners {1: 5}
ROW ('F', 'V', 'O1b', 'O1b', 'O1b', 'O1b') [(0, 3), (0, 4), (1, 5), (2, 4), (2, 5), (3, 4), (3, 5), (4, 5)] slack 0 faces [(0, 3, 4), (2, 4, 5), (3, 4, 5)] twoF [] partners {1: 5}
ROW ('F', 'V', 'O1b', 'O1b', 'O1b', 'O1b') [(0, 2), (0, 5), (1, 5), (2, 4), (2, 5), (3, 4), (3, 5), (4, 5)] slack 0 faces [(0, 2, 5), (2, 4, 5), (3, 4, 5)] twoF [] partners {1: 5}
ROW ('F', 'V', 'O1b', 'O1b', 'O1b', 'O1b') [(0, 3), (0, 5), (1, 5), (2, 4), (2, 5), (3, 4), (3, 5), (4, 5)] slack 0 faces [(0, 3, 5), (2, 4, 5), (3, 4, 5)] twoF [] partners {1: 5}
ROW ('F', 'O1b', 'O1b', 'O1b', 'O1b', 'O1b') [(0, 2), (0, 4), (1, 2), (1, 3), (1, 4), (1, 5), (2, 4), (2, 5), (3, 4), (3, 5)] slack 0 faces [(0, 2, 4), (1, 2, 4), (1, 2, 5), (1, 3, 4), (1, 3, 5)] twoF [] partners {}
ROW ('F', 'O1b', 'O1b', 'O1b', 'O1b', 'O1b') [(0, 3), (0, 4), (1, 2), (1, 3), (1, 4), (1, 5), (2, 4), (2, 5), (3, 4), (3, 5)] slack 0 faces [(0, 3, 4), (1, 2, 4), (1, 2, 5), (1, 3, 4), (1, 3, 5)] twoF [] partners {}
ROW ('F', 'O1b', 'O1b', 'O1b', 'O1b', 'O1b') [(0, 2), (0, 5), (1, 2), (1, 3), (1, 4), (1, 5), (2, 4), (2, 5), (3, 4), (3, 5)] slack 0 faces [(0, 2, 5), (1, 2, 4), (1, 2, 5), (1, 3, 4), (1, 3, 5)] twoF [] partners {}
ROW ('F', 'O1b', 'O1b', 'O1b', 'O1b', 'O1b') [(0, 3), (0, 5), (1, 2), (1, 3), (1, 4), (1, 5), (2, 4), (2, 5), (3, 4), (3, 5)] slack 0 faces [(0, 3, 5), (1, 2, 4), (1, 2, 5), (1, 3, 4), (1, 3, 5)] twoF [] partners {}
ROW ('F', 'O1b', 'O1b', 'O1b', 'O1b', 'O1b') [(0, 1), (0, 4), (1, 2), (1, 4), (1, 5), (2, 3), (2, 4), (2, 5), (3, 4), (3, 5)] slack 0 faces [(0, 1, 4), (1, 2, 4), (1, 2, 5), (2, 3, 4), (2, 3, 5)] twoF [] partners {}
ROW ('F', 'O1b', 'O1b', 'O1b', 'O1b', 'O1b') [(0, 3), (0, 4), (1, 2), (1, 4), (1, 5), (2, 3), (2, 4), (2, 5), (3, 4), (3, 5)] slack 0 faces [(0, 3, 4), (1, 2, 4), (1, 2, 5), (2, 3, 4), (2, 3, 5)] twoF [] partners {}
ROW ('F', 'O1b', 'O1b', 'O1b', 'O1b', 'O1b') [(0, 1), (0, 5), (1, 2), (1, 4), (1, 5), (2, 3), (2, 4), (2, 5), (3, 4), (3, 5)] slack 0 faces [(0, 1, 5), (1, 2, 4), (1, 2, 5), (2, 3, 4), (2, 3, 5)] twoF [] partners {}
ROW ('F', 'O1b', 'O1b', 'O1b', 'O1b', 'O1b') [(0, 3), (0, 5), (1, 2), (1, 4), (1, 5), (2, 3), (2, 4), (2, 5), (3, 4), (3, 5)] slack 0 faces [(0, 3, 5), (1, 2, 4), (1, 2, 5), (2, 3, 4), (2, 3, 5)] twoF [] partners {}
ROW ('F', 'O1b', 'O1b', 'O1b', 'O1b', 'O1b') [(0, 1), (0, 4), (1, 3), (1, 4), (1, 5), (2, 3), (2, 4), (2, 5), (3, 4), (3, 5)] slack 0 faces [(0, 1, 4), (1, 3, 4), (1, 3, 5), (2, 3, 4), (2, 3, 5)] twoF [] partners {}
ROW ('F', 'O1b', 'O1b', 'O1b', 'O1b', 'O1b') [(0, 2), (0, 4), (1, 3), (1, 4), (1, 5), (2, 3), (2, 4), (2, 5), (3, 4), (3, 5)] slack 0 faces [(0, 2, 4), (1, 3, 4), (1, 3, 5), (2, 3, 4), (2, 3, 5)] twoF [] partners {}
ROW ('F', 'O1b', 'O1b', 'O1b', 'O1b', 'O1b') [(0, 1), (0, 5), (1, 3), (1, 4), (1, 5), (2, 3), (2, 4), (2, 5), (3, 4), (3, 5)] slack 0 faces [(0, 1, 5), (1, 3, 4), (1, 3, 5), (2, 3, 4), (2, 3, 5)] twoF [] partners {}
ROW ('F', 'O1b', 'O1b', 'O1b', 'O1b', 'O1b') [(0, 2), (0, 5), (1, 3), (1, 4), (1, 5), (2, 3), (2, 4), (2, 5), (3, 4), (3, 5)] slack 0 faces [(0, 2, 5), (1, 3, 4), (1, 3, 5), (2, 3, 4), (2, 3, 5)] twoF [] partners {}
ROW ('F', 'O1b', 'O1b', 'O1b', 'O1b', 'O1b') [(0, 2), (0, 3), (1, 2), (1, 3), (1, 4), (1, 5), (2, 3), (2, 5), (3, 4), (4, 5)] slack 0 faces [(0, 2, 3), (1, 2, 3), (1, 2, 5), (1, 3, 4), (1, 4, 5)] twoF [] partners {}
ROW ('F', 'O1b', 'O1b', 'O1b', 'O1b', 'O1b') [(0, 3), (0, 4), (1, 2), (1, 3), (1, 4), (1, 5), (2, 3), (2, 5), (3, 4), (4, 5)] slack 0 faces [(0, 3, 4), (1, 2, 3), (1, 2, 5), (1, 3, 4), (1, 4, 5)] twoF [] partners {}
ROW ('F', 'O1b', 'O1b', 'O1b', 'O1b', 'O1b') [(0, 2), (0, 5), (1, 2), (1, 3), (1, 4), (1, 5), (2, 3), (2, 5), (3, 4), (4, 5)] slack 0 faces [(0, 2, 5), (1, 2, 3), (1, 2, 5), (1, 3, 4), (1, 4, 5)] twoF [] partners {}
ROW ('F', 'O1b', 'O1b', 'O1b', 'O1b', 'O1b') [(0, 4), (0, 5), (1, 2), (1, 3), (1, 4), (1, 5), (2, 3), (2, 5), (3, 4), (4, 5)] slack 0 faces [(0, 4, 5), (1, 2, 3), (1, 2, 5), (1, 3, 4), (1, 4, 5)] twoF [] partners {}
ROW ('F', 'O1b', 'O1b', 'O1b', 'O1b', 'O1b') [(0, 1), (0, 3), (1, 2), (1, 3), (1, 5), (2, 3), (2, 4), (2, 5), (3, 4), (4, 5)] slack 0 faces [(0, 1, 3), (1, 2, 3), (1, 2, 5), (2, 3, 4), (2, 4, 5)] twoF [] partners {}
ROW ('F', 'O1b', 'O1b', 'O1b', 'O1b', 'O1b') [(0, 3), (0, 4), (1, 2), (1, 3), (1, 5), (2, 3), (2, 4), (2, 5), (3, 4), (4, 5)] slack 0 faces [(0, 3, 4), (1, 2, 3), (1, 2, 5), (2, 3, 4), (2, 4, 5)] twoF [] partners {}
ROW ('F', 'O1b', 'O1b', 'O1b', 'O1b', 'O1b') [(0, 1), (0, 5), (1, 2), (1, 3), (1, 5), (2, 3), (2, 4), (2, 5), (3, 4), (4, 5)] slack 0 faces [(0, 1, 5), (1, 2, 3), (1, 2, 5), (2, 3, 4), (2, 4, 5)] twoF [] partners {}
ROW ('F', 'O1b', 'O1b', 'O1b', 'O1b', 'O1b') [(0, 4), (0, 5), (1, 2), (1, 3), (1, 5), (2, 3), (2, 4), (2, 5), (3, 4), (4, 5)] slack 0 faces [(0, 4, 5), (1, 2, 3), (1, 2, 5), (2, 3, 4), (2, 4, 5)] twoF [] partners {}
ROW ('F', 'O1b', 'O1b', 'O1b', 'O1b', 'O1b') [(0, 1), (0, 3), (1, 3), (1, 4), (1, 5), (2, 3), (2, 4), (2, 5), (3, 4), (4, 5)] slack 0 faces [(0, 1, 3), (1, 3, 4), (1, 4, 5), (2, 3, 4), (2, 4, 5)] twoF [] partners {}
ROW ('F', 'O1b', 'O1b', 'O1b', 'O1b', 'O1b') [(0, 2), (0, 3), (1, 3), (1, 4), (1, 5), (2, 3), (2, 4), (2, 5), (3, 4), (4, 5)] slack 0 faces [(0, 2, 3), (1, 3, 4), (1, 4, 5), (2, 3, 4), (2, 4, 5)] twoF [] partners {}
ROW ('F', 'O1b', 'O1b', 'O1b', 'O1b', 'O1b') [(0, 1), (0, 5), (1, 3), (1, 4), (1, 5), (2, 3), (2, 4), (2, 5), (3, 4), (4, 5)] slack 0 faces [(0, 1, 5), (1, 3, 4), (1, 4, 5), (2, 3, 4), (2, 4, 5)] twoF [] partners {}
ROW ('F', 'O1b', 'O1b', 'O1b', 'O1b', 'O1b') [(0, 2), (0, 5), (1, 3), (1, 4), (1, 5), (2, 3), (2, 4), (2, 5), (3, 4), (4, 5)] slack 0 faces [(0, 2, 5), (1, 3, 4), (1, 4, 5), (2, 3, 4), (2, 4, 5)] twoF [] partners {}
ROW ('F', 'O1b', 'O1b', 'O1b', 'O1b', 'O1b') [(0, 2), (0, 3), (1, 2), (1, 3), (1, 4), (1, 5), (2, 3), (2, 4), (3, 5), (4, 5)] slack 0 faces [(0, 2, 3), (1, 2, 3), (1, 2, 4), (1, 3, 5), (1, 4, 5)] twoF [] partners {}
ROW ('F', 'O1b', 'O1b', 'O1b', 'O1b', 'O1b') [(0, 2), (0, 4), (1, 2), (1, 3), (1, 4), (1, 5), (2, 3), (2, 4), (3, 5), (4, 5)] slack 0 faces [(0, 2, 4), (1, 2, 3), (1, 2, 4), (1, 3, 5), (1, 4, 5)] twoF [] partners {}
ROW ('F', 'O1b', 'O1b', 'O1b', 'O1b', 'O1b') [(0, 3), (0, 5), (1, 2), (1, 3), (1, 4), (1, 5), (2, 3), (2, 4), (3, 5), (4, 5)] slack 0 faces [(0, 3, 5), (1, 2, 3), (1, 2, 4), (1, 3, 5), (1, 4, 5)] twoF [] partners {}
ROW ('F', 'O1b', 'O1b', 'O1b', 'O1b', 'O1b') [(0, 4), (0, 5), (1, 2), (1, 3), (1, 4), (1, 5), (2, 3), (2, 4), (3, 5), (4, 5)] slack 0 faces [(0, 4, 5), (1, 2, 3), (1, 2, 4), (1, 3, 5), (1, 4, 5)] twoF [] partners {}
ROW ('F', 'O1b', 'O1b', 'O1b', 'O1b', 'O1b') [(0, 1), (0, 3), (1, 2), (1, 3), (1, 4), (2, 3), (2, 4), (2, 5), (3, 5), (4, 5)] slack 0 faces [(0, 1, 3), (1, 2, 3), (1, 2, 4), (2, 3, 5), (2, 4, 5)] twoF [] partners {}
ROW ('F', 'O1b', 'O1b', 'O1b', 'O1b', 'O1b') [(0, 1), (0, 4), (1, 2), (1, 3), (1, 4), (2, 3), (2, 4), (2, 5), (3, 5), (4, 5)] slack 0 faces [(0, 1, 4), (1, 2, 3), (1, 2, 4), (2, 3, 5), (2, 4, 5)] twoF [] partners {}
ROW ('F', 'O1b', 'O1b', 'O1b', 'O1b', 'O1b') [(0, 3), (0, 5), (1, 2), (1, 3), (1, 4), (2, 3), (2, 4), (2, 5), (3, 5), (4, 5)] slack 0 faces [(0, 3, 5), (1, 2, 3), (1, 2, 4), (2, 3, 5), (2, 4, 5)] twoF [] partners {}
ROW ('F', 'O1b', 'O1b', 'O1b', 'O1b', 'O1b') [(0, 4), (0, 5), (1, 2), (1, 3), (1, 4), (2, 3), (2, 4), (2, 5), (3, 5), (4, 5)] slack 0 faces [(0, 4, 5), (1, 2, 3), (1, 2, 4), (2, 3, 5), (2, 4, 5)] twoF [] partners {}
ROW ('F', 'O1b', 'O1b', 'O1b', 'O1b', 'O1b') [(0, 1), (0, 3), (1, 3), (1, 4), (1, 5), (2, 3), (2, 4), (2, 5), (3, 5), (4, 5)] slack 0 faces [(0, 1, 3), (1, 3, 5), (1, 4, 5), (2, 3, 5), (2, 4, 5)] twoF [] partners {}
ROW ('F', 'O1b', 'O1b', 'O1b', 'O1b', 'O1b') [(0, 2), (0, 3), (1, 3), (1, 4), (1, 5), (2, 3), (2, 4), (2, 5), (3, 5), (4, 5)] slack 0 faces [(0, 2, 3), (1, 3, 5), (1, 4, 5), (2, 3, 5), (2, 4, 5)] twoF [] partners {}
ROW ('F', 'O1b', 'O1b', 'O1b', 'O1b', 'O1b') [(0, 1), (0, 4), (1, 3), (1, 4), (1, 5), (2, 3), (2, 4), (2, 5), (3, 5), (4, 5)] slack 0 faces [(0, 1, 4), (1, 3, 5), (1, 4, 5), (2, 3, 5), (2, 4, 5)] twoF [] partners {}
ROW ('F', 'O1b', 'O1b', 'O1b', 'O1b', 'O1b') [(0, 2), (0, 4), (1, 3), (1, 4), (1, 5), (2, 3), (2, 4), (2, 5), (3, 5), (4, 5)] slack 0 faces [(0, 2, 4), (1, 3, 5), (1, 4, 5), (2, 3, 5), (2, 4, 5)] twoF [] partners {}
ROW ('F', 'O1b', 'O1b', 'O1b', 'O1b', 'O1b') [(0, 1), (0, 2), (1, 2), (1, 3), (1, 5), (2, 3), (2, 4), (3, 4), (3, 5), (4, 5)] slack 0 faces [(0, 1, 2), (1, 2, 3), (1, 3, 5), (2, 3, 4), (3, 4, 5)] twoF [] partners {}
ROW ('F', 'O1b', 'O1b', 'O1b', 'O1b', 'O1b') [(0, 2), (0, 4), (1, 2), (1, 3), (1, 5), (2, 3), (2, 4), (3, 4), (3, 5), (4, 5)] slack 0 faces [(0, 2, 4), (1, 2, 3), (1, 3, 5), (2, 3, 4), (3, 4, 5)] twoF [] partners {}
ROW ('F', 'O1b', 'O1b', 'O1b', 'O1b', 'O1b') [(0, 1), (0, 5), (1, 2), (1, 3), (1, 5), (2, 3), (2, 4), (3, 4), (3, 5), (4, 5)] slack 0 faces [(0, 1, 5), (1, 2, 3), (1, 3, 5), (2, 3, 4), (3, 4, 5)] twoF [] partners {}
ROW ('F', 'O1b', 'O1b', 'O1b', 'O1b', 'O1b') [(0, 4), (0, 5), (1, 2), (1, 3), (1, 5), (2, 3), (2, 4), (3, 4), (3, 5), (4, 5)] slack 0 faces [(0, 4, 5), (1, 2, 3), (1, 3, 5), (2, 3, 4), (3, 4, 5)] twoF [] partners {}
ROW ('F', 'O1b', 'O1b', 'O1b', 'O1b', 'O1b') [(0, 1), (0, 2), (1, 2), (1, 4), (1, 5), (2, 3), (2, 4), (3, 4), (3, 5), (4, 5)] slack 0 faces [(0, 1, 2), (1, 2, 4), (1, 4, 5), (2, 3, 4), (3, 4, 5)] twoF [] partners {}
ROW ('F', 'O1b', 'O1b', 'O1b', 'O1b', 'O1b') [(0, 2), (0, 3), (1, 2), (1, 4), (1, 5), (2, 3), (2, 4), (3, 4), (3, 5), (4, 5)] slack 0 faces [(0, 2, 3), (1, 2, 4), (1, 4, 5), (2, 3, 4), (3, 4, 5)] twoF [] partners {}
ROW ('F', 'O1b', 'O1b', 'O1b', 'O1b', 'O1b') [(0, 1), (0, 5), (1, 2), (1, 4), (1, 5), (2, 3), (2, 4), (3, 4), (3, 5), (4, 5)] slack 0 faces [(0, 1, 5), (1, 2, 4), (1, 4, 5), (2, 3, 4), (3, 4, 5)] twoF [] partners {}
ROW ('F', 'O1b', 'O1b', 'O1b', 'O1b', 'O1b') [(0, 3), (0, 5), (1, 2), (1, 4), (1, 5), (2, 3), (2, 4), (3, 4), (3, 5), (4, 5)] slack 0 faces [(0, 3, 5), (1, 2, 4), (1, 4, 5), (2, 3, 4), (3, 4, 5)] twoF [] partners {}
ROW ('F', 'O1b', 'O1b', 'O1b', 'O1b', 'O1b') [(0, 1), (0, 2), (1, 2), (1, 3), (1, 4), (2, 3), (2, 5), (3, 4), (3, 5), (4, 5)] slack 0 faces [(0, 1, 2), (1, 2, 3), (1, 3, 4), (2, 3, 5), (3, 4, 5)] twoF [] partners {}
ROW ('F', 'O1b', 'O1b', 'O1b', 'O1b', 'O1b') [(0, 1), (0, 4), (1, 2), (1, 3), (1, 4), (2, 3), (2, 5), (3, 4), (3, 5), (4, 5)] slack 0 faces [(0, 1, 4), (1, 2, 3), (1, 3, 4), (2, 3, 5), (3, 4, 5)] twoF [] partners {}
ROW ('F', 'O1b', 'O1b', 'O1b', 'O1b', 'O1b') [(0, 2), (0, 5), (1, 2), (1, 3), (1, 4), (2, 3), (2, 5), (3, 4), (3, 5), (4, 5)] slack 0 faces [(0, 2, 5), (1, 2, 3), (1, 3, 4), (2, 3, 5), (3, 4, 5)] twoF [] partners {}
ROW ('F', 'O1b', 'O1b', 'O1b', 'O1b', 'O1b') [(0, 4), (0, 5), (1, 2), (1, 3), (1, 4), (2, 3), (2, 5), (3, 4), (3, 5), (4, 5)] slack 0 faces [(0, 4, 5), (1, 2, 3), (1, 3, 4), (2, 3, 5), (3, 4, 5)] twoF [] partners {}
ROW ('F', 'O1b', 'O1b', 'O1b', 'O1b', 'O1b') [(0, 1), (0, 2), (1, 2), (1, 4), (1, 5), (2, 3), (2, 5), (3, 4), (3, 5), (4, 5)] slack 0 faces [(0, 1, 2), (1, 2, 5), (1, 4, 5), (2, 3, 5), (3, 4, 5)] twoF [] partners {}
ROW ('F', 'O1b', 'O1b', 'O1b', 'O1b', 'O1b') [(0, 2), (0, 3), (1, 2), (1, 4), (1, 5), (2, 3), (2, 5), (3, 4), (3, 5), (4, 5)] slack 0 faces [(0, 2, 3), (1, 2, 5), (1, 4, 5), (2, 3, 5), (3, 4, 5)] twoF [] partners {}
ROW ('F', 'O1b', 'O1b', 'O1b', 'O1b', 'O1b') [(0, 1), (0, 4), (1, 2), (1, 4), (1, 5), (2, 3), (2, 5), (3, 4), (3, 5), (4, 5)] slack 0 faces [(0, 1, 4), (1, 2, 5), (1, 4, 5), (2, 3, 5), (3, 4, 5)] twoF [] partners {}
ROW ('F', 'O1b', 'O1b', 'O1b', 'O1b', 'O1b') [(0, 3), (0, 4), (1, 2), (1, 4), (1, 5), (2, 3), (2, 5), (3, 4), (3, 5), (4, 5)] slack 0 faces [(0, 3, 4), (1, 2, 5), (1, 4, 5), (2, 3, 5), (3, 4, 5)] twoF [] partners {}
ROW ('F', 'O1b', 'O1b', 'O1b', 'O1b', 'O1b') [(0, 1), (0, 2), (1, 2), (1, 3), (1, 4), (2, 4), (2, 5), (3, 4), (3, 5), (4, 5)] slack 0 faces [(0, 1, 2), (1, 2, 4), (1, 3, 4), (2, 4, 5), (3, 4, 5)] twoF [] partners {}
ROW ('F', 'O1b', 'O1b', 'O1b', 'O1b', 'O1b') [(0, 1), (0, 3), (1, 2), (1, 3), (1, 4), (2, 4), (2, 5), (3, 4), (3, 5), (4, 5)] slack 0 faces [(0, 1, 3), (1, 2, 4), (1, 3, 4), (2, 4, 5), (3, 4, 5)] twoF [] partners {}
ROW ('F', 'O1b', 'O1b', 'O1b', 'O1b', 'O1b') [(0, 2), (0, 5), (1, 2), (1, 3), (1, 4), (2, 4), (2, 5), (3, 4), (3, 5), (4, 5)] slack 0 faces [(0, 2, 5), (1, 2, 4), (1, 3, 4), (2, 4, 5), (3, 4, 5)] twoF [] partners {}
ROW ('F', 'O1b', 'O1b', 'O1b', 'O1b', 'O1b') [(0, 3), (0, 5), (1, 2), (1, 3), (1, 4), (2, 4), (2, 5), (3, 4), (3, 5), (4, 5)] slack 0 faces [(0, 3, 5), (1, 2, 4), (1, 3, 4), (2, 4, 5), (3, 4, 5)] twoF [] partners {}
ROW ('F', 'O1b', 'O1b', 'O1b', 'O1b', 'O1b') [(0, 1), (0, 2), (1, 2), (1, 3), (1, 5), (2, 4), (2, 5), (3, 4), (3, 5), (4, 5)] slack 0 faces [(0, 1, 2), (1, 2, 5), (1, 3, 5), (2, 4, 5), (3, 4, 5)] twoF [] partners {}
ROW ('F', 'O1b', 'O1b', 'O1b', 'O1b', 'O1b') [(0, 1), (0, 3), (1, 2), (1, 3), (1, 5), (2, 4), (2, 5), (3, 4), (3, 5), (4, 5)] slack 0 faces [(0, 1, 3), (1, 2, 5), (1, 3, 5), (2, 4, 5), (3, 4, 5)] twoF [] partners {}
ROW ('F', 'O1b', 'O1b', 'O1b', 'O1b', 'O1b') [(0, 2), (0, 4), (1, 2), (1, 3), (1, 5), (2, 4), (2, 5), (3, 4), (3, 5), (4, 5)] slack 0 faces [(0, 2, 4), (1, 2, 5), (1, 3, 5), (2, 4, 5), (3, 4, 5)] twoF [] partners {}
ROW ('F', 'O1b', 'O1b', 'O1b', 'O1b', 'O1b') [(0, 3), (0, 4), (1, 2), (1, 3), (1, 5), (2, 4), (2, 5), (3, 4), (3, 5), (4, 5)] slack 0 faces [(0, 3, 4), (1, 2, 5), (1, 3, 5), (2, 4, 5), (3, 4, 5)] twoF [] partners {}
ROW ('V', 'V', 'V', 'O1', 'O1', 'O1') [(0, 5), (1, 4), (2, 3)] slack 0 faces [] twoF [] partners {0: 5, 1: 4, 2: 3}
ROW ('V', 'V', 'V', 'O1', 'O1', 'O1') [(0, 4), (1, 5), (2, 3)] slack 0 faces [] twoF [] partners {0: 4, 1: 5, 2: 3}
ROW ('V', 'V', 'V', 'O1', 'O1', 'O1') [(0, 5), (1, 3), (2, 4)] slack 0 faces [] twoF [] partners {0: 5, 1: 3, 2: 4}
ROW ('V', 'V', 'V', 'O1', 'O1', 'O1') [(0, 3), (1, 5), (2, 4)] slack 0 faces [] twoF [] partners {0: 3, 1: 5, 2: 4}
ROW ('V', 'V', 'V', 'O1', 'O1', 'O1') [(0, 4), (1, 3), (2, 5)] slack 0 faces [] twoF [] partners {0: 4, 1: 3, 2: 5}
ROW ('V', 'V', 'V', 'O1', 'O1', 'O1') [(0, 3), (1, 4), (2, 5)] slack 0 faces [] twoF [] partners {0: 3, 1: 4, 2: 5}
ROW ('V', 'V', 'V', 'O1b', 'O1b', 'O1b') [(0, 4), (0, 5), (1, 4), (1, 5), (2, 3), (3, 4), (3, 5)] slack 0 faces [] twoF [] partners {0: 4, 1: 5, 2: 3}
ROW ('V', 'V', 'V', 'O1b', 'O1b', 'O1b') [(0, 4), (0, 5), (1, 3), (2, 4), (2, 5), (3, 4), (3, 5)] slack 0 faces [] twoF [] partners {0: 4, 1: 3, 2: 5}
ROW ('V', 'V', 'V', 'O1b', 'O1b', 'O1b') [(0, 3), (1, 4), (1, 5), (2, 4), (2, 5), (3, 4), (3, 5)] slack 0 faces [] twoF [] partners {0: 3, 1: 4, 2: 5}
ROW ('V', 'V', 'V', 'O1b', 'O1b', 'O1b') [(0, 3), (0, 5), (1, 3), (1, 5), (2, 4), (3, 4), (4, 5)] slack 0 faces [] twoF [] partners {0: 3, 1: 5, 2: 4}
ROW ('V', 'V', 'V', 'O1b', 'O1b', 'O1b') [(0, 3), (0, 5), (1, 4), (2, 3), (2, 5), (3, 4), (4, 5)] slack 0 faces [] twoF [] partners {0: 3, 1: 4, 2: 5}
ROW ('V', 'V', 'V', 'O1b', 'O1b', 'O1b') [(0, 4), (1, 3), (1, 5), (2, 3), (2, 5), (3, 4), (4, 5)] slack 0 faces [] twoF [] partners {0: 4, 1: 3, 2: 5}
ROW ('V', 'V', 'V', 'O1b', 'O1b', 'O1b') [(0, 5), (1, 3), (1, 4), (2, 3), (2, 4), (3, 5), (4, 5)] slack 0 faces [] twoF [] partners {0: 5, 1: 3, 2: 4}
ROW ('V', 'V', 'V', 'O1b', 'O1b', 'O1b') [(0, 3), (0, 4), (1, 5), (2, 3), (2, 4), (3, 5), (4, 5)] slack 0 faces [] twoF [] partners {0: 3, 1: 5, 2: 4}
ROW ('V', 'V', 'V', 'O1b', 'O1b', 'O1b') [(0, 3), (0, 4), (1, 3), (1, 4), (2, 5), (3, 5), (4, 5)] slack 0 faces [] twoF [] partners {0: 3, 1: 4, 2: 5}
ROW ('V', 'V', 'V', 'O1b', 'O1b', 'O1b') [(0, 5), (1, 4), (2, 3), (3, 4), (3, 5), (4, 5)] slack 0 faces [(3, 4, 5)] twoF [] partners {0: 5, 1: 4, 2: 3}
ROW ('V', 'V', 'V', 'O1b', 'O1b', 'O1b') [(0, 4), (1, 5), (2, 3), (3, 4), (3, 5), (4, 5)] slack 0 faces [(3, 4, 5)] twoF [] partners {0: 4, 1: 5, 2: 3}
ROW ('V', 'V', 'V', 'O1b', 'O1b', 'O1b') [(0, 5), (1, 3), (2, 4), (3, 4), (3, 5), (4, 5)] slack 0 faces [(3, 4, 5)] twoF [] partners {0: 5, 1: 3, 2: 4}
ROW ('V', 'V', 'V', 'O1b', 'O1b', 'O1b') [(0, 3), (1, 5), (2, 4), (3, 4), (3, 5), (4, 5)] slack 0 faces [(3, 4, 5)] twoF [] partners {0: 3, 1: 5, 2: 4}
ROW ('V', 'V', 'V', 'O1b', 'O1b', 'O1b') [(0, 4), (1, 3), (2, 5), (3, 4), (3, 5), (4, 5)] slack 0 faces [(3, 4, 5)] twoF [] partners {0: 4, 1: 3, 2: 5}
ROW ('V', 'V', 'V', 'O1b', 'O1b', 'O1b') [(0, 3), (1, 4), (2, 5), (3, 4), (3, 5), (4, 5)] slack 0 faces [(3, 4, 5)] twoF [] partners {0: 3, 1: 4, 2: 5}
ROW ('V', 'V', 'O1b', 'O1b', 'O1b', 'O1b') [(0, 4), (0, 5), (1, 4), (1, 5), (2, 3), (2, 4), (2, 5), (3, 4), (3, 5)] slack 0 faces [(2, 3, 4), (2, 3, 5)] twoF [] partners {0: 4, 1: 5}
ROW ('V', 'V', 'O1b', 'O1b', 'O1b', 'O1b') [(0, 3), (0, 5), (1, 3), (1, 5), (2, 3), (2, 4), (2, 5), (3, 4), (4, 5)] slack 0 faces [(2, 3, 4), (2, 4, 5)] twoF [] partners {0: 3, 1: 5}
ROW ('V', 'V', 'O1b', 'O1b', 'O1b', 'O1b') [(0, 3), (0, 4), (1, 3), (1, 4), (2, 3), (2, 4), (2, 5), (3, 5), (4, 5)] slack 0 faces [(2, 3, 5), (2, 4, 5)] twoF [] partners {0: 3, 1: 4}
ROW ('V', 'V', 'O1b', 'O1b', 'O1b', 'O1b') [(0, 2), (0, 5), (1, 2), (1, 5), (2, 3), (2, 4), (3, 4), (3, 5), (4, 5)] slack 0 faces [(2, 3, 4), (3, 4, 5)] twoF [] partners {0: 2, 1: 5}
ROW ('V', 'V', 'O1b', 'O1b', 'O1b', 'O1b') [(0, 2), (0, 4), (1, 2), (1, 4), (2, 3), (2, 5), (3, 4), (3, 5), (4, 5)] slack 0 faces [(2, 3, 5), (3, 4, 5)] twoF [] partners {0: 2, 1: 4}
ROW ('V', 'V', 'O1b', 'O1b', 'O1b', 'O1b') [(0, 2), (0, 3), (1, 2), (1, 3), (2, 4), (2, 5), (3, 4), (3, 5), (4, 5)] slack 0 faces [(2, 4, 5), (3, 4, 5)] twoF [] partners {0: 2, 1: 3}
ROW ('O1b', 'O1b', 'O1b', 'O1b', 'O1b', 'O1b') [(0, 2), (0, 3), (0, 4), (0, 5), (1, 2), (1, 3), (1, 4), (1, 5), (2, 4), (2, 5), (3, 4), (3, 5)] slack 0 faces [(0, 2, 4), (0, 2, 5), (0, 3, 4), (0, 3, 5), (1, 2, 4), (1, 2, 5), (1, 3, 4), (1, 3, 5)] twoF [] partners {}
ROW ('O1b', 'O1b', 'O1b', 'O1b', 'O1b', 'O1b') [(0, 1), (0, 3), (0, 4), (0, 5), (1, 2), (1, 4), (1, 5), (2, 3), (2, 4), (2, 5), (3, 4), (3, 5)] slack 0 faces [(0, 1, 4), (0, 1, 5), (0, 3, 4), (0, 3, 5), (1, 2, 4), (1, 2, 5), (2, 3, 4), (2, 3, 5)] twoF [] partners {}
ROW ('O1b', 'O1b', 'O1b', 'O1b', 'O1b', 'O1b') [(0, 1), (0, 2), (0, 4), (0, 5), (1, 3), (1, 4), (1, 5), (2, 3), (2, 4), (2, 5), (3, 4), (3, 5)] slack 0 faces [(0, 1, 4), (0, 1, 5), (0, 2, 4), (0, 2, 5), (1, 3, 4), (1, 3, 5), (2, 3, 4), (2, 3, 5)] twoF [] partners {}
ROW ('O1b', 'O1b', 'O1b', 'O1b', 'O1b', 'O1b') [(0, 2), (0, 3), (0, 4), (0, 5), (1, 2), (1, 3), (1, 4), (1, 5), (2, 3), (2, 5), (3, 4), (4, 5)] slack 0 faces [(0, 2, 3), (0, 2, 5), (0, 3, 4), (0, 4, 5), (1, 2, 3), (1, 2, 5), (1, 3, 4), (1, 4, 5)] twoF [] partners {}
ROW ('O1b', 'O1b', 'O1b', 'O1b', 'O1b', 'O1b') [(0, 1), (0, 3), (0, 4), (0, 5), (1, 2), (1, 3), (1, 5), (2, 3), (2, 4), (2, 5), (3, 4), (4, 5)] slack 0 faces [(0, 1, 3), (0, 1, 5), (0, 3, 4), (0, 4, 5), (1, 2, 3), (1, 2, 5), (2, 3, 4), (2, 4, 5)] twoF [] partners {}
ROW ('O1b', 'O1b', 'O1b', 'O1b', 'O1b', 'O1b') [(0, 1), (0, 2), (0, 3), (0, 5), (1, 3), (1, 4), (1, 5), (2, 3), (2, 4), (2, 5), (3, 4), (4, 5)] slack 0 faces [(0, 1, 3), (0, 1, 5), (0, 2, 3), (0, 2, 5), (1, 3, 4), (1, 4, 5), (2, 3, 4), (2, 4, 5)] twoF [] partners {}
ROW ('O1b', 'O1b', 'O1b', 'O1b', 'O1b', 'O1b') [(0, 2), (0, 3), (0, 4), (0, 5), (1, 2), (1, 3), (1, 4), (1, 5), (2, 3), (2, 4), (3, 5), (4, 5)] slack 0 faces [(0, 2, 3), (0, 2, 4), (0, 3, 5), (0, 4, 5), (1, 2, 3), (1, 2, 4), (1, 3, 5), (1, 4, 5)] twoF [] partners {}
ROW ('O1b', 'O1b', 'O1b', 'O1b', 'O1b', 'O1b') [(0, 1), (0, 3), (0, 4), (0, 5), (1, 2), (1, 3), (1, 4), (2, 3), (2, 4), (2, 5), (3, 5), (4, 5)] slack 0 faces [(0, 1, 3), (0, 1, 4), (0, 3, 5), (0, 4, 5), (1, 2, 3), (1, 2, 4), (2, 3, 5), (2, 4, 5)] twoF [] partners {}
ROW ('O1b', 'O1b', 'O1b', 'O1b', 'O1b', 'O1b') [(0, 1), (0, 2), (0, 3), (0, 4), (1, 3), (1, 4), (1, 5), (2, 3), (2, 4), (2, 5), (3, 5), (4, 5)] slack 0 faces [(0, 1, 3), (0, 1, 4), (0, 2, 3), (0, 2, 4), (1, 3, 5), (1, 4, 5), (2, 3, 5), (2, 4, 5)] twoF [] partners {}
ROW ('O1b', 'O1b', 'O1b', 'O1b', 'O1b', 'O1b') [(0, 1), (0, 2), (0, 4), (0, 5), (1, 2), (1, 3), (1, 5), (2, 3), (2, 4), (3, 4), (3, 5), (4, 5)] slack 0 faces [(0, 1, 2), (0, 1, 5), (0, 2, 4), (0, 4, 5), (1, 2, 3), (1, 3, 5), (2, 3, 4), (3, 4, 5)] twoF [] partners {}
ROW ('O1b', 'O1b', 'O1b', 'O1b', 'O1b', 'O1b') [(0, 1), (0, 2), (0, 3), (0, 5), (1, 2), (1, 4), (1, 5), (2, 3), (2, 4), (3, 4), (3, 5), (4, 5)] slack 0 faces [(0, 1, 2), (0, 1, 5), (0, 2, 3), (0, 3, 5), (1, 2, 4), (1, 4, 5), (2, 3, 4), (3, 4, 5)] twoF [] partners {}
ROW ('O1b', 'O1b', 'O1b', 'O1b', 'O1b', 'O1b') [(0, 1), (0, 2), (0, 4), (0, 5), (1, 2), (1, 3), (1, 4), (2, 3), (2, 5), (3, 4), (3, 5), (4, 5)] slack 0 faces [(0, 1, 2), (0, 1, 4), (0, 2, 5), (0, 4, 5), (1, 2, 3), (1, 3, 4), (2, 3, 5), (3, 4, 5)] twoF [] partners {}
ROW ('O1b', 'O1b', 'O1b', 'O1b', 'O1b', 'O1b') [(0, 1), (0, 2), (0, 3), (0, 4), (1, 2), (1, 4), (1, 5), (2, 3), (2, 5), (3, 4), (3, 5), (4, 5)] slack 0 faces [(0, 1, 2), (0, 1, 4), (0, 2, 3), (0, 3, 4), (1, 2, 5), (1, 4, 5), (2, 3, 5), (3, 4, 5)] twoF [] partners {}
ROW ('O1b', 'O1b', 'O1b', 'O1b', 'O1b', 'O1b') [(0, 1), (0, 2), (0, 3), (0, 5), (1, 2), (1, 3), (1, 4), (2, 4), (2, 5), (3, 4), (3, 5), (4, 5)] slack 0 faces [(0, 1, 2), (0, 1, 3), (0, 2, 5), (0, 3, 5), (1, 2, 4), (1, 3, 4), (2, 4, 5), (3, 4, 5)] twoF [] partners {}
ROW ('O1b', 'O1b', 'O1b', 'O1b', 'O1b', 'O1b') [(0, 1), (0, 2), (0, 3), (0, 4), (1, 2), (1, 3), (1, 5), (2, 4), (2, 5), (3, 4), (3, 5), (4, 5)] slack 0 faces [(0, 1, 2), (0, 1, 3), (0, 2, 4), (0, 3, 4), (1, 2, 5), (1, 3, 5), (2, 4, 5), (3, 4, 5)] twoF [] partners {}
